id,english,portuguese,category,status,voice,model,audioUrl,dataset,priority
"0001","Don't forget to dry the cup.","Não se esqueça de secar a xícara.","Casa: limpeza e organização","elevenlabs","Chris","eleven_multilingual_v2","/audio/elevenlabs/0001.mp3","public/data/sentences.json","Revisar apenas se houver um problema"
"0002","He forgot to dry the cup.","Ele se esqueceu de secar a xícara.","Casa: limpeza e organização","elevenlabs","Chris","eleven_multilingual_v2","/audio/elevenlabs/0002.mp3","public/data/sentences.json","Revisar apenas se houver um problema"
"0003","The dishes are still wet.","A louça ainda está molhada.","Casa: limpeza e organização","elevenlabs","Chris","eleven_multilingual_v2","/audio/elevenlabs/0003.mp3","public/data/sentences.json","Revisar apenas se houver um problema"
"0004","I'll do the dishes tonight.","Hoje à noite eu lavo a louça.","Casa: limpeza e organização","elevenlabs","Chris","eleven_multilingual_v2","/audio/elevenlabs/0004.mp3","public/data/sentences.json","Revisar apenas se houver um problema"
"0005","Could you rinse this off?","Você pode enxaguar isto?","Casa: limpeza e organização","elevenlabs","Chris","eleven_multilingual_v2","/audio/elevenlabs/0005.mp3","public/data/sentences.json","Revisar apenas se houver um problema"
"0006","Let it soak for a while.","Deixe de molho um pouco.","Casa: limpeza e organização","elevenlabs","Chris","eleven_multilingual_v2","/audio/elevenlabs/0006.mp3","public/data/sentences.json","Revisar apenas se houver um problema"
"0007","Put the dishes away.","Guarde a louça.","Casa: limpeza e organização","elevenlabs","Chris","eleven_multilingual_v2","/audio/elevenlabs/0007.mp3","public/data/sentences.json","Revisar apenas se houver um problema"
"0008","The sink is full of dishes.","A pia está cheia de louça.","Casa: limpeza e organização","elevenlabs","Chris","eleven_multilingual_v2","/audio/elevenlabs/0008.mp3","public/data/sentences.json","Revisar apenas se houver um problema"
"0009","I already loaded the dishwasher.","Já coloquei a louça na lava-louças.","Casa: limpeza e organização","elevenlabs","Chris","eleven_multilingual_v2","/audio/elevenlabs/0009.mp3","public/data/sentences.json","Revisar apenas se houver um problema"
"0010","Whose turn is it to wash up?","De quem é a vez de lavar a louça?","Casa: limpeza e organização","elevenlabs","Chris","eleven_multilingual_v2","/audio/elevenlabs/0010.mp3","public/data/sentences.json","Revisar apenas se houver um problema"
"0011","Let's tidy up a bit.","Vamos dar uma arrumada.","Casa: limpeza e organização","elevenlabs","Chris","eleven_multilingual_v2","/audio/elevenlabs/0011.mp3","public/data/sentences.json","Revisar apenas se houver um problema"
"0012","This place is a mess.","Este lugar está uma bagunça.","Casa: limpeza e organização","elevenlabs","Chris","eleven_multilingual_v2","/audio/elevenlabs/0012.mp3","public/data/sentences.json","Revisar apenas se houver um problema"
"0013","I need to clean the bathroom.","Preciso limpar o banheiro.","Casa: limpeza e organização","browser","","","","public/data/sentences.json","Gerar primeiro"
"0014","Could you wipe the counter?","Você pode passar um pano na bancada?","Casa: limpeza e organização","browser","","","","public/data/sentences.json","Gerar primeiro"
"0015","I'll sweep the floor.","Vou varrer o chão.","Casa: limpeza e organização","browser","","","","public/data/sentences.json","Gerar primeiro"
"0016","The floor needs mopping.","O chão precisa de um pano.","Casa: limpeza e organização","browser","","","","public/data/sentences.json","Gerar primeiro"
"0017","We should vacuum the rug.","A gente deveria aspirar o tapete.","Casa: limpeza e organização","browser","","","","public/data/sentences.json","Gerar primeiro"
"0018","There's dust everywhere.","Tem poeira por toda parte.","Casa: limpeza e organização","browser","","","","public/data/sentences.json","Gerar primeiro"
"0019","Don't leave your stuff lying around.","Não deixe suas coisas espalhadas.","Casa: limpeza e organização","browser","","","","public/data/sentences.json","Gerar primeiro"
"0020","Everything is back in place.","Está tudo de volta no lugar.","Casa: limpeza e organização","browser","","","","public/data/sentences.json","Gerar primeiro"
"0021","I'm doing a load of laundry.","Estou lavando uma leva de roupa.","Casa: limpeza e organização","browser","","","","public/data/sentences.json","Gerar primeiro"
"0022","Separate the whites from the colors.","Separe as roupas brancas das coloridas.","Casa: limpeza e organização","browser","","","","public/data/sentences.json","Gerar primeiro"
"0023","This shirt needs washing.","Esta camisa precisa ser lavada.","Casa: limpeza e organização","browser","","","","public/data/sentences.json","Gerar primeiro"
"0024","We're out of laundry detergent.","O sabão para roupas acabou.","Casa: limpeza e organização","browser","","","","public/data/sentences.json","Gerar primeiro"
"0025","Hang these up to dry.","Pendure estas peças para secar.","Casa: limpeza e organização","browser","","","","public/data/sentences.json","Gerar primeiro"
"0026","The laundry is still damp.","A roupa ainda está úmida.","Casa: limpeza e organização","browser","","","","public/data/sentences.json","Gerar primeiro"
"0027","Could you fold these towels?","Você pode dobrar estas toalhas?","Casa: limpeza e organização","browser","","","","public/data/sentences.json","Gerar primeiro"
"0028","Don't put that in the dryer.","Não coloque isso na secadora.","Casa: limpeza e organização","browser","","","","public/data/sentences.json","Gerar primeiro"
"0029","I shrank my favorite shirt.","Encolhi minha camisa favorita.","Casa: limpeza e organização","browser","","","","public/data/sentences.json","Gerar primeiro"
"0030","There's a stain on your sleeve.","Tem uma mancha na sua manga.","Casa: limpeza e organização","browser","","","","public/data/sentences.json","Gerar primeiro"
"0031","Take out the trash, please.","Leve o lixo para fora, por favor.","Casa: limpeza e organização","browser","","","","public/data/sentences.json","Gerar primeiro"
"0032","The trash bag is leaking.","O saco de lixo está vazando.","Casa: limpeza e organização","browser","","","","public/data/sentences.json","Gerar primeiro"
"0033","We need a new trash bag.","Precisamos de um saco de lixo novo.","Casa: limpeza e organização","browser","","","","public/data/sentences.json","Gerar primeiro"
"0034","Is this recyclable?","Isto é reciclável?","Casa: limpeza e organização","browser","","","","public/data/sentences.json","Gerar primeiro"
"0035","Put the bottles in that bin.","Coloque as garrafas naquela lixeira.","Casa: limpeza e organização","browser","","","","public/data/sentences.json","Gerar primeiro"
"0036","The garbage truck already came.","O caminhão de lixo já passou.","Casa: limpeza e organização","browser","","","","public/data/sentences.json","Gerar primeiro"
"0037","Something smells bad in here.","Tem alguma coisa cheirando mal aqui.","Casa: limpeza e organização","browser","","","","public/data/sentences.json","Gerar primeiro"
"0038","Don't throw that away yet.","Não jogue isso fora ainda.","Casa: limpeza e organização","browser","","","","public/data/sentences.json","Gerar primeiro"
"0039","I'll get rid of these boxes.","Vou me desfazer destas caixas.","Casa: limpeza e organização","browser","","","","public/data/sentences.json","Gerar primeiro"
"0040","We should clear out this drawer.","A gente deveria esvaziar esta gaveta.","Casa: limpeza e organização","browser","","","","public/data/sentences.json","Gerar primeiro"
"0041","Where did you put my keys?","Onde você colocou minhas chaves?","Casa: limpeza e organização","browser","","","","public/data/sentences.json","Gerar primeiro"
"0042","I can't find the remote.","Não consigo achar o controle remoto.","Casa: limpeza e organização","browser","","","","public/data/sentences.json","Gerar primeiro"
"0043","Check under the couch.","Olhe embaixo do sofá.","Casa: limpeza e organização","browser","","","","public/data/sentences.json","Gerar primeiro"
"0044","It was here a minute ago.","Estava aqui agora há pouco.","Casa: limpeza e organização","browser","","","","public/data/sentences.json","Gerar primeiro"
"0045","Did you move my glasses?","Você tirou meus óculos do lugar?","Casa: limpeza e organização","browser","","","","public/data/sentences.json","Gerar primeiro"
"0046","I put it on the shelf.","Coloquei na prateleira.","Casa: limpeza e organização","browser","","","","public/data/sentences.json","Gerar primeiro"
"0047","Keep it somewhere safe.","Guarde em um lugar seguro.","Casa: limpeza e organização","browser","","","","public/data/sentences.json","Gerar primeiro"
"0048","This doesn't belong here.","Isto não é daqui.","Casa: limpeza e organização","browser","","","","public/data/sentences.json","Gerar primeiro"
"0049","Put it back where you found it.","Devolva ao lugar onde encontrou.","Casa: limpeza e organização","browser","","","","public/data/sentences.json","Gerar primeiro"
"0050","I found it behind the chair.","Achei atrás da cadeira.","Casa: limpeza e organização","browser","","","","public/data/sentences.json","Gerar primeiro"
"0051","I'll handle the kitchen.","Eu cuido da cozinha.","Casa: limpeza e organização","browser","","","","public/data/sentences.json","Gerar primeiro"
"0052","You do the bathroom; I'll do the floors.","Você limpa o banheiro; eu limpo o chão.","Casa: limpeza e organização","browser","","","","public/data/sentences.json","Gerar primeiro"
"0053","Let's split the chores.","Vamos dividir as tarefas domésticas.","Casa: limpeza e organização","browser","","","","public/data/sentences.json","Gerar primeiro"
"0054","I've already done my part.","Já fiz a minha parte.","Casa: limpeza e organização","browser","","","","public/data/sentences.json","Gerar primeiro"
"0055","Could you help me with this?","Você pode me ajudar com isto?","Casa: limpeza e organização","browser","","","","public/data/sentences.json","Gerar primeiro"
"0056","Don't leave everything to me.","Não deixe tudo para mim.","Casa: limpeza e organização","browser","","","","public/data/sentences.json","Gerar primeiro"
"0057","I'll finish this after dinner.","Vou terminar isto depois do jantar.","Casa: limpeza e organização","browser","","","","public/data/sentences.json","Gerar primeiro"
"0058","We can take turns.","Podemos nos revezar.","Casa: limpeza e organização","browser","","","","public/data/sentences.json","Gerar primeiro"
"0059","It's not fair to leave it all to her.","Não é justo deixar tudo para ela.","Casa: limpeza e organização","browser","","","","public/data/sentences.json","Gerar primeiro"
"0060","Thanks for pitching in.","Obrigado por dar uma força.","Casa: limpeza e organização","browser","","","","public/data/sentences.json","Gerar primeiro"
"0061","Make your bed before you leave.","Arrume a cama antes de sair.","Casa: limpeza e organização","browser","","","","public/data/sentences.json","Gerar primeiro"
"0062","I need to change the sheets.","Preciso trocar os lençóis.","Casa: limpeza e organização","browser","","","","public/data/sentences.json","Gerar primeiro"
"0063","These pillowcases are clean.","Estas fronhas estão limpas.","Casa: limpeza e organização","browser","","","","public/data/sentences.json","Gerar primeiro"
"0064","Could you put these clothes away?","Você pode guardar estas roupas?","Casa: limpeza e organização","browser","","","","public/data/sentences.json","Gerar primeiro"
"0065","My closet is overflowing.","Meu armário está lotado.","Casa: limpeza e organização","browser","","","","public/data/sentences.json","Gerar primeiro"
"0066","I don't wear this anymore.","Não uso mais isto.","Casa: limpeza e organização","browser","","","","public/data/sentences.json","Gerar primeiro"
"0067","Let's donate what we don't need.","Vamos doar o que não precisamos.","Casa: limpeza e organização","browser","","","","public/data/sentences.json","Gerar primeiro"
"0068","There's no room in this drawer.","Não há espaço nesta gaveta.","Casa: limpeza e organização","browser","","","","public/data/sentences.json","Gerar primeiro"
"0069","Keep the bedroom door open.","Deixe a porta do quarto aberta.","Casa: limpeza e organização","browser","","","","public/data/sentences.json","Gerar primeiro"
"0070","Your socks are on the floor again.","Suas meias estão no chão de novo.","Casa: limpeza e organização","browser","","","","public/data/sentences.json","Gerar primeiro"
"0071","Watch your step; the floor is wet.","Cuidado onde pisa; o chão está molhado.","Casa: limpeza e organização","browser","","","","public/data/sentences.json","Gerar primeiro"
"0072","Please take your shoes off.","Por favor, tire os sapatos.","Casa: limpeza e organização","browser","","","","public/data/sentences.json","Gerar primeiro"
"0073","Don't put your feet on the couch.","Não ponha os pés no sofá.","Casa: limpeza e organização","browser","","","","public/data/sentences.json","Gerar primeiro"
"0074","Use a coaster for that glass.","Use um porta-copos para esse copo.","Casa: limpeza e organização","browser","","","","public/data/sentences.json","Gerar primeiro"
"0075","Be careful with that vase.","Tome cuidado com esse vaso.","Casa: limpeza e organização","browser","","","","public/data/sentences.json","Gerar primeiro"
"0076","You left a mark on the table.","Você deixou uma marca na mesa.","Casa: limpeza e organização","browser","","","","public/data/sentences.json","Gerar primeiro"
"0077","Don't scratch the surface.","Não risque a superfície.","Casa: limpeza e organização","browser","","","","public/data/sentences.json","Gerar primeiro"
"0078","Keep food off the couch.","Não deixe comida no sofá.","Casa: limpeza e organização","browser","","","","public/data/sentences.json","Gerar primeiro"
"0079","Close the lid when you're done.","Feche a tampa quando terminar.","Casa: limpeza e organização","browser","","","","public/data/sentences.json","Gerar primeiro"
"0080","Leave it how you found it.","Deixe do jeito que encontrou.","Casa: limpeza e organização","browser","","","","public/data/sentences.json","Gerar primeiro"
"0081","Where's the broom?","Onde está a vassoura?","Casa: limpeza e organização","browser","","","","public/data/sentences.json","Gerar primeiro"
"0082","Hand me that cloth, please.","Passe aquele pano, por favor.","Casa: limpeza e organização","browser","","","","public/data/sentences.json","Gerar primeiro"
"0083","This sponge needs replacing.","Esta esponja precisa ser trocada.","Casa: limpeza e organização","browser","","","","public/data/sentences.json","Gerar primeiro"
"0084","We're running low on soap.","O sabão está quase acabando.","Casa: limpeza e organização","browser","","","","public/data/sentences.json","Gerar primeiro"
"0085","I bought some paper towels.","Comprei papel-toalha.","Casa: limpeza e organização","browser","","","","public/data/sentences.json","Gerar primeiro"
"0086","Use the soft side of the sponge.","Use o lado macio da esponja.","Casa: limpeza e organização","browser","","","","public/data/sentences.json","Gerar primeiro"
"0087","The vacuum cleaner isn't working.","O aspirador não está funcionando.","Casa: limpeza e organização","browser","","","","public/data/sentences.json","Gerar primeiro"
"0088","This bucket has a hole in it.","Este balde está furado.","Casa: limpeza e organização","browser","","","","public/data/sentences.json","Gerar primeiro"
"0089","We need more storage space.","Precisamos de mais espaço para guardar coisas.","Casa: limpeza e organização","browser","","","","public/data/sentences.json","Gerar primeiro"
"0090","That shelf is too high for me.","Essa prateleira é alta demais para mim.","Casa: limpeza e organização","browser","","","","public/data/sentences.json","Gerar primeiro"
"0091","That looks much better.","Assim ficou muito melhor.","Casa: limpeza e organização","browser","","","","public/data/sentences.json","Gerar primeiro"
"0092","The place looks spotless.","O lugar está impecável.","Casa: limpeza e organização","browser","","","","public/data/sentences.json","Gerar primeiro"
"0093","You missed a spot.","Você deixou um pedacinho sem limpar.","Casa: limpeza e organização","browser","","","","public/data/sentences.json","Gerar primeiro"
"0094","There's still a bit left to do.","Ainda falta fazer um pouco.","Casa: limpeza e organização","browser","","","","public/data/sentences.json","Gerar primeiro"
"0095","I'll deal with it tomorrow.","Vou cuidar disso amanhã.","Casa: limpeza e organização","browser","","","","public/data/sentences.json","Gerar primeiro"
"0096","Let's call it a day.","Vamos encerrar por hoje.","Casa: limpeza e organização","browser","","","","public/data/sentences.json","Gerar primeiro"
"0097","It took longer than I expected.","Demorou mais do que eu esperava.","Casa: limpeza e organização","browser","","","","public/data/sentences.json","Gerar primeiro"
"0098","I finally got around to cleaning it.","Finalmente consegui parar para limpar isso.","Casa: limpeza e organização","browser","","","","public/data/sentences.json","Gerar primeiro"
"0099","It's nice to come home to a clean house.","É bom chegar e encontrar a casa limpa.","Casa: limpeza e organização","browser","","","","public/data/sentences.json","Gerar primeiro"
"0100","Now we can sit down and relax.","Agora podemos sentar e relaxar.","Casa: limpeza e organização","browser","","","","public/data/sentences.json","Gerar primeiro"
"0101","I'm getting hungry.","Estou começando a ficar com fome.","Cozinha e refeições em casa","elevenlabs","Chris","eleven_multilingual_v2","/audio/elevenlabs/0101.mp3","public/data/sentences.json","Revisar apenas se houver um problema"
"0102","What's for dinner?","O que tem para o jantar?","Cozinha e refeições em casa","elevenlabs","Chris","eleven_multilingual_v2","/audio/elevenlabs/0102.mp3","public/data/sentences.json","Revisar apenas se houver um problema"
"0103","What are you in the mood for?","O que você está com vontade de comer?","Cozinha e refeições em casa","elevenlabs","Chris","eleven_multilingual_v2","/audio/elevenlabs/0103.mp3","public/data/sentences.json","Revisar apenas se houver um problema"
"0104","I could go for some pasta.","Uma massa cairia bem.","Cozinha e refeições em casa","elevenlabs","Chris","eleven_multilingual_v2","/audio/elevenlabs/0104.mp3","public/data/sentences.json","Revisar apenas se houver um problema"
"0105","I'm not that hungry yet.","Ainda não estou com tanta fome.","Cozinha e refeições em casa","elevenlabs","Chris","eleven_multilingual_v2","/audio/elevenlabs/0105.mp3","public/data/sentences.json","Revisar apenas se houver um problema"
"0106","Let's make something quick.","Vamos fazer algo rápido.","Cozinha e refeições em casa","elevenlabs","Chris","eleven_multilingual_v2","/audio/elevenlabs/0106.mp3","public/data/sentences.json","Revisar apenas se houver um problema"
"0107","We could just have leftovers.","Podemos comer o que sobrou.","Cozinha e refeições em casa","elevenlabs","Chris","eleven_multilingual_v2","/audio/elevenlabs/0107.mp3","public/data/sentences.json","Revisar apenas se houver um problema"
"0108","I'm craving something sweet.","Estou com muita vontade de comer doce.","Cozinha e refeições em casa","elevenlabs","Chris","eleven_multilingual_v2","/audio/elevenlabs/0108.mp3","public/data/sentences.json","Revisar apenas se houver um problema"
"0109","Anything but chicken again.","Qualquer coisa, menos frango de novo.","Cozinha e refeições em casa","elevenlabs","Chris","eleven_multilingual_v2","/audio/elevenlabs/0109.mp3","public/data/sentences.json","Revisar apenas se houver um problema"
"0110","You pick; I'm not picky.","Você escolhe; eu não sou exigente com comida.","Cozinha e refeições em casa","elevenlabs","Chris","eleven_multilingual_v2","/audio/elevenlabs/0110.mp3","public/data/sentences.json","Revisar apenas se houver um problema"
"0111","Could you chop the onions?","Você pode picar as cebolas?","Cozinha e refeições em casa","elevenlabs","Chris","eleven_multilingual_v2","/audio/elevenlabs/0111.mp3","public/data/sentences.json","Revisar apenas se houver um problema"
"0112","Slice the tomatoes thinly.","Corte os tomates em fatias finas.","Cozinha e refeições em casa","elevenlabs","Chris","eleven_multilingual_v2","/audio/elevenlabs/0112.mp3","public/data/sentences.json","Revisar apenas se houver um problema"
"0113","Peel the potatoes first.","Descasque as batatas primeiro.","Cozinha e refeições em casa","browser","","","","public/data/sentences.json","Gerar primeiro"
"0114","Grate some cheese on top.","Rale um pouco de queijo por cima.","Cozinha e refeições em casa","browser","","","","public/data/sentences.json","Gerar primeiro"
"0115","Rinse the vegetables well.","Lave bem os legumes.","Cozinha e refeições em casa","browser","","","","public/data/sentences.json","Gerar primeiro"
"0116","Let the meat thaw first.","Deixe a carne descongelar primeiro.","Cozinha e refeições em casa","browser","","","","public/data/sentences.json","Gerar primeiro"
"0117","We need to measure the flour.","Precisamos medir a farinha.","Cozinha e refeições em casa","browser","","","","public/data/sentences.json","Gerar primeiro"
"0118","Crack two eggs into the bowl.","Quebre dois ovos na tigela.","Cozinha e refeições em casa","browser","","","","public/data/sentences.json","Gerar primeiro"
"0119","Mix everything together.","Misture tudo.","Cozinha e refeições em casa","browser","","","","public/data/sentences.json","Gerar primeiro"
"0120","Set the ingredients aside.","Deixe os ingredientes separados.","Cozinha e refeições em casa","browser","","","","public/data/sentences.json","Gerar primeiro"
"0121","Turn the heat down a little.","Abaixe um pouco o fogo.","Cozinha e refeições em casa","browser","","","","public/data/sentences.json","Gerar primeiro"
"0122","The water is boiling.","A água está fervendo.","Cozinha e refeições em casa","browser","","","","public/data/sentences.json","Gerar primeiro"
"0123","Keep an eye on the pan.","Fique de olho na panela.","Cozinha e refeições em casa","browser","","","","public/data/sentences.json","Gerar primeiro"
"0124","Don't let it burn.","Não deixe queimar.","Cozinha e refeições em casa","browser","","","","public/data/sentences.json","Gerar primeiro"
"0125","Preheat the oven.","Preaqueça o forno.","Cozinha e refeições em casa","browser","","","","public/data/sentences.json","Gerar primeiro"
"0126","How long should this bake?","Quanto tempo isto deve ficar no forno?","Cozinha e refeições em casa","browser","","","","public/data/sentences.json","Gerar primeiro"
"0127","Put the lid on the pot.","Tampe a panela.","Cozinha e refeições em casa","browser","","","","public/data/sentences.json","Gerar primeiro"
"0128","Give it a good stir.","Mexa bem.","Cozinha e refeições em casa","browser","","","","public/data/sentences.json","Gerar primeiro"
"0129","The oil is hot enough now.","Agora o óleo já está quente o suficiente.","Cozinha e refeições em casa","browser","","","","public/data/sentences.json","Gerar primeiro"
"0130","I forgot to turn off the stove.","Esqueci de desligar o fogão.","Cozinha e refeições em casa","browser","","","","public/data/sentences.json","Gerar primeiro"
"0131","This needs a little more salt.","Isto precisa de um pouco mais de sal.","Cozinha e refeições em casa","browser","","","","public/data/sentences.json","Gerar primeiro"
"0132","It's a bit too spicy for me.","Está um pouco apimentado demais para mim.","Cozinha e refeições em casa","browser","","","","public/data/sentences.json","Gerar primeiro"
"0133","Taste this and tell me what you think.","Prove isto e diga o que acha.","Cozinha e refeições em casa","browser","","","","public/data/sentences.json","Gerar primeiro"
"0134","The rice is still a little hard.","O arroz ainda está um pouco duro.","Cozinha e refeições em casa","browser","","","","public/data/sentences.json","Gerar primeiro"
"0135","This is cooked just right.","Isto está no ponto certo.","Cozinha e refeições em casa","browser","","","","public/data/sentences.json","Gerar primeiro"
"0136","I think I overcooked it.","Acho que deixei cozinhar demais.","Cozinha e refeições em casa","browser","","","","public/data/sentences.json","Gerar primeiro"
"0137","It's crispy on the outside.","Está crocante por fora.","Cozinha e refeições em casa","browser","","","","public/data/sentences.json","Gerar primeiro"
"0138","The sauce is too thick.","O molho está grosso demais.","Cozinha e refeições em casa","browser","","","","public/data/sentences.json","Gerar primeiro"
"0139","Add a splash of water.","Acrescente um pouquinho de água.","Cozinha e refeições em casa","browser","","","","public/data/sentences.json","Gerar primeiro"
"0140","That smells amazing.","Isso está com um cheiro maravilhoso.","Cozinha e refeições em casa","browser","","","","public/data/sentences.json","Gerar primeiro"
"0141","Could you set the table?","Você pode pôr a mesa?","Cozinha e refeições em casa","browser","","","","public/data/sentences.json","Gerar primeiro"
"0142","How many plates do we need?","De quantos pratos precisamos?","Cozinha e refeições em casa","browser","","","","public/data/sentences.json","Gerar primeiro"
"0143","Pass me a fork, please.","Passe um garfo, por favor.","Cozinha e refeições em casa","browser","","","","public/data/sentences.json","Gerar primeiro"
"0144","Dinner's ready.","O jantar está pronto.","Cozinha e refeições em casa","browser","","","","public/data/sentences.json","Gerar primeiro"
"0145","Come and get it.","Venham comer. [Informal]","Cozinha e refeições em casa","browser","","","","public/data/sentences.json","Gerar primeiro"
"0146","Help yourself to some salad.","Sirva-se de salada.","Cozinha e refeições em casa","browser","","","","public/data/sentences.json","Gerar primeiro"
"0147","Would you like some more?","Você gostaria de mais um pouco?","Cozinha e refeições em casa","browser","","","","public/data/sentences.json","Gerar primeiro"
"0148","Save some for me.","Guarde um pouco para mim.","Cozinha e refeições em casa","browser","","","","public/data/sentences.json","Gerar primeiro"
"0149","Don't fill your plate too much.","Não encha demais o prato.","Cozinha e refeições em casa","browser","","","","public/data/sentences.json","Gerar primeiro"
"0150","Let's eat before it gets cold.","Vamos comer antes que esfrie.","Cozinha e refeições em casa","browser","","","","public/data/sentences.json","Gerar primeiro"
"0151","Could you pass the salt?","Você pode passar o sal?","Cozinha e refeições em casa","browser","","","","public/data/sentences.json","Gerar primeiro"
"0152","This is really good.","Isto está muito bom.","Cozinha e refeições em casa","browser","","","","public/data/sentences.json","Gerar primeiro"
"0153","Did you make this from scratch?","Você fez isto do zero?","Cozinha e refeições em casa","browser","","","","public/data/sentences.json","Gerar primeiro"
"0154","What's in this sauce?","O que vai neste molho?","Cozinha e refeições em casa","browser","","","","public/data/sentences.json","Gerar primeiro"
"0155","I'll have another helping.","Vou repetir.","Cozinha e refeições em casa","browser","","","","public/data/sentences.json","Gerar primeiro"
"0156","I'm full already.","Já estou satisfeito.","Cozinha e refeições em casa","browser","","","","public/data/sentences.json","Gerar primeiro"
"0157","I can't eat another bite.","Não consigo comer mais nem uma garfada.","Cozinha e refeições em casa","browser","","","","public/data/sentences.json","Gerar primeiro"
"0158","Take your time eating.","Coma sem pressa.","Cozinha e refeições em casa","browser","","","","public/data/sentences.json","Gerar primeiro"
"0159","Don't talk with your mouth full.","Não fale de boca cheia. [Direto]","Cozinha e refeições em casa","browser","","","","public/data/sentences.json","Gerar primeiro"
"0160","That hit the spot.","Era exatamente o que eu precisava comer. [Informal]","Cozinha e refeições em casa","browser","","","","public/data/sentences.json","Gerar primeiro"
"0161","I'm putting the kettle on.","Vou pôr a água para ferver.","Cozinha e refeições em casa","browser","","","","public/data/sentences.json","Gerar primeiro"
"0162","How do you take your coffee?","Como você gosta do seu café?","Cozinha e refeições em casa","browser","","","","public/data/sentences.json","Gerar primeiro"
"0163","Just a little milk, please.","Só um pouquinho de leite, por favor.","Cozinha e refeições em casa","browser","","","","public/data/sentences.json","Gerar primeiro"
"0164","No sugar for me.","Para mim, sem açúcar.","Cozinha e refeições em casa","browser","","","","public/data/sentences.json","Gerar primeiro"
"0165","This coffee is really strong.","Este café está bem forte.","Cozinha e refeições em casa","browser","","","","public/data/sentences.json","Gerar primeiro"
"0166","Let it cool down a bit.","Deixe esfriar um pouco.","Cozinha e refeições em casa","browser","","","","public/data/sentences.json","Gerar primeiro"
"0167","Would you like a refill?","Quer que eu coloque mais?","Cozinha e refeições em casa","browser","","","","public/data/sentences.json","Gerar primeiro"
"0168","I'm making a fresh pot.","Vou fazer uma nova jarra de café.","Cozinha e refeições em casa","browser","","","","public/data/sentences.json","Gerar primeiro"
"0169","We're out of coffee filters.","Os filtros de café acabaram.","Cozinha e refeições em casa","browser","","","","public/data/sentences.json","Gerar primeiro"
"0170","I spilled my drink.","Derramei minha bebida.","Cozinha e refeições em casa","browser","","","","public/data/sentences.json","Gerar primeiro"
"0171","What do we have in the fridge?","O que temos na geladeira?","Cozinha e refeições em casa","browser","","","","public/data/sentences.json","Gerar primeiro"
"0172","The milk has gone bad.","O leite estragou.","Cozinha e refeições em casa","browser","","","","public/data/sentences.json","Gerar primeiro"
"0173","Check the expiration date.","Confira a data de validade.","Cozinha e refeições em casa","browser","","","","public/data/sentences.json","Gerar primeiro"
"0174","There's a jar of sauce in the cupboard.","Tem um pote de molho no armário.","Cozinha e refeições em casa","browser","","","","public/data/sentences.json","Gerar primeiro"
"0175","We need to restock the pantry.","Precisamos reabastecer a despensa.","Cozinha e refeições em casa","browser","","","","public/data/sentences.json","Gerar primeiro"
"0176","Put this in an airtight container.","Coloque isto em um recipiente bem fechado.","Cozinha e refeições em casa","browser","","","","public/data/sentences.json","Gerar primeiro"
"0177","Don't leave the fridge open.","Não deixe a geladeira aberta.","Cozinha e refeições em casa","browser","","","","public/data/sentences.json","Gerar primeiro"
"0178","There's no room in the freezer.","Não há espaço no congelador.","Cozinha e refeições em casa","browser","","","","public/data/sentences.json","Gerar primeiro"
"0179","Use up the old stuff first.","Use primeiro o que está guardado há mais tempo.","Cozinha e refeições em casa","browser","","","","public/data/sentences.json","Gerar primeiro"
"0180","I thought we had more eggs.","Achei que tínhamos mais ovos.","Cozinha e refeições em casa","browser","","","","public/data/sentences.json","Gerar primeiro"
"0181","I'll save the rest for lunch.","Vou guardar o restante para o almoço.","Cozinha e refeições em casa","browser","","","","public/data/sentences.json","Gerar primeiro"
"0182","Can you heat this up for me?","Você pode esquentar isto para mim?","Cozinha e refeições em casa","browser","","","","public/data/sentences.json","Gerar primeiro"
"0183","It's still cold in the middle.","Ainda está frio no meio.","Cozinha e refeições em casa","browser","","","","public/data/sentences.json","Gerar primeiro"
"0184","We can make do with what we have.","Podemos nos virar com o que temos.","Cozinha e refeições em casa","browser","","","","public/data/sentences.json","Gerar primeiro"
"0185","I'm just throwing something together.","Estou improvisando alguma coisa para comer.","Cozinha e refeições em casa","browser","","","","public/data/sentences.json","Gerar primeiro"
"0186","We don't have all the ingredients.","Não temos todos os ingredientes.","Cozinha e refeições em casa","browser","","","","public/data/sentences.json","Gerar primeiro"
"0187","Can I leave the onions out?","Posso fazer sem cebola?","Cozinha e refeições em casa","browser","","","","public/data/sentences.json","Gerar primeiro"
"0188","Use butter instead of oil.","Use manteiga em vez de óleo.","Cozinha e refeições em casa","browser","","","","public/data/sentences.json","Gerar primeiro"
"0189","It tastes even better the next day.","Fica ainda mais gostoso no dia seguinte.","Cozinha e refeições em casa","browser","","","","public/data/sentences.json","Gerar primeiro"
"0190","Let's not waste any food.","Vamos evitar desperdiçar comida.","Cozinha e refeições em casa","browser","","","","public/data/sentences.json","Gerar primeiro"
"0191","I'll cook if you clean up.","Eu cozinho se você limpar depois.","Cozinha e refeições em casa","browser","","","","public/data/sentences.json","Gerar primeiro"
"0192","It's my turn to make dinner.","É minha vez de fazer o jantar.","Cozinha e refeições em casa","browser","","","","public/data/sentences.json","Gerar primeiro"
"0193","Let's cook together tonight.","Vamos cozinhar juntos hoje à noite.","Cozinha e refeições em casa","browser","","","","public/data/sentences.json","Gerar primeiro"
"0194","Stay out of the kitchen for a minute.","Fique fora da cozinha um minutinho. [Direto]","Cozinha e refeições em casa","browser","","","","public/data/sentences.json","Gerar primeiro"
"0195","You're in my way.","Você está no meu caminho. [Direto]","Cozinha e refeições em casa","browser","","","","public/data/sentences.json","Gerar primeiro"
"0196","Could you hand me the cutting board?","Você pode me passar a tábua de cortar?","Cozinha e refeições em casa","browser","","","","public/data/sentences.json","Gerar primeiro"
"0197","I've never made this before.","Nunca fiz isto antes.","Cozinha e refeições em casa","browser","","","","public/data/sentences.json","Gerar primeiro"
"0198","I'm following a recipe.","Estou seguindo uma receita.","Cozinha e refeições em casa","browser","","","","public/data/sentences.json","Gerar primeiro"
"0199","It didn't turn out like the picture.","Não ficou igual à foto.","Cozinha e refeições em casa","browser","","","","public/data/sentences.json","Gerar primeiro"
"0200","At least it tastes good.","Pelo menos ficou gostoso.","Cozinha e refeições em casa","browser","","","","public/data/sentences.json","Gerar primeiro"
"0201","I just woke up.","Acabei de acordar.","Rotina pessoal, sono e cuidados diários","elevenlabs","Chris","eleven_multilingual_v2","/audio/elevenlabs/0201.mp3","public/data/sentences.json","Revisar apenas se houver um problema"
"0202","I slept through my alarm.","Não acordei com o despertador.","Rotina pessoal, sono e cuidados diários","elevenlabs","Chris","eleven_multilingual_v2","/audio/elevenlabs/0202.mp3","public/data/sentences.json","Revisar apenas se houver um problema"
"0203","Give me five more minutes.","Me dê mais cinco minutos.","Rotina pessoal, sono e cuidados diários","elevenlabs","Chris","eleven_multilingual_v2","/audio/elevenlabs/0203.mp3","public/data/sentences.json","Revisar apenas se houver um problema"
"0204","I hit the snooze button again.","Apertei o soneca de novo.","Rotina pessoal, sono e cuidados diários","elevenlabs","Chris","eleven_multilingual_v2","/audio/elevenlabs/0204.mp3","public/data/sentences.json","Revisar apenas se houver um problema"
"0205","It's time to get up.","Está na hora de levantar.","Rotina pessoal, sono e cuidados diários","elevenlabs","Chris","eleven_multilingual_v2","/audio/elevenlabs/0205.mp3","public/data/sentences.json","Revisar apenas se houver um problema"
"0206","I'm not a morning person.","Não sou uma pessoa que funciona bem de manhã.","Rotina pessoal, sono e cuidados diários","elevenlabs","Chris","eleven_multilingual_v2","/audio/elevenlabs/0206.mp3","public/data/sentences.json","Revisar apenas se houver um problema"
"0207","I need a minute to wake up properly.","Preciso de um minuto para despertar de verdade.","Rotina pessoal, sono e cuidados diários","elevenlabs","Chris","eleven_multilingual_v2","/audio/elevenlabs/0207.mp3","public/data/sentences.json","Revisar apenas se houver um problema"
"0208","I got up on the wrong side of the bed.","Acordei de mau humor. [Informal]","Rotina pessoal, sono e cuidados diários","elevenlabs","Chris","eleven_multilingual_v2","/audio/elevenlabs/0208.mp3","public/data/sentences.json","Revisar apenas se houver um problema"
"0209","I was up before sunrise.","Levantei antes do amanhecer.","Rotina pessoal, sono e cuidados diários","elevenlabs","Chris","eleven_multilingual_v2","/audio/elevenlabs/0209.mp3","public/data/sentences.json","Revisar apenas se houver um problema"
"0210","I didn't want to get out of bed.","Eu não queria sair da cama.","Rotina pessoal, sono e cuidados diários","elevenlabs","Chris","eleven_multilingual_v2","/audio/elevenlabs/0210.mp3","public/data/sentences.json","Revisar apenas se houver um problema"
"0211","Did you sleep well?","Você dormiu bem?","Rotina pessoal, sono e cuidados diários","elevenlabs","Chris","eleven_multilingual_v2","/audio/elevenlabs/0211.mp3","public/data/sentences.json","Revisar apenas se houver um problema"
"0212","I slept like a log.","Dormi como uma pedra. [Informal]","Rotina pessoal, sono e cuidados diários","elevenlabs","Chris","eleven_multilingual_v2","/audio/elevenlabs/0212.mp3","public/data/sentences.json","Revisar apenas se houver um problema"
"0213","I barely slept last night.","Quase não dormi esta noite.","Rotina pessoal, sono e cuidados diários","browser","","","","public/data/sentences.json","Gerar primeiro"
"0214","I kept waking up.","Fiquei acordando várias vezes.","Rotina pessoal, sono e cuidados diários","browser","","","","public/data/sentences.json","Gerar primeiro"
"0215","I tossed and turned all night.","Passei a noite me revirando na cama.","Rotina pessoal, sono e cuidados diários","browser","","","","public/data/sentences.json","Gerar primeiro"
"0216","I had a weird dream.","Tive um sonho estranho.","Rotina pessoal, sono e cuidados diários","browser","","","","public/data/sentences.json","Gerar primeiro"
"0217","I could hear you snoring.","Eu conseguia ouvir você roncando.","Rotina pessoal, sono e cuidados diários","browser","","","","public/data/sentences.json","Gerar primeiro"
"0218","The noise kept me awake.","O barulho não me deixou dormir.","Rotina pessoal, sono e cuidados diários","browser","","","","public/data/sentences.json","Gerar primeiro"
"0219","I feel well rested.","Estou me sentindo descansado.","Rotina pessoal, sono e cuidados diários","browser","","","","public/data/sentences.json","Gerar primeiro"
"0220","I need to catch up on sleep.","Preciso colocar o sono em dia.","Rotina pessoal, sono e cuidados diários","browser","","","","public/data/sentences.json","Gerar primeiro"
"0221","I'm going to take a shower.","Vou tomar banho.","Rotina pessoal, sono e cuidados diários","browser","","","","public/data/sentences.json","Gerar primeiro"
"0222","The bathroom is occupied.","Tem gente no banheiro.","Rotina pessoal, sono e cuidados diários","browser","","","","public/data/sentences.json","Gerar primeiro"
"0223","Are you almost done in there?","Você já está quase terminando aí?","Rotina pessoal, sono e cuidados diários","browser","","","","public/data/sentences.json","Gerar primeiro"
"0224","There's no hot water.","Não tem água quente.","Rotina pessoal, sono e cuidados diários","browser","","","","public/data/sentences.json","Gerar primeiro"
"0225","The water pressure is really low.","A pressão da água está bem fraca.","Rotina pessoal, sono e cuidados diários","browser","","","","public/data/sentences.json","Gerar primeiro"
"0226","I forgot to bring a towel.","Esqueci de trazer uma toalha.","Rotina pessoal, sono e cuidados diários","browser","","","","public/data/sentences.json","Gerar primeiro"
"0227","We're almost out of shampoo.","O xampu está quase acabando.","Rotina pessoal, sono e cuidados diários","browser","","","","public/data/sentences.json","Gerar primeiro"
"0228","Don't use all the hot water.","Não gaste toda a água quente.","Rotina pessoal, sono e cuidados diários","browser","","","","public/data/sentences.json","Gerar primeiro"
"0229","I need to wash my hair.","Preciso lavar o cabelo.","Rotina pessoal, sono e cuidados diários","browser","","","","public/data/sentences.json","Gerar primeiro"
"0230","I'll be out in a minute.","Saio daqui a um minutinho.","Rotina pessoal, sono e cuidados diários","browser","","","","public/data/sentences.json","Gerar primeiro"
"0231","I'm getting ready.","Estou me arrumando.","Rotina pessoal, sono e cuidados diários","browser","","","","public/data/sentences.json","Gerar primeiro"
"0232","What should I wear today?","O que devo vestir hoje?","Rotina pessoal, sono e cuidados diários","browser","","","","public/data/sentences.json","Gerar primeiro"
"0233","This shirt is wrinkled.","Esta camisa está amassada.","Rotina pessoal, sono e cuidados diários","browser","","","","public/data/sentences.json","Gerar primeiro"
"0234","I need to iron this.","Preciso passar isto.","Rotina pessoal, sono e cuidados diários","browser","","","","public/data/sentences.json","Gerar primeiro"
"0235","These shoes don't match.","Estes sapatos não combinam.","Rotina pessoal, sono e cuidados diários","browser","","","","public/data/sentences.json","Gerar primeiro"
"0236","Does this look okay on me?","Isto fica bom em mim?","Rotina pessoal, sono e cuidados diários","browser","","","","public/data/sentences.json","Gerar primeiro"
"0237","I can't find a matching sock.","Não acho a outra meia do par.","Rotina pessoal, sono e cuidados diários","browser","","","","public/data/sentences.json","Gerar primeiro"
"0238","I'm almost ready to go.","Estou quase pronto para sair.","Rotina pessoal, sono e cuidados diários","browser","","","","public/data/sentences.json","Gerar primeiro"
"0239","Give me a second to brush my teeth.","Me dê um segundo para escovar os dentes.","Rotina pessoal, sono e cuidados diários","browser","","","","public/data/sentences.json","Gerar primeiro"
"0240","I forgot to shave.","Esqueci de fazer a barba.","Rotina pessoal, sono e cuidados diários","browser","","","","public/data/sentences.json","Gerar primeiro"
"0241","Have you got everything?","Você está com tudo de que precisa?","Rotina pessoal, sono e cuidados diários","browser","","","","public/data/sentences.json","Gerar primeiro"
"0242","Don't forget your keys.","Não se esqueça das chaves.","Rotina pessoal, sono e cuidados diários","browser","","","","public/data/sentences.json","Gerar primeiro"
"0243","I left my wallet at home.","Deixei minha carteira em casa.","Rotina pessoal, sono e cuidados diários","browser","","","","public/data/sentences.json","Gerar primeiro"
"0244","Let me grab my jacket.","Deixe eu pegar minha jaqueta.","Rotina pessoal, sono e cuidados diários","browser","","","","public/data/sentences.json","Gerar primeiro"
"0245","I'm heading out now.","Estou saindo agora.","Rotina pessoal, sono e cuidados diários","browser","","","","public/data/sentences.json","Gerar primeiro"
"0246","Lock the door behind you.","Tranque a porta ao sair.","Rotina pessoal, sono e cuidados diários","browser","","","","public/data/sentences.json","Gerar primeiro"
"0247","I'll be back in an hour.","Volto em uma hora.","Rotina pessoal, sono e cuidados diários","browser","","","","public/data/sentences.json","Gerar primeiro"
"0248","Do you need anything while I'm out?","Você precisa de algo que eu possa comprar na rua?","Rotina pessoal, sono e cuidados diários","browser","","","","public/data/sentences.json","Gerar primeiro"
"0249","I have a few errands to run.","Tenho algumas coisas para resolver na rua.","Rotina pessoal, sono e cuidados diários","browser","","","","public/data/sentences.json","Gerar primeiro"
"0250","I'm running a little late.","Estou um pouco atrasado.","Rotina pessoal, sono e cuidados diários","browser","","","","public/data/sentences.json","Gerar primeiro"
"0251","I need a quick break.","Preciso de uma pausa rápida.","Rotina pessoal, sono e cuidados diários","browser","","","","public/data/sentences.json","Gerar primeiro"
"0252","I'm running on empty.","Estou sem energia nenhuma. [Informal]","Rotina pessoal, sono e cuidados diários","browser","","","","public/data/sentences.json","Gerar primeiro"
"0253","I could use a nap.","Uma soneca me faria bem.","Rotina pessoal, sono e cuidados diários","browser","","","","public/data/sentences.json","Gerar primeiro"
"0254","I'll lie down for a bit.","Vou deitar um pouco.","Rotina pessoal, sono e cuidados diários","browser","","","","public/data/sentences.json","Gerar primeiro"
"0255","Don't let me sleep too long.","Não me deixe dormir demais.","Rotina pessoal, sono e cuidados diários","browser","","","","public/data/sentences.json","Gerar primeiro"
"0256","I feel much better after that nap.","Estou bem melhor depois daquela soneca.","Rotina pessoal, sono e cuidados diários","browser","","","","public/data/sentences.json","Gerar primeiro"
"0257","I need to stretch my legs.","Preciso esticar as pernas.","Rotina pessoal, sono e cuidados diários","browser","","","","public/data/sentences.json","Gerar primeiro"
"0258","I've been sitting for too long.","Estou sentado há tempo demais.","Rotina pessoal, sono e cuidados diários","browser","","","","public/data/sentences.json","Gerar primeiro"
"0259","Let's get some fresh air.","Vamos tomar um ar.","Rotina pessoal, sono e cuidados diários","browser","","","","public/data/sentences.json","Gerar primeiro"
"0260","That coffee woke me up.","Aquele café me despertou.","Rotina pessoal, sono e cuidados diários","browser","","","","public/data/sentences.json","Gerar primeiro"
"0261","I usually skip breakfast.","Geralmente pulo o café da manhã.","Rotina pessoal, sono e cuidados diários","browser","","","","public/data/sentences.json","Gerar primeiro"
"0262","I'm trying to get into a routine.","Estou tentando criar uma rotina.","Rotina pessoal, sono e cuidados diários","browser","","","","public/data/sentences.json","Gerar primeiro"
"0263","I do that every other day.","Faço isso dia sim, dia não.","Rotina pessoal, sono e cuidados diários","browser","","","","public/data/sentences.json","Gerar primeiro"
"0264","It's become a habit.","Isso virou um hábito.","Rotina pessoal, sono e cuidados diários","browser","","","","public/data/sentences.json","Gerar primeiro"
"0265","I keep putting it off.","Fico adiando isso.","Rotina pessoal, sono e cuidados diários","browser","","","","public/data/sentences.json","Gerar primeiro"
"0266","I'm trying to cut back on coffee.","Estou tentando tomar menos café.","Rotina pessoal, sono e cuidados diários","browser","","","","public/data/sentences.json","Gerar primeiro"
"0267","I need to get back on track.","Preciso retomar a rotina.","Rotina pessoal, sono e cuidados diários","browser","","","","public/data/sentences.json","Gerar primeiro"
"0268","I haven't been keeping up with it.","Não tenho conseguido manter isso em dia.","Rotina pessoal, sono e cuidados diários","browser","","","","public/data/sentences.json","Gerar primeiro"
"0269","Little by little, it's getting easier.","Aos poucos, está ficando mais fácil.","Rotina pessoal, sono e cuidados diários","browser","","","","public/data/sentences.json","Gerar primeiro"
"0270","I'm taking it one day at a time.","Estou levando um dia de cada vez.","Rotina pessoal, sono e cuidados diários","browser","","","","public/data/sentences.json","Gerar primeiro"
"0271","I'm home.","Cheguei.","Rotina pessoal, sono e cuidados diários","browser","","","","public/data/sentences.json","Gerar primeiro"
"0272","How was your day?","Como foi seu dia?","Rotina pessoal, sono e cuidados diários","browser","","","","public/data/sentences.json","Gerar primeiro"
"0273","I need to change into something comfortable.","Preciso vestir algo confortável.","Rotina pessoal, sono e cuidados diários","browser","","","","public/data/sentences.json","Gerar primeiro"
"0274","I'm going to put my feet up.","Vou me sentar e descansar. [Informal]","Rotina pessoal, sono e cuidados diários","browser","","","","public/data/sentences.json","Gerar primeiro"
"0275","It's good to be back home.","É bom estar em casa de novo.","Rotina pessoal, sono e cuidados diários","browser","","","","public/data/sentences.json","Gerar primeiro"
"0276","I don't feel like going out again.","Não estou com vontade de sair de novo.","Rotina pessoal, sono e cuidados diários","browser","","","","public/data/sentences.json","Gerar primeiro"
"0277","Let's have a quiet night in.","Vamos passar uma noite tranquila em casa.","Rotina pessoal, sono e cuidados diários","browser","","","","public/data/sentences.json","Gerar primeiro"
"0278","I just want to switch off for a while.","Só quero desligar a cabeça um pouco.","Rotina pessoal, sono e cuidados diários","browser","","","","public/data/sentences.json","Gerar primeiro"
"0279","I've had a long day.","Meu dia foi puxado.","Rotina pessoal, sono e cuidados diários","browser","","","","public/data/sentences.json","Gerar primeiro"
"0280","I didn't get much done today.","Não consegui fazer muita coisa hoje.","Rotina pessoal, sono e cuidados diários","browser","","","","public/data/sentences.json","Gerar primeiro"
"0281","I'm getting sleepy.","Estou ficando com sono.","Rotina pessoal, sono e cuidados diários","browser","","","","public/data/sentences.json","Gerar primeiro"
"0282","I can barely keep my eyes open.","Mal consigo manter os olhos abertos.","Rotina pessoal, sono e cuidados diários","browser","","","","public/data/sentences.json","Gerar primeiro"
"0283","I'm going to bed early tonight.","Vou dormir cedo hoje.","Rotina pessoal, sono e cuidados diários","browser","","","","public/data/sentences.json","Gerar primeiro"
"0284","Let's turn in.","Vamos dormir. [Informal]","Rotina pessoal, sono e cuidados diários","browser","","","","public/data/sentences.json","Gerar primeiro"
"0285","Don't stay up too late.","Não vá dormir muito tarde.","Rotina pessoal, sono e cuidados diários","browser","","","","public/data/sentences.json","Gerar primeiro"
"0286","Set the alarm for seven.","Coloque o despertador para as sete.","Rotina pessoal, sono e cuidados diários","browser","","","","public/data/sentences.json","Gerar primeiro"
"0287","Could you turn the light off?","Você pode apagar a luz?","Rotina pessoal, sono e cuidados diários","browser","","","","public/data/sentences.json","Gerar primeiro"
"0288","Leave a little light on.","Deixe uma luzinha acesa.","Rotina pessoal, sono e cuidados diários","browser","","","","public/data/sentences.json","Gerar primeiro"
"0289","Sleep tight.","Durma bem. [Carinhoso]","Rotina pessoal, sono e cuidados diários","browser","","","","public/data/sentences.json","Gerar primeiro"
"0290","See you in the morning.","Até amanhã de manhã.","Rotina pessoal, sono e cuidados diários","browser","","","","public/data/sentences.json","Gerar primeiro"
"0291","I can't fall asleep.","Não consigo pegar no sono.","Rotina pessoal, sono e cuidados diários","browser","","","","public/data/sentences.json","Gerar primeiro"
"0292","My mind won't switch off.","Minha cabeça não desliga.","Rotina pessoal, sono e cuidados diários","browser","","","","public/data/sentences.json","Gerar primeiro"
"0293","I stayed up way too late.","Fui dormir tarde demais.","Rotina pessoal, sono e cuidados diários","browser","","","","public/data/sentences.json","Gerar primeiro"
"0294","I woke up in the middle of the night.","Acordei no meio da noite.","Rotina pessoal, sono e cuidados diários","browser","","","","public/data/sentences.json","Gerar primeiro"
"0295","I'm going to sleep in tomorrow.","Amanhã vou dormir até mais tarde.","Rotina pessoal, sono e cuidados diários","browser","","","","public/data/sentences.json","Gerar primeiro"
"0296","There's no rush this morning.","Hoje de manhã não tem pressa.","Rotina pessoal, sono e cuidados diários","browser","","","","public/data/sentences.json","Gerar primeiro"
"0297","I spent the whole morning in pajamas.","Passei a manhã inteira de pijama.","Rotina pessoal, sono e cuidados diários","browser","","","","public/data/sentences.json","Gerar primeiro"
"0298","I lost track of time last night.","Perdi a noção do tempo ontem à noite.","Rotina pessoal, sono e cuidados diários","browser","","","","public/data/sentences.json","Gerar primeiro"
"0299","I need a proper day off.","Preciso de um dia de folga de verdade.","Rotina pessoal, sono e cuidados diários","browser","","","","public/data/sentences.json","Gerar primeiro"
"0300","Tomorrow is another day.","Amanhã é outro dia.","Rotina pessoal, sono e cuidados diários","browser","","","","public/data/sentences.json","Gerar primeiro"
"0301","The power went out.","Acabou a energia.","Moradia, reparos e vizinhança","elevenlabs","Chris","eleven_multilingual_v2","/audio/elevenlabs/0301.mp3","public/data/sentences.json","Revisar apenas se houver um problema"
"0302","Is the power back on?","A energia já voltou?","Moradia, reparos e vizinhança","elevenlabs","Chris","eleven_multilingual_v2","/audio/elevenlabs/0302.mp3","public/data/sentences.json","Revisar apenas se houver um problema"
"0303","This light bulb burned out.","Esta lâmpada queimou.","Moradia, reparos e vizinhança","elevenlabs","Chris","eleven_multilingual_v2","/audio/elevenlabs/0303.mp3","public/data/sentences.json","Revisar apenas se houver um problema"
"0304","Can you plug this in?","Você pode ligar isto na tomada?","Moradia, reparos e vizinhança","elevenlabs","Chris","eleven_multilingual_v2","/audio/elevenlabs/0304.mp3","public/data/sentences.json","Revisar apenas se houver um problema"
"0305","Unplug it when you're done.","Tire da tomada quando terminar.","Moradia, reparos e vizinhança","elevenlabs","Chris","eleven_multilingual_v2","/audio/elevenlabs/0305.mp3","public/data/sentences.json","Revisar apenas se houver um problema"
"0306","That outlet doesn't work.","Aquela tomada não funciona.","Moradia, reparos e vizinhança","elevenlabs","Chris","eleven_multilingual_v2","/audio/elevenlabs/0306.mp3","public/data/sentences.json","Revisar apenas se houver um problema"
"0307","The lights keep flickering.","As luzes ficam piscando.","Moradia, reparos e vizinhança","elevenlabs","Chris","eleven_multilingual_v2","/audio/elevenlabs/0307.mp3","public/data/sentences.json","Revisar apenas se houver um problema"
"0308","We need an extension cord.","Precisamos de uma extensão.","Moradia, reparos e vizinhança","elevenlabs","Chris","eleven_multilingual_v2","/audio/elevenlabs/0308.mp3","public/data/sentences.json","Revisar apenas se houver um problema"
"0309","The breaker tripped again.","O disjuntor desarmou de novo.","Moradia, reparos e vizinhança","elevenlabs","Chris","eleven_multilingual_v2","/audio/elevenlabs/0309.mp3","public/data/sentences.json","Revisar apenas se houver um problema"
"0310","Let's call an electrician.","Vamos chamar um eletricista.","Moradia, reparos e vizinhança","elevenlabs","Chris","eleven_multilingual_v2","/audio/elevenlabs/0310.mp3","public/data/sentences.json","Revisar apenas se houver um problema"
"0311","The faucet is dripping.","A torneira está pingando.","Moradia, reparos e vizinhança","elevenlabs","Chris","eleven_multilingual_v2","/audio/elevenlabs/0311.mp3","public/data/sentences.json","Revisar apenas se houver um problema"
"0312","There's a leak under the sink.","Tem um vazamento embaixo da pia.","Moradia, reparos e vizinhança","elevenlabs","Chris","eleven_multilingual_v2","/audio/elevenlabs/0312.mp3","public/data/sentences.json","Revisar apenas se houver um problema"
"0313","The drain is clogged.","O ralo está entupido.","Moradia, reparos e vizinhança","browser","","","","public/data/sentences.json","Gerar primeiro"
"0314","The toilet won't flush.","A descarga não funciona.","Moradia, reparos e vizinhança","browser","","","","public/data/sentences.json","Gerar primeiro"
"0315","We need to call a plumber.","Precisamos chamar um encanador.","Moradia, reparos e vizinhança","browser","","","","public/data/sentences.json","Gerar primeiro"
"0316","Turn off the water supply.","Feche o registro de água.","Moradia, reparos e vizinhança","browser","","","","public/data/sentences.json","Gerar primeiro"
"0317","There's water all over the floor.","Tem água pelo chão inteiro.","Moradia, reparos e vizinhança","browser","","","","public/data/sentences.json","Gerar primeiro"
"0318","The shower head needs replacing.","O chuveiro precisa ser trocado.","Moradia, reparos e vizinhança","browser","","","","public/data/sentences.json","Gerar primeiro"
"0319","The pipe burst last night.","O cano estourou ontem à noite.","Moradia, reparos e vizinhança","browser","","","","public/data/sentences.json","Gerar primeiro"
"0320","It's still leaking a little.","Ainda está vazando um pouco.","Moradia, reparos e vizinhança","browser","","","","public/data/sentences.json","Gerar primeiro"
"0321","The door won't close properly.","A porta não fecha direito.","Moradia, reparos e vizinhança","browser","","","","public/data/sentences.json","Gerar primeiro"
"0322","The lock is stuck.","A fechadura está emperrada.","Moradia, reparos e vizinhança","browser","","","","public/data/sentences.json","Gerar primeiro"
"0323","I locked myself out.","Fiquei trancado para fora.","Moradia, reparos e vizinhança","browser","","","","public/data/sentences.json","Gerar primeiro"
"0324","Do you have a spare key?","Você tem uma chave reserva?","Moradia, reparos e vizinhança","browser","","","","public/data/sentences.json","Gerar primeiro"
"0325","The window is jammed.","A janela está emperrada.","Moradia, reparos e vizinhança","browser","","","","public/data/sentences.json","Gerar primeiro"
"0326","Could you leave the door unlocked?","Você pode deixar a porta destrancada?","Moradia, reparos e vizinhança","browser","","","","public/data/sentences.json","Gerar primeiro"
"0327","Someone's at the door.","Tem alguém na porta.","Moradia, reparos e vizinhança","browser","","","","public/data/sentences.json","Gerar primeiro"
"0328","The doorbell isn't working.","A campainha não funciona.","Moradia, reparos e vizinhança","browser","","","","public/data/sentences.json","Gerar primeiro"
"0329","Don't slam the door.","Não bata a porta. [Direto]","Moradia, reparos e vizinhança","browser","","","","public/data/sentences.json","Gerar primeiro"
"0330","I need to get another key made.","Preciso mandar fazer outra chave.","Moradia, reparos e vizinhança","browser","","","","public/data/sentences.json","Gerar primeiro"
"0331","It's stuffy in here.","Está abafado aqui.","Moradia, reparos e vizinhança","browser","","","","public/data/sentences.json","Gerar primeiro"
"0332","Let's open a window.","Vamos abrir uma janela.","Moradia, reparos e vizinhança","browser","","","","public/data/sentences.json","Gerar primeiro"
"0333","There's a nice breeze coming in.","Está entrando uma brisa gostosa.","Moradia, reparos e vizinhança","browser","","","","public/data/sentences.json","Gerar primeiro"
"0334","Could you turn the fan on?","Você pode ligar o ventilador?","Moradia, reparos e vizinhança","browser","","","","public/data/sentences.json","Gerar primeiro"
"0335","The air conditioner is too cold.","O ar-condicionado está frio demais.","Moradia, reparos e vizinhança","browser","","","","public/data/sentences.json","Gerar primeiro"
"0336","Turn the temperature up a little.","Aumente um pouco a temperatura.","Moradia, reparos e vizinhança","browser","","","","public/data/sentences.json","Gerar primeiro"
"0337","The heater isn't working.","O aquecedor não está funcionando.","Moradia, reparos e vizinhança","browser","","","","public/data/sentences.json","Gerar primeiro"
"0338","There's a draft by the window.","Entra uma corrente de ar perto da janela.","Moradia, reparos e vizinhança","browser","","","","public/data/sentences.json","Gerar primeiro"
"0339","We need better insulation.","Precisamos de um isolamento térmico melhor.","Moradia, reparos e vizinhança","browser","","","","public/data/sentences.json","Gerar primeiro"
"0340","Close the curtains to keep the sun out.","Feche as cortinas para bloquear o sol.","Moradia, reparos e vizinhança","browser","","","","public/data/sentences.json","Gerar primeiro"
"0341","This needs fixing.","Isto precisa de conserto.","Moradia, reparos e vizinhança","browser","","","","public/data/sentences.json","Gerar primeiro"
"0342","I think a screw is loose.","Acho que tem um parafuso solto.","Moradia, reparos e vizinhança","browser","","","","public/data/sentences.json","Gerar primeiro"
"0343","Hand me the screwdriver.","Passe a chave de fenda.","Moradia, reparos e vizinhança","browser","","","","public/data/sentences.json","Gerar primeiro"
"0344","The chair is a bit wobbly.","A cadeira está um pouco bamba.","Moradia, reparos e vizinhança","browser","","","","public/data/sentences.json","Gerar primeiro"
"0345","I'll tighten it up.","Vou apertar isso.","Moradia, reparos e vizinhança","browser","","","","public/data/sentences.json","Gerar primeiro"
"0346","We need to patch this hole.","Precisamos tapar este buraco.","Moradia, reparos e vizinhança","browser","","","","public/data/sentences.json","Gerar primeiro"
"0347","The paint is peeling off.","A tinta está descascando.","Moradia, reparos e vizinhança","browser","","","","public/data/sentences.json","Gerar primeiro"
"0348","I can probably fix it myself.","Provavelmente consigo consertar sozinho.","Moradia, reparos e vizinhança","browser","","","","public/data/sentences.json","Gerar primeiro"
"0349","Let's get someone to look at it.","Vamos chamar alguém para verificar isso.","Moradia, reparos e vizinhança","browser","","","","public/data/sentences.json","Gerar primeiro"
"0350","It's not worth repairing.","Não vale a pena consertar.","Moradia, reparos e vizinhança","browser","","","","public/data/sentences.json","Gerar primeiro"
"0351","Will this fit through the door?","Isto passa pela porta?","Moradia, reparos e vizinhança","browser","","","","public/data/sentences.json","Gerar primeiro"
"0352","Let's move the couch over a little.","Vamos mover o sofá um pouco para o lado.","Moradia, reparos e vizinhança","browser","","","","public/data/sentences.json","Gerar primeiro"
"0353","It takes up too much space.","Isto ocupa espaço demais.","Moradia, reparos e vizinhança","browser","","","","public/data/sentences.json","Gerar primeiro"
"0354","We need to measure the wall.","Precisamos medir a parede.","Moradia, reparos e vizinhança","browser","","","","public/data/sentences.json","Gerar primeiro"
"0355","That table is too big for this room.","Essa mesa é grande demais para este cômodo.","Moradia, reparos e vizinhança","browser","","","","public/data/sentences.json","Gerar primeiro"
"0356","Could you help me lift this?","Você pode me ajudar a levantar isto?","Moradia, reparos e vizinhança","browser","","","","public/data/sentences.json","Gerar primeiro"
"0357","Careful; it's heavier than it looks.","Cuidado; é mais pesado do que parece.","Moradia, reparos e vizinhança","browser","","","","public/data/sentences.json","Gerar primeiro"
"0358","Let's put it against the wall.","Vamos colocar encostado na parede.","Moradia, reparos e vizinhança","browser","","","","public/data/sentences.json","Gerar primeiro"
"0359","The shelf isn't level.","A prateleira está torta.","Moradia, reparos e vizinhança","browser","","","","public/data/sentences.json","Gerar primeiro"
"0360","It looks better in that corner.","Fica melhor naquele canto.","Moradia, reparos e vizinhança","browser","","","","public/data/sentences.json","Gerar primeiro"
"0361","The neighbors are having a party.","Os vizinhos estão dando uma festa.","Moradia, reparos e vizinhança","browser","","","","public/data/sentences.json","Gerar primeiro"
"0362","Could you keep the noise down?","Vocês podem diminuir o barulho?","Moradia, reparos e vizinhança","browser","","","","public/data/sentences.json","Gerar primeiro"
"0363","I can hear everything through this wall.","Consigo ouvir tudo através desta parede.","Moradia, reparos e vizinhança","browser","","","","public/data/sentences.json","Gerar primeiro"
"0364","Their dog has been barking all morning.","O cachorro deles está latindo a manhã inteira.","Moradia, reparos e vizinhança","browser","","","","public/data/sentences.json","Gerar primeiro"
"0365","Sorry about the noise last night.","Desculpe pelo barulho de ontem à noite.","Moradia, reparos e vizinhança","browser","","","","public/data/sentences.json","Gerar primeiro"
"0366","We'll keep it down.","Vamos fazer menos barulho.","Moradia, reparos e vizinhança","browser","","","","public/data/sentences.json","Gerar primeiro"
"0367","Do you know who lives next door?","Você sabe quem mora ao lado?","Moradia, reparos e vizinhança","browser","","","","public/data/sentences.json","Gerar primeiro"
"0368","Our neighbors are really friendly.","Nossos vizinhos são muito simpáticos.","Moradia, reparos e vizinhança","browser","","","","public/data/sentences.json","Gerar primeiro"
"0369","Someone parked in my spot.","Alguém estacionou na minha vaga.","Moradia, reparos e vizinhança","browser","","","","public/data/sentences.json","Gerar primeiro"
"0370","I'll talk to the building manager.","Vou falar com o responsável pelo prédio.","Moradia, reparos e vizinhança","browser","","","","public/data/sentences.json","Gerar primeiro"
"0371","Is the apartment still available?","O apartamento ainda está disponível?","Moradia, reparos e vizinhança","browser","","","","public/data/sentences.json","Gerar primeiro"
"0372","I'd like to schedule a viewing.","Gostaria de agendar uma visita.","Moradia, reparos e vizinhança","browser","","","","public/data/sentences.json","Gerar primeiro"
"0373","How much is the rent?","Quanto é o aluguel?","Moradia, reparos e vizinhança","browser","","","","public/data/sentences.json","Gerar primeiro"
"0374","Are utilities included?","As contas de consumo estão incluídas?","Moradia, reparos e vizinhança","browser","","","","public/data/sentences.json","Gerar primeiro"
"0375","Is there a security deposit?","É preciso pagar caução?","Moradia, reparos e vizinhança","browser","","","","public/data/sentences.json","Gerar primeiro"
"0376","Are pets allowed?","É permitido ter animais de estimação?","Moradia, reparos e vizinhança","browser","","","","public/data/sentences.json","Gerar primeiro"
"0377","How long is the lease?","Qual é a duração do contrato de aluguel?","Moradia, reparos e vizinhança","browser","","","","public/data/sentences.json","Gerar primeiro"
"0378","The rent is due next week.","O aluguel vence na semana que vem.","Moradia, reparos e vizinhança","browser","","","","public/data/sentences.json","Gerar primeiro"
"0379","We need more room.","Precisamos de mais espaço.","Moradia, reparos e vizinhança","browser","","","","public/data/sentences.json","Gerar primeiro"
"0380","The location works well for me.","A localização é boa para mim.","Moradia, reparos e vizinhança","browser","","","","public/data/sentences.json","Gerar primeiro"
"0381","We're moving next month.","Vamos nos mudar no mês que vem.","Moradia, reparos e vizinhança","browser","","","","public/data/sentences.json","Gerar primeiro"
"0382","I still need to pack.","Ainda preciso encaixotar as coisas.","Moradia, reparos e vizinhança","browser","","","","public/data/sentences.json","Gerar primeiro"
"0383","Label the boxes by room.","Identifique as caixas pelo cômodo de destino.","Moradia, reparos e vizinhança","browser","","","","public/data/sentences.json","Gerar primeiro"
"0384","Be careful with the fragile stuff.","Cuidado com as coisas frágeis.","Moradia, reparos e vizinhança","browser","","","","public/data/sentences.json","Gerar primeiro"
"0385","The moving truck is outside.","O caminhão de mudança está lá fora.","Moradia, reparos e vizinhança","browser","","","","public/data/sentences.json","Gerar primeiro"
"0386","We've finally settled in.","Finalmente nos acomodamos.","Moradia, reparos e vizinhança","browser","","","","public/data/sentences.json","Gerar primeiro"
"0387","I haven't unpacked everything yet.","Ainda não desencaixotei tudo.","Moradia, reparos e vizinhança","browser","","","","public/data/sentences.json","Gerar primeiro"
"0388","Let me give you our new address.","Deixe eu passar nosso endereço novo.","Moradia, reparos e vizinhança","browser","","","","public/data/sentences.json","Gerar primeiro"
"0389","Moving is more work than I expected.","Mudar dá mais trabalho do que eu esperava.","Moradia, reparos e vizinhança","browser","","","","public/data/sentences.json","Gerar primeiro"
"0390","It already feels like home.","Já tem cara de lar.","Moradia, reparos e vizinhança","browser","","","","public/data/sentences.json","Gerar primeiro"
"0391","The grass needs cutting.","A grama precisa ser cortada.","Moradia, reparos e vizinhança","browser","","","","public/data/sentences.json","Gerar primeiro"
"0392","Could you water the plants?","Você pode regar as plantas?","Moradia, reparos e vizinhança","browser","","","","public/data/sentences.json","Gerar primeiro"
"0393","This plant needs more sunlight.","Esta planta precisa de mais luz solar.","Moradia, reparos e vizinhança","browser","","","","public/data/sentences.json","Gerar primeiro"
"0394","The gate is open.","O portão está aberto.","Moradia, reparos e vizinhança","browser","","","","public/data/sentences.json","Gerar primeiro"
"0395","There's a crack in the wall.","Tem uma rachadura na parede.","Moradia, reparos e vizinhança","browser","","","","public/data/sentences.json","Gerar primeiro"
"0396","We need to clean the gutters.","Precisamos limpar as calhas.","Moradia, reparos e vizinhança","browser","","","","public/data/sentences.json","Gerar primeiro"
"0397","The roof is leaking.","O telhado está vazando.","Moradia, reparos e vizinhança","browser","","","","public/data/sentences.json","Gerar primeiro"
"0398","Let's sit out on the porch.","Vamos sentar na varanda.","Moradia, reparos e vizinhança","browser","","","","public/data/sentences.json","Gerar primeiro"
"0399","The yard could use some work.","O quintal está precisando de cuidados.","Moradia, reparos e vizinhança","browser","","","","public/data/sentences.json","Gerar primeiro"
"0400","I'll take care of the maintenance.","Vou cuidar da manutenção.","Moradia, reparos e vizinhança","browser","","","","public/data/sentences.json","Gerar primeiro"
"0401","I'd like to get to know you better.","Gostaria de conhecer você melhor.","Relacionamento: carinho, namoro e planos","elevenlabs","Chris","eleven_multilingual_v2","/audio/elevenlabs/0401.mp3","public/data/sentences.json","Revisar apenas se houver um problema"
"0402","I really enjoy talking to you.","Gosto muito de conversar com você.","Relacionamento: carinho, namoro e planos","elevenlabs","Chris","eleven_multilingual_v2","/audio/elevenlabs/0402.mp3","public/data/sentences.json","Revisar apenas se houver um problema"
"0403","Do you want to grab a coffee sometime?","Quer tomar um café qualquer dia?","Relacionamento: carinho, namoro e planos","elevenlabs","Chris","eleven_multilingual_v2","/audio/elevenlabs/0403.mp3","public/data/sentences.json","Revisar apenas se houver um problema"
"0404","Are you seeing anyone?","Você está saindo com alguém?","Relacionamento: carinho, namoro e planos","elevenlabs","Chris","eleven_multilingual_v2","/audio/elevenlabs/0404.mp3","public/data/sentences.json","Revisar apenas se houver um problema"
"0405","I'd love to take you out.","Adoraria levar você para sair.","Relacionamento: carinho, namoro e planos","elevenlabs","Chris","eleven_multilingual_v2","/audio/elevenlabs/0405.mp3","public/data/sentences.json","Revisar apenas se houver um problema"
"0406","I think we have a lot in common.","Acho que temos muito em comum.","Relacionamento: carinho, namoro e planos","elevenlabs","Chris","eleven_multilingual_v2","/audio/elevenlabs/0406.mp3","public/data/sentences.json","Revisar apenas se houver um problema"
"0407","There's something about you.","Você tem algo especial.","Relacionamento: carinho, namoro e planos","elevenlabs","Chris","eleven_multilingual_v2","/audio/elevenlabs/0407.mp3","public/data/sentences.json","Revisar apenas se houver um problema"
"0408","You seem really easy to talk to.","Você parece alguém com quem é fácil conversar.","Relacionamento: carinho, namoro e planos","elevenlabs","Chris","eleven_multilingual_v2","/audio/elevenlabs/0408.mp3","public/data/sentences.json","Revisar apenas se houver um problema"
"0409","I was hoping you'd text me.","Eu estava torcendo para você me mandar mensagem.","Relacionamento: carinho, namoro e planos","elevenlabs","Chris","eleven_multilingual_v2","/audio/elevenlabs/0409.mp3","public/data/sentences.json","Revisar apenas se houver um problema"
"0410","I'd like to see you again.","Gostaria de ver você de novo.","Relacionamento: carinho, namoro e planos","elevenlabs","Chris","eleven_multilingual_v2","/audio/elevenlabs/0410.mp3","public/data/sentences.json","Revisar apenas se houver um problema"
"0411","Are we still on for tonight?","Nosso encontro de hoje à noite está confirmado?","Relacionamento: carinho, namoro e planos","elevenlabs","Chris","eleven_multilingual_v2","/audio/elevenlabs/0411.mp3","public/data/sentences.json","Revisar apenas se houver um problema"
"0412","I'll pick you up at eight.","Vou buscar você às oito.","Relacionamento: carinho, namoro e planos","elevenlabs","Chris","eleven_multilingual_v2","/audio/elevenlabs/0412.mp3","public/data/sentences.json","Revisar apenas se houver um problema"
"0413","Would you rather meet there?","Você prefere que a gente se encontre lá?","Relacionamento: carinho, namoro e planos","browser","","","","public/data/sentences.json","Gerar primeiro"
"0414","I know a nice little place.","Conheço um lugarzinho legal.","Relacionamento: carinho, namoro e planos","browser","","","","public/data/sentences.json","Gerar primeiro"
"0415","Let's do something different this time.","Vamos fazer algo diferente desta vez.","Relacionamento: carinho, namoro e planos","browser","","","","public/data/sentences.json","Gerar primeiro"
"0416","You choose the place.","Você escolhe o lugar.","Relacionamento: carinho, namoro e planos","browser","","","","public/data/sentences.json","Gerar primeiro"
"0417","I'll make a reservation.","Vou fazer uma reserva.","Relacionamento: carinho, namoro e planos","browser","","","","public/data/sentences.json","Gerar primeiro"
"0418","There's no need to dress up.","Não precisa se arrumar muito.","Relacionamento: carinho, namoro e planos","browser","","","","public/data/sentences.json","Gerar primeiro"
"0419","I'm looking forward to our date.","Estou animado para o nosso encontro.","Relacionamento: carinho, namoro e planos","browser","","","","public/data/sentences.json","Gerar primeiro"
"0420","Tonight works perfectly for me.","Hoje à noite é perfeito para mim.","Relacionamento: carinho, namoro e planos","browser","","","","public/data/sentences.json","Gerar primeiro"
"0421","You look lovely.","Você está linda.","Relacionamento: carinho, namoro e planos","browser","","","","public/data/sentences.json","Gerar primeiro"
"0422","That color really suits you.","Essa cor combina muito com você.","Relacionamento: carinho, namoro e planos","browser","","","","public/data/sentences.json","Gerar primeiro"
"0423","You have a great smile.","Você tem um sorriso lindo.","Relacionamento: carinho, namoro e planos","browser","","","","public/data/sentences.json","Gerar primeiro"
"0424","I love your sense of humor.","Adoro seu senso de humor.","Relacionamento: carinho, namoro e planos","browser","","","","public/data/sentences.json","Gerar primeiro"
"0425","You always make me laugh.","Você sempre me faz rir.","Relacionamento: carinho, namoro e planos","browser","","","","public/data/sentences.json","Gerar primeiro"
"0426","I like the way you think.","Gosto do seu jeito de pensar.","Relacionamento: carinho, namoro e planos","browser","","","","public/data/sentences.json","Gerar primeiro"
"0427","You make everything more fun.","Você deixa tudo mais divertido.","Relacionamento: carinho, namoro e planos","browser","","","","public/data/sentences.json","Gerar primeiro"
"0428","You're easy to be around.","É gostoso estar perto de você.","Relacionamento: carinho, namoro e planos","browser","","","","public/data/sentences.json","Gerar primeiro"
"0429","I admire how thoughtful you are.","Admiro como você é uma pessoa atenciosa.","Relacionamento: carinho, namoro e planos","browser","","","","public/data/sentences.json","Gerar primeiro"
"0430","You look good with your hair like that.","Você fica bem com o cabelo assim.","Relacionamento: carinho, namoro e planos","browser","","","","public/data/sentences.json","Gerar primeiro"
"0431","Come here and give me a hug.","Venha aqui me dar um abraço.","Relacionamento: carinho, namoro e planos","browser","","","","public/data/sentences.json","Gerar primeiro"
"0432","Hold my hand.","Segure minha mão.","Relacionamento: carinho, namoro e planos","browser","","","","public/data/sentences.json","Gerar primeiro"
"0433","I missed you today.","Senti sua falta hoje.","Relacionamento: carinho, namoro e planos","browser","","","","public/data/sentences.json","Gerar primeiro"
"0434","It's good to have you here.","É bom ter você aqui.","Relacionamento: carinho, namoro e planos","browser","","","","public/data/sentences.json","Gerar primeiro"
"0435","I'm glad you're in my life.","Fico feliz por você fazer parte da minha vida.","Relacionamento: carinho, namoro e planos","browser","","","","public/data/sentences.json","Gerar primeiro"
"0436","You mean a lot to me.","Você significa muito para mim.","Relacionamento: carinho, namoro e planos","browser","","","","public/data/sentences.json","Gerar primeiro"
"0437","I love spending time with you.","Adoro passar tempo com você.","Relacionamento: carinho, namoro e planos","browser","","","","public/data/sentences.json","Gerar primeiro"
"0438","Stay a little longer.","Fique mais um pouco.","Relacionamento: carinho, namoro e planos","browser","","","","public/data/sentences.json","Gerar primeiro"
"0439","You make me feel at home.","Você me faz sentir em casa.","Relacionamento: carinho, namoro e planos","browser","","","","public/data/sentences.json","Gerar primeiro"
"0440","I'm happy just being with you.","Fico feliz só de estar com você.","Relacionamento: carinho, namoro e planos","browser","","","","public/data/sentences.json","Gerar primeiro"
"0441","I wish you were here.","Queria que você estivesse aqui.","Relacionamento: carinho, namoro e planos","browser","","","","public/data/sentences.json","Gerar primeiro"
"0442","I can't wait to see you.","Estou ansioso para ver você.","Relacionamento: carinho, namoro e planos","browser","","","","public/data/sentences.json","Gerar primeiro"
"0443","I've been thinking about you.","Tenho pensado em você.","Relacionamento: carinho, namoro e planos","browser","","","","public/data/sentences.json","Gerar primeiro"
"0444","Call me when you get home.","Me ligue quando chegar em casa.","Relacionamento: carinho, namoro e planos","browser","","","","public/data/sentences.json","Gerar primeiro"
"0445","Let me know you got there safely.","Me avise quando chegar bem.","Relacionamento: carinho, namoro e planos","browser","","","","public/data/sentences.json","Gerar primeiro"
"0446","The house feels empty without you.","A casa parece vazia sem você.","Relacionamento: carinho, namoro e planos","browser","","","","public/data/sentences.json","Gerar primeiro"
"0447","It feels like ages since I saw you.","Parece que faz uma eternidade que não vejo você.","Relacionamento: carinho, namoro e planos","browser","","","","public/data/sentences.json","Gerar primeiro"
"0448","We'll make the distance work.","Vamos fazer a relação à distância funcionar.","Relacionamento: carinho, namoro e planos","browser","","","","public/data/sentences.json","Gerar primeiro"
"0449","I'm counting down the days.","Estou contando os dias.","Relacionamento: carinho, namoro e planos","browser","","","","public/data/sentences.json","Gerar primeiro"
"0450","I wish I could be there with you.","Queria poder estar aí com você.","Relacionamento: carinho, namoro e planos","browser","","","","public/data/sentences.json","Gerar primeiro"
"0451","I'm here for you.","Estou aqui para apoiar você.","Relacionamento: carinho, namoro e planos","browser","","","","public/data/sentences.json","Gerar primeiro"
"0452","You don't have to face this alone.","Você não precisa enfrentar isso sozinho.","Relacionamento: carinho, namoro e planos","browser","","","","public/data/sentences.json","Gerar primeiro"
"0453","We'll figure it out together.","Vamos encontrar uma solução juntos.","Relacionamento: carinho, namoro e planos","browser","","","","public/data/sentences.json","Gerar primeiro"
"0454","Tell me what's on your mind.","Me conte o que está passando pela sua cabeça.","Relacionamento: carinho, namoro e planos","browser","","","","public/data/sentences.json","Gerar primeiro"
"0455","You can lean on me.","Você pode contar comigo para se apoiar.","Relacionamento: carinho, namoro e planos","browser","","","","public/data/sentences.json","Gerar primeiro"
"0456","I believe in you.","Acredito em você.","Relacionamento: carinho, namoro e planos","browser","","","","public/data/sentences.json","Gerar primeiro"
"0457","I'm proud of how far you've come.","Tenho orgulho de quanto você avançou.","Relacionamento: carinho, namoro e planos","browser","","","","public/data/sentences.json","Gerar primeiro"
"0458","You don't need to impress me.","Você não precisa me impressionar.","Relacionamento: carinho, namoro e planos","browser","","","","public/data/sentences.json","Gerar primeiro"
"0459","I've got your back.","Estou do seu lado. [Informal]","Relacionamento: carinho, namoro e planos","browser","","","","public/data/sentences.json","Gerar primeiro"
"0460","We're on the same team.","Estamos no mesmo time.","Relacionamento: carinho, namoro e planos","browser","","","","public/data/sentences.json","Gerar primeiro"
"0461","What are we, exactly?","O que nós somos, exatamente?","Relacionamento: carinho, namoro e planos","browser","","","","public/data/sentences.json","Gerar primeiro"
"0462","Where do you see this going?","Aonde você acha que esta relação está indo?","Relacionamento: carinho, namoro e planos","browser","","","","public/data/sentences.json","Gerar primeiro"
"0463","I'm looking for something serious.","Estou procurando algo sério.","Relacionamento: carinho, namoro e planos","browser","","","","public/data/sentences.json","Gerar primeiro"
"0464","I don't want to rush things.","Não quero apressar as coisas.","Relacionamento: carinho, namoro e planos","browser","","","","public/data/sentences.json","Gerar primeiro"
"0465","Let's take things slowly.","Vamos com calma.","Relacionamento: carinho, namoro e planos","browser","","","","public/data/sentences.json","Gerar primeiro"
"0466","I want us to be exclusive.","Quero que a gente tenha uma relação exclusiva.","Relacionamento: carinho, namoro e planos","browser","","","","public/data/sentences.json","Gerar primeiro"
"0467","I'm not ready for a relationship.","Não estou pronto para um relacionamento.","Relacionamento: carinho, namoro e planos","browser","","","","public/data/sentences.json","Gerar primeiro"
"0468","I like you, but I need more time.","Gosto de você, mas preciso de mais tempo.","Relacionamento: carinho, namoro e planos","browser","","","","public/data/sentences.json","Gerar primeiro"
"0469","We're still getting to know each other.","Ainda estamos nos conhecendo.","Relacionamento: carinho, namoro e planos","browser","","","","public/data/sentences.json","Gerar primeiro"
"0470","I'd rather be honest about what I want.","Prefiro ser sincero sobre o que quero.","Relacionamento: carinho, namoro e planos","browser","","","","public/data/sentences.json","Gerar primeiro"
"0471","We should take a trip together.","A gente deveria viajar juntos.","Relacionamento: carinho, namoro e planos","browser","","","","public/data/sentences.json","Gerar primeiro"
"0472","Let's plan a weekend away.","Vamos planejar um fim de semana fora.","Relacionamento: carinho, namoro e planos","browser","","","","public/data/sentences.json","Gerar primeiro"
"0473","Would you ever move in with me?","Você consideraria morar comigo?","Relacionamento: carinho, namoro e planos","browser","","","","public/data/sentences.json","Gerar primeiro"
"0474","I'd like you to meet my family.","Gostaria que você conhecesse minha família.","Relacionamento: carinho, namoro e planos","browser","","","","public/data/sentences.json","Gerar primeiro"
"0475","What would our life look like together?","Como seria nossa vida juntos?","Relacionamento: carinho, namoro e planos","browser","","","","public/data/sentences.json","Gerar primeiro"
"0476","Let's save up for something special.","Vamos juntar dinheiro para algo especial.","Relacionamento: carinho, namoro e planos","browser","","","","public/data/sentences.json","Gerar primeiro"
"0477","We don't have to decide today.","Não precisamos decidir hoje.","Relacionamento: carinho, namoro e planos","browser","","","","public/data/sentences.json","Gerar primeiro"
"0478","I want to build something with you.","Quero construir algo com você.","Relacionamento: carinho, namoro e planos","browser","","","","public/data/sentences.json","Gerar primeiro"
"0479","Let's make more time for each other.","Vamos reservar mais tempo um para o outro.","Relacionamento: carinho, namoro e planos","browser","","","","public/data/sentences.json","Gerar primeiro"
"0480","I'm excited about our future.","Estou animado com nosso futuro.","Relacionamento: carinho, namoro e planos","browser","","","","public/data/sentences.json","Gerar primeiro"
"0481","I brought you your favorite snack.","Trouxe seu lanche favorito.","Relacionamento: carinho, namoro e planos","browser","","","","public/data/sentences.json","Gerar primeiro"
"0482","I saw this and thought of you.","Vi isto e lembrei de você.","Relacionamento: carinho, namoro e planos","browser","","","","public/data/sentences.json","Gerar primeiro"
"0483","You remembered what I said.","Você se lembrou do que eu disse.","Relacionamento: carinho, namoro e planos","browser","","","","public/data/sentences.json","Gerar primeiro"
"0484","That was really sweet of you.","Foi muito carinhoso da sua parte.","Relacionamento: carinho, namoro e planos","browser","","","","public/data/sentences.json","Gerar primeiro"
"0485","You didn't have to do that.","Você não precisava ter feito isso.","Relacionamento: carinho, namoro e planos","browser","","","","public/data/sentences.json","Gerar primeiro"
"0486","It's the little things that matter.","São os pequenos gestos que importam.","Relacionamento: carinho, namoro e planos","browser","","","","public/data/sentences.json","Gerar primeiro"
"0487","Let me make you some tea.","Deixe eu fazer um chá para você.","Relacionamento: carinho, namoro e planos","browser","","","","public/data/sentences.json","Gerar primeiro"
"0488","Do you want company or some quiet time?","Você quer companhia ou um tempo tranquilo?","Relacionamento: carinho, namoro e planos","browser","","","","public/data/sentences.json","Gerar primeiro"
"0489","We can stay in and watch a movie.","Podemos ficar em casa e ver um filme.","Relacionamento: carinho, namoro e planos","browser","","","","public/data/sentences.json","Gerar primeiro"
"0490","Being together doesn't have to be complicated.","Estar junto não precisa ser complicado.","Relacionamento: carinho, namoro e planos","browser","","","","public/data/sentences.json","Gerar primeiro"
"0491","You're such a sweetheart.","Você é um amor. [Carinhoso]","Relacionamento: carinho, namoro e planos","browser","","","","public/data/sentences.json","Gerar primeiro"
"0492","You know me too well.","Você me conhece bem demais.","Relacionamento: carinho, namoro e planos","browser","","","","public/data/sentences.json","Gerar primeiro"
"0493","I was trying to surprise you.","Eu estava tentando fazer uma surpresa para você.","Relacionamento: carinho, namoro e planos","browser","","","","public/data/sentences.json","Gerar primeiro"
"0494","You're stealing all the blankets.","Você está pegando todos os cobertores. [Brincadeira]","Relacionamento: carinho, namoro e planos","browser","","","","public/data/sentences.json","Gerar primeiro"
"0495","Move over a little.","Chegue um pouco para lá.","Relacionamento: carinho, namoro e planos","browser","","","","public/data/sentences.json","Gerar primeiro"
"0496","Save me a spot next to you.","Guarde um lugar ao seu lado para mim.","Relacionamento: carinho, namoro e planos","browser","","","","public/data/sentences.json","Gerar primeiro"
"0497","Don't make me blush.","Não me deixe sem graça. [Carinhoso]","Relacionamento: carinho, namoro e planos","browser","","","","public/data/sentences.json","Gerar primeiro"
"0498","You're making it hard to leave.","Você está dificultando minha despedida. [Carinhoso]","Relacionamento: carinho, namoro e planos","browser","","","","public/data/sentences.json","Gerar primeiro"
"0499","I'd choose you all over again.","Eu escolheria você de novo.","Relacionamento: carinho, namoro e planos","browser","","","","public/data/sentences.json","Gerar primeiro"
"0500","I'm lucky to have you.","Tenho sorte de ter você.","Relacionamento: carinho, namoro e planos","browser","","","","public/data/sentences.json","Gerar primeiro"
"0501","Can we talk about something?","Podemos conversar sobre uma coisa?","Relacionamento: conflitos, limites e reconciliação","elevenlabs","Chris","eleven_multilingual_v2","/audio/elevenlabs/0501.mp3","public/data/sentences.json","Revisar apenas se houver um problema"
"0502","There's something that's been bothering me.","Tem uma coisa me incomodando.","Relacionamento: conflitos, limites e reconciliação","elevenlabs","Chris","eleven_multilingual_v2","/audio/elevenlabs/0502.mp3","public/data/sentences.json","Revisar apenas se houver um problema"
"0503","I don't want this to turn into an argument.","Não quero que isto vire uma discussão.","Relacionamento: conflitos, limites e reconciliação","elevenlabs","Chris","eleven_multilingual_v2","/audio/elevenlabs/0503.mp3","public/data/sentences.json","Revisar apenas se houver um problema"
"0504","Please hear me out.","Por favor, me escute até o fim.","Relacionamento: conflitos, limites e reconciliação","elevenlabs","Chris","eleven_multilingual_v2","/audio/elevenlabs/0504.mp3","public/data/sentences.json","Revisar apenas se houver um problema"
"0505","I'm trying to explain how I feel.","Estou tentando explicar como me sinto.","Relacionamento: conflitos, limites e reconciliação","elevenlabs","Chris","eleven_multilingual_v2","/audio/elevenlabs/0505.mp3","public/data/sentences.json","Revisar apenas se houver um problema"
"0506","This is hard for me to bring up.","É difícil para mim tocar neste assunto.","Relacionamento: conflitos, limites e reconciliação","elevenlabs","Chris","eleven_multilingual_v2","/audio/elevenlabs/0506.mp3","public/data/sentences.json","Revisar apenas se houver um problema"
"0507","Can we talk without interrupting each other?","Podemos conversar sem interromper um ao outro?","Relacionamento: conflitos, limites e reconciliação","elevenlabs","Chris","eleven_multilingual_v2","/audio/elevenlabs/0507.mp3","public/data/sentences.json","Revisar apenas se houver um problema"
"0508","I'd rather address it now.","Prefiro tratar disso agora.","Relacionamento: conflitos, limites e reconciliação","elevenlabs","Chris","eleven_multilingual_v2","/audio/elevenlabs/0508.mp3","public/data/sentences.json","Revisar apenas se houver um problema"
"0509","I don't want to keep this bottled up.","Não quero continuar guardando isto para mim.","Relacionamento: conflitos, limites e reconciliação","elevenlabs","Chris","eleven_multilingual_v2","/audio/elevenlabs/0509.mp3","public/data/sentences.json","Revisar apenas se houver um problema"
"0510","Let's try to understand each other.","Vamos tentar entender um ao outro.","Relacionamento: conflitos, limites e reconciliação","elevenlabs","Chris","eleven_multilingual_v2","/audio/elevenlabs/0510.mp3","public/data/sentences.json","Revisar apenas se houver um problema"
"0511","That hurt my feelings.","Isso me magoou.","Relacionamento: conflitos, limites e reconciliação","elevenlabs","Chris","eleven_multilingual_v2","/audio/elevenlabs/0511.mp3","public/data/sentences.json","Revisar apenas se houver um problema"
"0512","I felt left out.","Eu me senti excluído.","Relacionamento: conflitos, limites e reconciliação","elevenlabs","Chris","eleven_multilingual_v2","/audio/elevenlabs/0512.mp3","public/data/sentences.json","Revisar apenas se houver um problema"
"0513","I didn't like the way you said that.","Não gostei da forma como você falou isso.","Relacionamento: conflitos, limites e reconciliação","browser","","","","public/data/sentences.json","Gerar primeiro"
"0514","It felt like you weren't listening.","Parecia que você não estava me ouvindo.","Relacionamento: conflitos, limites e reconciliação","browser","","","","public/data/sentences.json","Gerar primeiro"
"0515","I need you to take this seriously.","Preciso que você leve isto a sério.","Relacionamento: conflitos, limites e reconciliação","browser","","","","public/data/sentences.json","Gerar primeiro"
"0516","This matters more to me than you think.","Isto importa mais para mim do que você imagina.","Relacionamento: conflitos, limites e reconciliação","browser","","","","public/data/sentences.json","Gerar primeiro"
"0517","I don't feel appreciated.","Não me sinto valorizado.","Relacionamento: conflitos, limites e reconciliação","browser","","","","public/data/sentences.json","Gerar primeiro"
"0518","I'm upset about what happened.","Estou chateado com o que aconteceu.","Relacionamento: conflitos, limites e reconciliação","browser","","","","public/data/sentences.json","Gerar primeiro"
"0519","It wasn't just about the cup.","Não era só pela xícara.","Relacionamento: conflitos, limites e reconciliação","browser","","","","public/data/sentences.json","Gerar primeiro"
"0520","It's been building up for a while.","Isso vem se acumulando há algum tempo.","Relacionamento: conflitos, limites e reconciliação","browser","","","","public/data/sentences.json","Gerar primeiro"
"0521","That's not what I meant.","Não foi isso que eu quis dizer.","Relacionamento: conflitos, limites e reconciliação","browser","","","","public/data/sentences.json","Gerar primeiro"
"0522","I wasn't trying to upset you.","Eu não estava tentando chatear você.","Relacionamento: conflitos, limites e reconciliação","browser","","","","public/data/sentences.json","Gerar primeiro"
"0523","I can see how that came across.","Entendo como isso pode ter soado.","Relacionamento: conflitos, limites e reconciliação","browser","","","","public/data/sentences.json","Gerar primeiro"
"0524","I should have worded that differently.","Eu deveria ter falado de outro jeito.","Relacionamento: conflitos, limites e reconciliação","browser","","","","public/data/sentences.json","Gerar primeiro"
"0525","You're reading more into it than I intended.","Você está interpretando além do que eu quis dizer.","Relacionamento: conflitos, limites e reconciliação","browser","","","","public/data/sentences.json","Gerar primeiro"
"0526","I wasn't having a go at you.","Eu não estava criticando você. [Informal; britânico]","Relacionamento: conflitos, limites e reconciliação","browser","","","","public/data/sentences.json","Gerar primeiro"
"0527","I was talking about the situation, not you.","Eu estava falando da situação, não de você.","Relacionamento: conflitos, limites e reconciliação","browser","","","","public/data/sentences.json","Gerar primeiro"
"0528","I meant it as a joke.","Minha intenção era brincar.","Relacionamento: conflitos, limites e reconciliação","browser","","","","public/data/sentences.json","Gerar primeiro"
"0529","I understand that it didn't feel like a joke.","Entendo que não pareceu uma brincadeira.","Relacionamento: conflitos, limites e reconciliação","browser","","","","public/data/sentences.json","Gerar primeiro"
"0530","Let me try saying that again.","Deixe eu tentar explicar de novo.","Relacionamento: conflitos, limites e reconciliação","browser","","","","public/data/sentences.json","Gerar primeiro"
"0531","I need some time to myself.","Preciso de um tempo só para mim.","Relacionamento: conflitos, limites e reconciliação","browser","","","","public/data/sentences.json","Gerar primeiro"
"0532","Please don't go through my phone.","Por favor, não mexa no meu celular.","Relacionamento: conflitos, limites e reconciliação","browser","","","","public/data/sentences.json","Gerar primeiro"
"0533","I'm not comfortable with that.","Não me sinto confortável com isso.","Relacionamento: conflitos, limites e reconciliação","browser","","","","public/data/sentences.json","Gerar primeiro"
"0534","That's a boundary for me.","Isso é um limite para mim.","Relacionamento: conflitos, limites e reconciliação","browser","","","","public/data/sentences.json","Gerar primeiro"
"0535","Please don't speak to me that way.","Por favor, não fale comigo desse jeito.","Relacionamento: conflitos, limites e reconciliação","browser","","","","public/data/sentences.json","Gerar primeiro"
"0536","I need you to respect my decision.","Preciso que você respeite minha decisão.","Relacionamento: conflitos, limites e reconciliação","browser","","","","public/data/sentences.json","Gerar primeiro"
"0537","I'm not okay with being shouted at.","Não aceito que gritem comigo.","Relacionamento: conflitos, limites e reconciliação","browser","","","","public/data/sentences.json","Gerar primeiro"
"0538","I don't want to discuss that in public.","Não quero discutir isso em público.","Relacionamento: conflitos, limites e reconciliação","browser","","","","public/data/sentences.json","Gerar primeiro"
"0539","I can say no without explaining everything.","Posso dizer não sem explicar tudo.","Relacionamento: conflitos, limites e reconciliação","browser","","","","public/data/sentences.json","Gerar primeiro"
"0540","This isn't something I'm willing to compromise on.","Não estou disposto a abrir mão disso.","Relacionamento: conflitos, limites e reconciliação","browser","","","","public/data/sentences.json","Gerar primeiro"
"0541","Let's take a step back.","Vamos dar um passo atrás.","Relacionamento: conflitos, limites e reconciliação","browser","","","","public/data/sentences.json","Gerar primeiro"
"0542","We're both getting worked up.","Nós dois estamos ficando exaltados.","Relacionamento: conflitos, limites e reconciliação","browser","","","","public/data/sentences.json","Gerar primeiro"
"0543","I need a few minutes to cool down.","Preciso de alguns minutos para me acalmar.","Relacionamento: conflitos, limites e reconciliação","browser","","","","public/data/sentences.json","Gerar primeiro"
"0544","Let's not say things we'll regret.","Vamos evitar dizer coisas de que vamos nos arrepender.","Relacionamento: conflitos, limites e reconciliação","browser","","","","public/data/sentences.json","Gerar primeiro"
"0545","Can we come back to this later?","Podemos retomar isto depois?","Relacionamento: conflitos, limites e reconciliação","browser","","","","public/data/sentences.json","Gerar primeiro"
"0546","I'm too upset to talk calmly right now.","Estou chateado demais para conversar com calma agora.","Relacionamento: conflitos, limites e reconciliação","browser","","","","public/data/sentences.json","Gerar primeiro"
"0547","I'm not walking away from the issue.","Não estou fugindo do assunto.","Relacionamento: conflitos, limites e reconciliação","browser","","","","public/data/sentences.json","Gerar primeiro"
"0548","I just need to clear my head.","Só preciso esfriar a cabeça.","Relacionamento: conflitos, limites e reconciliação","browser","","","","public/data/sentences.json","Gerar primeiro"
"0549","Let's lower our voices.","Vamos baixar a voz.","Relacionamento: conflitos, limites e reconciliação","browser","","","","public/data/sentences.json","Gerar primeiro"
"0550","We don't need to settle this while we're angry.","Não precisamos resolver isto enquanto estamos com raiva.","Relacionamento: conflitos, limites e reconciliação","browser","","","","public/data/sentences.json","Gerar primeiro"
"0551","I shouldn't have to remind you every time.","Eu não deveria precisar lembrar você toda vez.","Relacionamento: conflitos, limites e reconciliação","browser","","","","public/data/sentences.json","Gerar primeiro"
"0552","I feel like I'm doing most of the work.","Sinto que estou fazendo a maior parte do trabalho.","Relacionamento: conflitos, limites e reconciliação","browser","","","","public/data/sentences.json","Gerar primeiro"
"0553","Let's be clear about who's doing what.","Vamos definir quem faz o quê.","Relacionamento: conflitos, limites e reconciliação","browser","","","","public/data/sentences.json","Gerar primeiro"
"0554","I said I'd do it, and I will.","Eu disse que faria, e vou fazer.","Relacionamento: conflitos, limites e reconciliação","browser","","","","public/data/sentences.json","Gerar primeiro"
"0555","I forgot; I wasn't ignoring you.","Eu esqueci; não estava ignorando você.","Relacionamento: conflitos, limites e reconciliação","browser","","","","public/data/sentences.json","Gerar primeiro"
"0556","Please don't assume I don't care.","Por favor, não suponha que eu não me importo.","Relacionamento: conflitos, limites e reconciliação","browser","","","","public/data/sentences.json","Gerar primeiro"
"0557","I need actions, not just promises.","Preciso de atitudes, não só de promessas.","Relacionamento: conflitos, limites e reconciliação","browser","","","","public/data/sentences.json","Gerar primeiro"
"0558","What would feel fair to you?","O que seria justo para você?","Relacionamento: conflitos, limites e reconciliação","browser","","","","public/data/sentences.json","Gerar primeiro"
"0559","Let's find a way that works for both of us.","Vamos achar um jeito que funcione para nós dois.","Relacionamento: conflitos, limites e reconciliação","browser","","","","public/data/sentences.json","Gerar primeiro"
"0560","I'll take responsibility for my part.","Vou assumir a responsabilidade pela minha parte.","Relacionamento: conflitos, limites e reconciliação","browser","","","","public/data/sentences.json","Gerar primeiro"
"0561","I trust you.","Confio em você.","Relacionamento: conflitos, limites e reconciliação","browser","","","","public/data/sentences.json","Gerar primeiro"
"0562","That made me feel insecure.","Isso me deixou inseguro.","Relacionamento: conflitos, limites e reconciliação","browser","","","","public/data/sentences.json","Gerar primeiro"
"0563","I'd rather ask than jump to conclusions.","Prefiro perguntar a tirar conclusões precipitadas.","Relacionamento: conflitos, limites e reconciliação","browser","","","","public/data/sentences.json","Gerar primeiro"
"0564","I don't want to control who you see.","Não quero controlar com quem você se encontra.","Relacionamento: conflitos, limites e reconciliação","browser","","","","public/data/sentences.json","Gerar primeiro"
"0565","Having my own friends matters to me.","Ter meus próprios amigos é importante para mim.","Relacionamento: conflitos, limites e reconciliação","browser","","","","public/data/sentences.json","Gerar primeiro"
"0566","I need reassurance, not an argument.","Preciso de segurança, não de uma discussão.","Relacionamento: conflitos, limites e reconciliação","browser","","","","public/data/sentences.json","Gerar primeiro"
"0567","Please be honest with me.","Por favor, seja sincero comigo.","Relacionamento: conflitos, limites e reconciliação","browser","","","","public/data/sentences.json","Gerar primeiro"
"0568","It will take time to rebuild trust.","Vai levar tempo para reconstruir a confiança.","Relacionamento: conflitos, limites e reconciliação","browser","","","","public/data/sentences.json","Gerar primeiro"
"0569","I don't want us to keep checking up on each other.","Não quero que fiquemos fiscalizando um ao outro.","Relacionamento: conflitos, limites e reconciliação","browser","","","","public/data/sentences.json","Gerar primeiro"
"0570","Let's talk about what we both expect.","Vamos conversar sobre o que cada um espera.","Relacionamento: conflitos, limites e reconciliação","browser","","","","public/data/sentences.json","Gerar primeiro"
"0571","I owe you an apology.","Devo desculpas a você.","Relacionamento: conflitos, limites e reconciliação","browser","","","","public/data/sentences.json","Gerar primeiro"
"0572","I was out of line.","Passei dos limites.","Relacionamento: conflitos, limites e reconciliação","browser","","","","public/data/sentences.json","Gerar primeiro"
"0573","I shouldn't have snapped at you.","Eu não deveria ter falado com você daquela forma ríspida.","Relacionamento: conflitos, limites e reconciliação","browser","","","","public/data/sentences.json","Gerar primeiro"
"0574","You didn't deserve that.","Você não merecia aquilo.","Relacionamento: conflitos, limites e reconciliação","browser","","","","public/data/sentences.json","Gerar primeiro"
"0575","I'm sorry I let you down.","Desculpe por ter decepcionado você.","Relacionamento: conflitos, limites e reconciliação","browser","","","","public/data/sentences.json","Gerar primeiro"
"0576","I understand why you're upset.","Entendo por que você está chateado.","Relacionamento: conflitos, limites e reconciliação","browser","","","","public/data/sentences.json","Gerar primeiro"
"0577","I won't make excuses for what I did.","Não vou inventar desculpas pelo que fiz.","Relacionamento: conflitos, limites e reconciliação","browser","","","","public/data/sentences.json","Gerar primeiro"
"0578","What can I do to make this right?","O que posso fazer para reparar isso?","Relacionamento: conflitos, limites e reconciliação","browser","","","","public/data/sentences.json","Gerar primeiro"
"0579","I'm working on changing that behavior.","Estou tentando mudar esse comportamento.","Relacionamento: conflitos, limites e reconciliação","browser","","","","public/data/sentences.json","Gerar primeiro"
"0580","You don't have to forgive me right away.","Você não precisa me perdoar imediatamente.","Relacionamento: conflitos, limites e reconciliação","browser","","","","public/data/sentences.json","Gerar primeiro"
"0581","Are we okay?","Está tudo bem entre nós?","Relacionamento: conflitos, limites e reconciliação","browser","","","","public/data/sentences.json","Gerar primeiro"
"0582","I don't want to stay mad at you.","Não quero continuar com raiva de você.","Relacionamento: conflitos, limites e reconciliação","browser","","","","public/data/sentences.json","Gerar primeiro"
"0583","Thank you for listening to me.","Obrigado por me ouvir.","Relacionamento: conflitos, limites e reconciliação","browser","","","","public/data/sentences.json","Gerar primeiro"
"0584","I'm glad we talked it through.","Fico feliz que tenhamos conversado até nos entender.","Relacionamento: conflitos, limites e reconciliação","browser","","","","public/data/sentences.json","Gerar primeiro"
"0585","Let's start over.","Vamos recomeçar.","Relacionamento: conflitos, limites e reconciliação","browser","","","","public/data/sentences.json","Gerar primeiro"
"0586","I still care about you.","Ainda me importo com você.","Relacionamento: conflitos, limites e reconciliação","browser","","","","public/data/sentences.json","Gerar primeiro"
"0587","We can disagree and still love each other.","Podemos discordar e continuar nos amando.","Relacionamento: conflitos, limites e reconciliação","browser","","","","public/data/sentences.json","Gerar primeiro"
"0588","I'd like us to move forward.","Gostaria que seguíssemos em frente.","Relacionamento: conflitos, limites e reconciliação","browser","","","","public/data/sentences.json","Gerar primeiro"
"0589","Let's not hold this over each other.","Vamos evitar usar isso contra o outro depois.","Relacionamento: conflitos, limites e reconciliação","browser","","","","public/data/sentences.json","Gerar primeiro"
"0590","A hug would help right now.","Um abraço ajudaria agora.","Relacionamento: conflitos, limites e reconciliação","browser","","","","public/data/sentences.json","Gerar primeiro"
"0591","Things haven't felt right lately.","Ultimamente as coisas não parecem estar bem.","Relacionamento: conflitos, limites e reconciliação","browser","","","","public/data/sentences.json","Gerar primeiro"
"0592","I think we want different things.","Acho que queremos coisas diferentes.","Relacionamento: conflitos, limites e reconciliação","browser","","","","public/data/sentences.json","Gerar primeiro"
"0593","I don't think this is working anymore.","Acho que isto não está mais funcionando.","Relacionamento: conflitos, limites e reconciliação","browser","","","","public/data/sentences.json","Gerar primeiro"
"0594","I need to end this relationship.","Preciso terminar este relacionamento.","Relacionamento: conflitos, limites e reconciliação","browser","","","","public/data/sentences.json","Gerar primeiro"
"0595","This isn't an easy decision.","Esta não é uma decisão fácil.","Relacionamento: conflitos, limites e reconciliação","browser","","","","public/data/sentences.json","Gerar primeiro"
"0596","I don't want to give you false hope.","Não quero dar falsas esperanças a você.","Relacionamento: conflitos, limites e reconciliação","browser","","","","public/data/sentences.json","Gerar primeiro"
"0597","I wish you well.","Desejo que você fique bem.","Relacionamento: conflitos, limites e reconciliação","browser","","","","public/data/sentences.json","Gerar primeiro"
"0598","I need some distance for now.","Preciso de um pouco de distância por enquanto.","Relacionamento: conflitos, limites e reconciliação","browser","","","","public/data/sentences.json","Gerar primeiro"
"0599","Please respect that I don't want contact.","Por favor, respeite que não quero contato.","Relacionamento: conflitos, limites e reconciliação","browser","","","","public/data/sentences.json","Gerar primeiro"
"0600","I hope we can part on good terms.","Espero que possamos terminar sem brigar.","Relacionamento: conflitos, limites e reconciliação","browser","","","","public/data/sentences.json","Gerar primeiro"
"0601","This is my older brother.","Este é meu irmão mais velho.","Família, crianças e parentes","elevenlabs","Chris","eleven_multilingual_v2","/audio/elevenlabs/0601.mp3","public/data/sentences.json","Revisar apenas se houver um problema"
"0602","She's my younger sister.","Ela é minha irmã mais nova.","Família, crianças e parentes","elevenlabs","Chris","eleven_multilingual_v2","/audio/elevenlabs/0602.mp3","public/data/sentences.json","Revisar apenas se houver um problema"
"0603","I'm an only child.","Sou filho único.","Família, crianças e parentes","elevenlabs","Chris","eleven_multilingual_v2","/audio/elevenlabs/0603.mp3","public/data/sentences.json","Revisar apenas se houver um problema"
"0604","We come from a big family.","Somos de uma família grande.","Família, crianças e parentes","elevenlabs","Chris","eleven_multilingual_v2","/audio/elevenlabs/0604.mp3","public/data/sentences.json","Revisar apenas se houver um problema"
"0605","My parents live nearby.","Meus pais moram perto.","Família, crianças e parentes","elevenlabs","Chris","eleven_multilingual_v2","/audio/elevenlabs/0605.mp3","public/data/sentences.json","Revisar apenas se houver um problema"
"0606","My cousin is visiting this week.","Meu primo está visitando nesta semana.","Família, crianças e parentes","elevenlabs","Chris","eleven_multilingual_v2","/audio/elevenlabs/0606.mp3","public/data/sentences.json","Revisar apenas se houver um problema"
"0607","They've been married for years.","Eles estão casados há anos.","Família, crianças e parentes","elevenlabs","Chris","eleven_multilingual_v2","/audio/elevenlabs/0607.mp3","public/data/sentences.json","Revisar apenas se houver um problema"
"0608","I take after my mother.","Puxei minha mãe.","Família, crianças e parentes","elevenlabs","Chris","eleven_multilingual_v2","/audio/elevenlabs/0608.mp3","public/data/sentences.json","Revisar apenas se houver um problema"
"0609","He looks just like his dad.","Ele é a cara do pai.","Família, crianças e parentes","elevenlabs","Chris","eleven_multilingual_v2","/audio/elevenlabs/0609.mp3","public/data/sentences.json","Revisar apenas se houver um problema"
"0610","We're close, even though we live apart.","Somos próximos, embora moremos separados.","Família, crianças e parentes","elevenlabs","Chris","eleven_multilingual_v2","/audio/elevenlabs/0610.mp3","public/data/sentences.json","Revisar apenas se houver um problema"
"0611","Are you coming over for lunch?","Você vem almoçar aqui?","Família, crianças e parentes","elevenlabs","Chris","eleven_multilingual_v2","/audio/elevenlabs/0611.mp3","public/data/sentences.json","Revisar apenas se houver um problema"
"0612","Everyone's getting together on Sunday.","Todo mundo vai se reunir no domingo.","Família, crianças e parentes","elevenlabs","Chris","eleven_multilingual_v2","/audio/elevenlabs/0612.mp3","public/data/sentences.json","Revisar apenas se houver um problema"
"0613","Bring the kids along.","Traga as crianças também.","Família, crianças e parentes","browser","","","","public/data/sentences.json","Gerar primeiro"
"0614","Your aunt asked about you.","Sua tia perguntou de você.","Família, crianças e parentes","browser","","","","public/data/sentences.json","Gerar primeiro"
"0615","We haven't seen them in ages.","Faz uma eternidade que não os vemos.","Família, crianças e parentes","browser","","","","public/data/sentences.json","Gerar primeiro"
"0616","Make yourself at home.","Sinta-se em casa.","Família, crianças e parentes","browser","","","","public/data/sentences.json","Gerar primeiro"
"0617","There's always room for one more.","Sempre cabe mais um.","Família, crianças e parentes","browser","","","","public/data/sentences.json","Gerar primeiro"
"0618","Stay for dinner if you can.","Fique para jantar se puder.","Família, crianças e parentes","browser","","","","public/data/sentences.json","Gerar primeiro"
"0619","We'll put you up for the night.","Você pode passar a noite na nossa casa.","Família, crianças e parentes","browser","","","","public/data/sentences.json","Gerar primeiro"
"0620","Don't be a stranger.","Não suma. [Informal]","Família, crianças e parentes","browser","","","","public/data/sentences.json","Gerar primeiro"
"0621","How's your family doing?","Como está sua família?","Família, crianças e parentes","browser","","","","public/data/sentences.json","Gerar primeiro"
"0622","Everyone sends their love.","Todo mundo mandou um abraço carinhoso.","Família, crianças e parentes","browser","","","","public/data/sentences.json","Gerar primeiro"
"0623","Tell your mom I said hello.","Mande um oi para sua mãe.","Família, crianças e parentes","browser","","","","public/data/sentences.json","Gerar primeiro"
"0624","My brother just had a baby.","Meu irmão acabou de ter um bebê.","Família, crianças e parentes","browser","","","","public/data/sentences.json","Gerar primeiro"
"0625","My niece is starting school.","Minha sobrinha está começando a escola.","Família, crianças e parentes","browser","","","","public/data/sentences.json","Gerar primeiro"
"0626","My nephew has grown so much.","Meu sobrinho cresceu muito.","Família, crianças e parentes","browser","","","","public/data/sentences.json","Gerar primeiro"
"0627","They're expecting their first child.","Eles estão esperando o primeiro filho.","Família, crianças e parentes","browser","","","","public/data/sentences.json","Gerar primeiro"
"0628","My grandparents are doing well.","Meus avós estão bem.","Família, crianças e parentes","browser","","","","public/data/sentences.json","Gerar primeiro"
"0629","We keep in touch regularly.","Mantemos contato com frequência.","Família, crianças e parentes","browser","","","","public/data/sentences.json","Gerar primeiro"
"0630","I should call them more often.","Eu deveria ligar para eles mais vezes.","Família, crianças e parentes","browser","","","","public/data/sentences.json","Gerar primeiro"
"0631","Use your words.","Diga com palavras o que você quer.","Família, crianças e parentes","browser","","","","public/data/sentences.json","Gerar primeiro"
"0632","Let's take turns playing.","Vamos brincar um de cada vez.","Família, crianças e parentes","browser","","","","public/data/sentences.json","Gerar primeiro"
"0633","Please use your inside voice.","Por favor, fale mais baixo aqui dentro.","Família, crianças e parentes","browser","","","","public/data/sentences.json","Gerar primeiro"
"0634","Can you show me what happened?","Você pode me mostrar o que aconteceu?","Família, crianças e parentes","browser","","","","public/data/sentences.json","Gerar primeiro"
"0635","I'm listening.","Estou ouvindo.","Família, crianças e parentes","browser","","","","public/data/sentences.json","Gerar primeiro"
"0636","You can ask me anything.","Você pode me perguntar qualquer coisa.","Família, crianças e parentes","browser","","","","public/data/sentences.json","Gerar primeiro"
"0637","Let's try that again.","Vamos tentar isso de novo.","Família, crianças e parentes","browser","","","","public/data/sentences.json","Gerar primeiro"
"0638","It's okay to make mistakes.","Tudo bem cometer erros.","Família, crianças e parentes","browser","","","","public/data/sentences.json","Gerar primeiro"
"0639","I know you're disappointed.","Sei que você está decepcionado.","Família, crianças e parentes","browser","","","","public/data/sentences.json","Gerar primeiro"
"0640","I'm proud of your effort.","Tenho orgulho do seu esforço.","Família, crianças e parentes","browser","","","","public/data/sentences.json","Gerar primeiro"
"0641","It's time to get dressed.","Está na hora de se vestir.","Família, crianças e parentes","browser","","","","public/data/sentences.json","Gerar primeiro"
"0642","Put your shoes on.","Calce os sapatos.","Família, crianças e parentes","browser","","","","public/data/sentences.json","Gerar primeiro"
"0643","Have you brushed your teeth?","Você já escovou os dentes?","Família, crianças e parentes","browser","","","","public/data/sentences.json","Gerar primeiro"
"0644","Your backpack is by the door.","Sua mochila está perto da porta.","Família, crianças e parentes","browser","","","","public/data/sentences.json","Gerar primeiro"
"0645","Don't forget your lunch.","Não se esqueça do seu lanche.","Família, crianças e parentes","browser","","","","public/data/sentences.json","Gerar primeiro"
"0646","I'll pick you up after school.","Vou buscar você depois da escola.","Família, crianças e parentes","browser","","","","public/data/sentences.json","Gerar primeiro"
"0647","Let's get ready for bed.","Vamos nos preparar para dormir.","Família, crianças e parentes","browser","","","","public/data/sentences.json","Gerar primeiro"
"0648","Pick a book for tonight.","Escolha um livro para hoje à noite.","Família, crianças e parentes","browser","","","","public/data/sentences.json","Gerar primeiro"
"0649","One more story, then lights out.","Mais uma história, depois apagamos a luz.","Família, crianças e parentes","browser","","","","public/data/sentences.json","Gerar primeiro"
"0650","I'll leave the door a little open.","Vou deixar a porta um pouco aberta.","Família, crianças e parentes","browser","","","","public/data/sentences.json","Gerar primeiro"
"0651","We don't hit people.","A gente não bate nas pessoas. [Direto]","Família, crianças e parentes","browser","","","","public/data/sentences.json","Gerar primeiro"
"0652","That toy belongs to your sister.","Esse brinquedo é da sua irmã.","Família, crianças e parentes","browser","","","","public/data/sentences.json","Gerar primeiro"
"0653","Ask before you take it.","Peça antes de pegar.","Família, crianças e parentes","browser","","","","public/data/sentences.json","Gerar primeiro"
"0654","You need to wait your turn.","Você precisa esperar sua vez.","Família, crianças e parentes","browser","","","","public/data/sentences.json","Gerar primeiro"
"0655","Let's clean up the toys together.","Vamos guardar os brinquedos juntos.","Família, crianças e parentes","browser","","","","public/data/sentences.json","Gerar primeiro"
"0656","I said no, and I mean it.","Eu disse não, e estou falando sério. [Firme]","Família, crianças e parentes","browser","","","","public/data/sentences.json","Gerar primeiro"
"0657","It's okay to be angry, but not to hurt people.","Tudo bem sentir raiva, mas não machucar os outros.","Família, crianças e parentes","browser","","","","public/data/sentences.json","Gerar primeiro"
"0658","Please stop when someone says stop.","Por favor, pare quando alguém pedir para parar.","Família, crianças e parentes","browser","","","","public/data/sentences.json","Gerar primeiro"
"0659","You can choose between these two.","Você pode escolher entre estes dois.","Família, crianças e parentes","browser","","","","public/data/sentences.json","Gerar primeiro"
"0660","We'll talk about it when we're calmer.","Vamos conversar sobre isso quando estivermos mais calmos.","Família, crianças e parentes","browser","","","","public/data/sentences.json","Gerar primeiro"
"0661","Could you watch the kids for an hour?","Você pode ficar com as crianças por uma hora?","Família, crianças e parentes","browser","","","","public/data/sentences.json","Gerar primeiro"
"0662","I'm babysitting my niece tonight.","Vou cuidar da minha sobrinha hoje à noite.","Família, crianças e parentes","browser","","","","public/data/sentences.json","Gerar primeiro"
"0663","Let me help you carry that.","Deixe eu ajudar você a carregar isso.","Família, crianças e parentes","browser","","","","public/data/sentences.json","Gerar primeiro"
"0664","Do you need a ride to your appointment?","Você precisa de carona para sua consulta?","Família, crianças e parentes","browser","","","","public/data/sentences.json","Gerar primeiro"
"0665","I'll check in on you tomorrow.","Amanhã vou falar com você para saber como está.","Família, crianças e parentes","browser","","","","public/data/sentences.json","Gerar primeiro"
"0666","You don't have to do everything yourself.","Você não precisa fazer tudo sozinho.","Família, crianças e parentes","browser","","","","public/data/sentences.json","Gerar primeiro"
"0667","We'll take turns helping out.","Vamos nos revezar para ajudar.","Família, crianças e parentes","browser","","","","public/data/sentences.json","Gerar primeiro"
"0668","Let us know what you need.","Diga do que você precisa.","Família, crianças e parentes","browser","","","","public/data/sentences.json","Gerar primeiro"
"0669","I'm glad we can count on each other.","Fico feliz que possamos contar uns com os outros.","Família, crianças e parentes","browser","","","","public/data/sentences.json","Gerar primeiro"
"0670","Don't wear yourself out.","Não se esgote.","Família, crianças e parentes","browser","","","","public/data/sentences.json","Gerar primeiro"
"0671","We don't see eye to eye on everything.","Não concordamos em tudo.","Família, crianças e parentes","browser","","","","public/data/sentences.json","Gerar primeiro"
"0672","Let's not get into that at dinner.","Vamos evitar esse assunto durante o jantar.","Família, crianças e parentes","browser","","","","public/data/sentences.json","Gerar primeiro"
"0673","I know you mean well.","Sei que sua intenção é boa.","Família, crianças e parentes","browser","","","","public/data/sentences.json","Gerar primeiro"
"0674","I need to make my own decisions.","Preciso tomar minhas próprias decisões.","Família, crianças e parentes","browser","","","","public/data/sentences.json","Gerar primeiro"
"0675","That's a personal matter.","Isso é uma questão pessoal.","Família, crianças e parentes","browser","","","","public/data/sentences.json","Gerar primeiro"
"0676","I'd rather not discuss my relationship.","Prefiro não falar sobre meu relacionamento.","Família, crianças e parentes","browser","","","","public/data/sentences.json","Gerar primeiro"
"0677","Please don't compare us.","Por favor, não fique nos comparando.","Família, crianças e parentes","browser","","","","public/data/sentences.json","Gerar primeiro"
"0678","We're different people.","Somos pessoas diferentes.","Família, crianças e parentes","browser","","","","public/data/sentences.json","Gerar primeiro"
"0679","You don't have to agree with my choices.","Você não precisa concordar com minhas escolhas.","Família, crianças e parentes","browser","","","","public/data/sentences.json","Gerar primeiro"
"0680","I'd like us to keep things respectful.","Gostaria que mantivéssemos o respeito.","Família, crianças e parentes","browser","","","","public/data/sentences.json","Gerar primeiro"
"0681","Do you remember when we lived there?","Você se lembra de quando morávamos lá?","Família, crianças e parentes","browser","","","","public/data/sentences.json","Gerar primeiro"
"0682","We used to play in the backyard.","Costumávamos brincar no quintal.","Família, crianças e parentes","browser","","","","public/data/sentences.json","Gerar primeiro"
"0683","That brings back memories.","Isso traz lembranças.","Família, crianças e parentes","browser","","","","public/data/sentences.json","Gerar primeiro"
"0684","You were so little back then.","Você era tão pequeno naquela época.","Família, crianças e parentes","browser","","","","public/data/sentences.json","Gerar primeiro"
"0685","I've heard that story a hundred times.","Já ouvi essa história mil vezes. [Brincadeira]","Família, crianças e parentes","browser","","","","public/data/sentences.json","Gerar primeiro"
"0686","Show me the old photos.","Me mostre as fotos antigas.","Família, crianças e parentes","browser","","","","public/data/sentences.json","Gerar primeiro"
"0687","I remember it differently.","Eu me lembro de outro jeito.","Família, crianças e parentes","browser","","","","public/data/sentences.json","Gerar primeiro"
"0688","Those were good times.","Aqueles tempos eram bons.","Família, crianças e parentes","browser","","","","public/data/sentences.json","Gerar primeiro"
"0689","We should write these stories down.","A gente deveria registrar essas histórias.","Família, crianças e parentes","browser","","","","public/data/sentences.json","Gerar primeiro"
"0690","Some things never change.","Algumas coisas nunca mudam.","Família, crianças e parentes","browser","","","","public/data/sentences.json","Gerar primeiro"
"0691","Happy birthday, little brother.","Feliz aniversário, irmãozinho.","Família, crianças e parentes","browser","","","","public/data/sentences.json","Gerar primeiro"
"0692","Make a wish before you blow out the candles.","Faça um pedido antes de apagar as velas.","Família, crianças e parentes","browser","","","","public/data/sentences.json","Gerar primeiro"
"0693","I'm glad we could all be here.","Fico feliz que todos nós pudemos estar aqui.","Família, crianças e parentes","browser","","","","public/data/sentences.json","Gerar primeiro"
"0694","Let's take a family photo.","Vamos tirar uma foto de família.","Família, crianças e parentes","browser","","","","public/data/sentences.json","Gerar primeiro"
"0695","Come stand next to me.","Venha ficar ao meu lado.","Família, crianças e parentes","browser","","","","public/data/sentences.json","Gerar primeiro"
"0696","This is a special day for all of us.","Este é um dia especial para todos nós.","Família, crianças e parentes","browser","","","","public/data/sentences.json","Gerar primeiro"
"0697","We're happy for you.","Estamos felizes por você.","Família, crianças e parentes","browser","","","","public/data/sentences.json","Gerar primeiro"
"0698","You always have a place here.","Você sempre terá um lugar aqui.","Família, crianças e parentes","browser","","","","public/data/sentences.json","Gerar primeiro"
"0699","Family means different things to different people.","Família significa coisas diferentes para pessoas diferentes.","Família, crianças e parentes","browser","","","","public/data/sentences.json","Gerar primeiro"
"0700","I'm grateful to have you in my life.","Sou grato por ter você na minha vida.","Família, crianças e parentes","browser","","","","public/data/sentences.json","Gerar primeiro"
"0701","Hey, long time no see.","Ei, quanto tempo. [Informal]","Amigos, convites e vida social","elevenlabs","Chris","eleven_multilingual_v2","/audio/elevenlabs/0701.mp3","public/data/sentences.json","Revisar apenas se houver um problema"
"0702","What have you been up to?","O que você tem feito?","Amigos, convites e vida social","elevenlabs","Chris","eleven_multilingual_v2","/audio/elevenlabs/0702.mp3","public/data/sentences.json","Revisar apenas se houver um problema"
"0703","How's life treating you?","Como anda a vida? [Informal]","Amigos, convites e vida social","elevenlabs","Chris","eleven_multilingual_v2","/audio/elevenlabs/0703.mp3","public/data/sentences.json","Revisar apenas se houver um problema"
"0704","Anything new with you?","Alguma novidade por aí?","Amigos, convites e vida social","elevenlabs","Chris","eleven_multilingual_v2","/audio/elevenlabs/0704.mp3","public/data/sentences.json","Revisar apenas se houver um problema"
"0705","I was just thinking about you.","Eu estava justamente pensando em você.","Amigos, convites e vida social","elevenlabs","Chris","eleven_multilingual_v2","/audio/elevenlabs/0705.mp3","public/data/sentences.json","Revisar apenas se houver um problema"
"0706","We need to catch up.","Precisamos colocar o papo em dia.","Amigos, convites e vida social","elevenlabs","Chris","eleven_multilingual_v2","/audio/elevenlabs/0706.mp3","public/data/sentences.json","Revisar apenas se houver um problema"
"0707","It's been too long.","Faz tempo demais.","Amigos, convites e vida social","elevenlabs","Chris","eleven_multilingual_v2","/audio/elevenlabs/0707.mp3","public/data/sentences.json","Revisar apenas se houver um problema"
"0708","You haven't changed a bit.","Você não mudou nada.","Amigos, convites e vida social","elevenlabs","Chris","eleven_multilingual_v2","/audio/elevenlabs/0708.mp3","public/data/sentences.json","Revisar apenas se houver um problema"
"0709","I barely recognized you.","Quase não reconheci você.","Amigos, convites e vida social","elevenlabs","Chris","eleven_multilingual_v2","/audio/elevenlabs/0709.mp3","public/data/sentences.json","Revisar apenas se houver um problema"
"0710","It's really good to see you.","É muito bom ver você.","Amigos, convites e vida social","elevenlabs","Chris","eleven_multilingual_v2","/audio/elevenlabs/0710.mp3","public/data/sentences.json","Revisar apenas se houver um problema"
"0711","Want to hang out this weekend?","Quer fazer alguma coisa neste fim de semana? [Informal]","Amigos, convites e vida social","elevenlabs","Chris","eleven_multilingual_v2","/audio/elevenlabs/0711.mp3","public/data/sentences.json","Revisar apenas se houver um problema"
"0712","Are you up for a movie?","Você topa ver um filme?","Amigos, convites e vida social","elevenlabs","Chris","eleven_multilingual_v2","/audio/elevenlabs/0712.mp3","public/data/sentences.json","Revisar apenas se houver um problema"
"0713","Let's grab a bite.","Vamos comer alguma coisa. [Informal]","Amigos, convites e vida social","browser","","","","public/data/sentences.json","Gerar primeiro"
"0714","You should come along.","Você deveria ir junto.","Amigos, convites e vida social","browser","","","","public/data/sentences.json","Gerar primeiro"
"0715","We're having a few people over.","Vamos receber alguns amigos em casa.","Amigos, convites e vida social","browser","","","","public/data/sentences.json","Gerar primeiro"
"0716","Feel free to bring a friend.","Pode trazer um amigo.","Amigos, convites e vida social","browser","","","","public/data/sentences.json","Gerar primeiro"
"0717","Want to join us?","Quer se juntar a nós?","Amigos, convites e vida social","browser","","","","public/data/sentences.json","Gerar primeiro"
"0718","There's no pressure either way.","Sem pressão, seja qual for sua decisão.","Amigos, convites e vida social","browser","","","","public/data/sentences.json","Gerar primeiro"
"0719","Drop by when you have a chance.","Passe aqui quando puder.","Amigos, convites e vida social","browser","","","","public/data/sentences.json","Gerar primeiro"
"0720","Let's do something low-key.","Vamos fazer algo tranquilo. [Informal]","Amigos, convites e vida social","browser","","","","public/data/sentences.json","Gerar primeiro"
"0721","Sounds like a plan.","Combinado. [Informal]","Amigos, convites e vida social","browser","","","","public/data/sentences.json","Gerar primeiro"
"0722","I'm in.","Estou dentro. [Informal]","Amigos, convites e vida social","elevenlabs","Chris","eleven_multilingual_v2","/audio/elevenlabs/0722.mp3","public/data/sentences.json","Revisar apenas se houver um problema"
"0723","Count me in.","Pode contar comigo. [Informal]","Amigos, convites e vida social","browser","","","","public/data/sentences.json","Gerar primeiro"
"0724","I'd be up for that.","Eu toparia.","Amigos, convites e vida social","browser","","","","public/data/sentences.json","Gerar primeiro"
"0725","That sounds fun.","Parece divertido.","Amigos, convites e vida social","browser","","","","public/data/sentences.json","Gerar primeiro"
"0726","I've been wanting to do that.","Estou querendo fazer isso faz tempo.","Amigos, convites e vida social","browser","","","","public/data/sentences.json","Gerar primeiro"
"0727","Let's make it happen.","Vamos fazer acontecer.","Amigos, convites e vida social","browser","","","","public/data/sentences.json","Gerar primeiro"
"0728","I'm free after work.","Estou livre depois do trabalho.","Amigos, convites e vida social","browser","","","","public/data/sentences.json","Gerar primeiro"
"0729","Just tell me where and when.","É só dizer onde e quando.","Amigos, convites e vida social","browser","","","","public/data/sentences.json","Gerar primeiro"
"0730","I'll be there.","Estarei lá.","Amigos, convites e vida social","browser","","","","public/data/sentences.json","Gerar primeiro"
"0731","I can't make it this time.","Não vou conseguir ir desta vez.","Amigos, convites e vida social","browser","","","","public/data/sentences.json","Gerar primeiro"
"0732","I'll have to pass tonight.","Vou deixar para outra hoje à noite.","Amigos, convites e vida social","browser","","","","public/data/sentences.json","Gerar primeiro"
"0733","I'm going to sit this one out.","Vou ficar de fora desta vez. [Informal]","Amigos, convites e vida social","browser","","","","public/data/sentences.json","Gerar primeiro"
"0734","Thanks for thinking of me, though.","Mas obrigado por lembrar de mim.","Amigos, convites e vida social","browser","","","","public/data/sentences.json","Gerar primeiro"
"0735","Can I take a rain check?","Podemos deixar para outra oportunidade? [Informal]","Amigos, convites e vida social","browser","","","","public/data/sentences.json","Gerar primeiro"
"0736","I've already got plans.","Já tenho planos.","Amigos, convites e vida social","browser","","","","public/data/sentences.json","Gerar primeiro"
"0737","I'm not really up for going out.","Não estou muito a fim de sair.","Amigos, convites e vida social","browser","","","","public/data/sentences.json","Gerar primeiro"
"0738","Maybe some other time.","Talvez outra hora.","Amigos, convites e vida social","browser","","","","public/data/sentences.json","Gerar primeiro"
"0739","I need a quiet night to myself.","Preciso de uma noite tranquila sozinho.","Amigos, convites e vida social","browser","","","","public/data/sentences.json","Gerar primeiro"
"0740","Have fun without me.","Divirtam-se mesmo sem mim.","Amigos, convites e vida social","browser","","","","public/data/sentences.json","Gerar primeiro"
"0741","Where should we meet?","Onde devemos nos encontrar?","Amigos, convites e vida social","browser","","","","public/data/sentences.json","Gerar primeiro"
"0742","What time works for everyone?","Que horário funciona para todo mundo?","Amigos, convites e vida social","browser","","","","public/data/sentences.json","Gerar primeiro"
"0743","Let's meet halfway.","Vamos nos encontrar no meio do caminho.","Amigos, convites e vida social","browser","","","","public/data/sentences.json","Gerar primeiro"
"0744","I'll send you the location.","Vou mandar a localização.","Amigos, convites e vida social","browser","","","","public/data/sentences.json","Gerar primeiro"
"0745","Are we meeting inside or outside?","Vamos nos encontrar lá dentro ou lá fora?","Amigos, convites e vida social","browser","","","","public/data/sentences.json","Gerar primeiro"
"0746","I'll wait by the entrance.","Vou esperar perto da entrada.","Amigos, convites e vida social","browser","","","","public/data/sentences.json","Gerar primeiro"
"0747","Let me know when you're close.","Me avise quando estiver perto.","Amigos, convites e vida social","browser","","","","public/data/sentences.json","Gerar primeiro"
"0748","We're already on our way.","Já estamos a caminho.","Amigos, convites e vida social","browser","","","","public/data/sentences.json","Gerar primeiro"
"0749","Who's driving?","Quem vai dirigir?","Amigos, convites e vida social","browser","","","","public/data/sentences.json","Gerar primeiro"
"0750","Let's figure out the details later.","Vamos acertar os detalhes depois.","Amigos, convites e vida social","browser","","","","public/data/sentences.json","Gerar primeiro"
"0751","I'm stuck in traffic.","Estou preso no trânsito.","Amigos, convites e vida social","browser","","","","public/data/sentences.json","Gerar primeiro"
"0752","I'm about ten minutes away.","Estou a uns dez minutos daí.","Amigos, convites e vida social","browser","","","","public/data/sentences.json","Gerar primeiro"
"0753","Go ahead without me.","Podem ir sem mim.","Amigos, convites e vida social","browser","","","","public/data/sentences.json","Gerar primeiro"
"0754","Don't wait up for me.","Não fiquem acordados me esperando.","Amigos, convites e vida social","browser","","","","public/data/sentences.json","Gerar primeiro"
"0755","Something came up.","Surgiu um imprevisto.","Amigos, convites e vida social","browser","","","","public/data/sentences.json","Gerar primeiro"
"0756","Can we push it back a little?","Podemos adiar um pouco o horário?","Amigos, convites e vida social","browser","","","","public/data/sentences.json","Gerar primeiro"
"0757","Let's move it to next weekend.","Vamos deixar para o próximo fim de semana.","Amigos, convites e vida social","browser","","","","public/data/sentences.json","Gerar primeiro"
"0758","Sorry for the last-minute change.","Desculpe pela mudança de última hora.","Amigos, convites e vida social","browser","","","","public/data/sentences.json","Gerar primeiro"
"0759","I'll keep you posted.","Vou mantendo você informado.","Amigos, convites e vida social","browser","","","","public/data/sentences.json","Gerar primeiro"
"0760","Thanks for being flexible.","Obrigado por se adaptar.","Amigos, convites e vida social","browser","","","","public/data/sentences.json","Gerar primeiro"
"0761","Do you want to talk about it?","Quer conversar sobre isso?","Amigos, convites e vida social","browser","","","","public/data/sentences.json","Gerar primeiro"
"0762","I'm all ears.","Sou todo ouvidos. [Informal]","Amigos, convites e vida social","browser","","","","public/data/sentences.json","Gerar primeiro"
"0763","That sounds rough.","Parece uma situação difícil. [Informal]","Amigos, convites e vida social","browser","","","","public/data/sentences.json","Gerar primeiro"
"0764","You don't have to pretend you're fine.","Você não precisa fingir que está bem.","Amigos, convites e vida social","browser","","","","public/data/sentences.json","Gerar primeiro"
"0765","I'm not here to judge.","Não estou aqui para julgar.","Amigos, convites e vida social","browser","","","","public/data/sentences.json","Gerar primeiro"
"0766","What would help right now?","O que ajudaria neste momento?","Amigos, convites e vida social","browser","","","","public/data/sentences.json","Gerar primeiro"
"0767","Want me to come over?","Quer que eu vá até aí?","Amigos, convites e vida social","browser","","","","public/data/sentences.json","Gerar primeiro"
"0768","You can call me anytime.","Pode me ligar a qualquer hora.","Amigos, convites e vida social","browser","","","","public/data/sentences.json","Gerar primeiro"
"0769","I wish I knew what to say.","Queria saber o que dizer.","Amigos, convites e vida social","browser","","","","public/data/sentences.json","Gerar primeiro"
"0770","You don't owe me an explanation.","Você não me deve explicações.","Amigos, convites e vida social","browser","","","","public/data/sentences.json","Gerar primeiro"
"0771","I know I can count on you.","Sei que posso contar com você.","Amigos, convites e vida social","browser","","","","public/data/sentences.json","Gerar primeiro"
"0772","Thanks for being there for me.","Obrigado por estar ao meu lado.","Amigos, convites e vida social","browser","","","","public/data/sentences.json","Gerar primeiro"
"0773","We've been through a lot together.","Já passamos por muita coisa juntos.","Amigos, convites e vida social","browser","","","","public/data/sentences.json","Gerar primeiro"
"0774","You know me better than most people.","Você me conhece melhor que a maioria das pessoas.","Amigos, convites e vida social","browser","","","","public/data/sentences.json","Gerar primeiro"
"0775","I won't tell anyone.","Não vou contar para ninguém.","Amigos, convites e vida social","browser","","","","public/data/sentences.json","Gerar primeiro"
"0776","Let's keep this between us.","Vamos manter isto entre nós.","Amigos, convites e vida social","browser","","","","public/data/sentences.json","Gerar primeiro"
"0777","I appreciate your honesty.","Agradeço sua sinceridade.","Amigos, convites e vida social","browser","","","","public/data/sentences.json","Gerar primeiro"
"0778","You're a good friend.","Você é um bom amigo.","Amigos, convites e vida social","browser","","","","public/data/sentences.json","Gerar primeiro"
"0779","I'm glad we stayed in touch.","Fico feliz que mantivemos contato.","Amigos, convites e vida social","browser","","","","public/data/sentences.json","Gerar primeiro"
"0780","Our friendship means a lot to me.","Nossa amizade significa muito para mim.","Amigos, convites e vida social","browser","","","","public/data/sentences.json","Gerar primeiro"
"0781","Come on in.","Entre. [Informal]","Amigos, convites e vida social","browser","","","","public/data/sentences.json","Gerar primeiro"
"0782","Can I get you something to drink?","Quer alguma coisa para beber?","Amigos, convites e vida social","browser","","","","public/data/sentences.json","Gerar primeiro"
"0783","Make yourself comfortable.","Fique à vontade.","Amigos, convites e vida social","browser","","","","public/data/sentences.json","Gerar primeiro"
"0784","You didn't have to bring anything.","Você não precisava ter trazido nada.","Amigos, convites e vida social","browser","","","","public/data/sentences.json","Gerar primeiro"
"0785","Thanks for having me over.","Obrigado por me receber na sua casa.","Amigos, convites e vida social","browser","","","","public/data/sentences.json","Gerar primeiro"
"0786","I should get going.","É melhor eu ir indo.","Amigos, convites e vida social","browser","","","","public/data/sentences.json","Gerar primeiro"
"0787","It was great hanging out.","Foi ótimo passar esse tempo juntos. [Informal]","Amigos, convites e vida social","browser","","","","public/data/sentences.json","Gerar primeiro"
"0788","Let's not leave it so long next time.","Vamos evitar ficar tanto tempo sem nos ver de novo.","Amigos, convites e vida social","browser","","","","public/data/sentences.json","Gerar primeiro"
"0789","Text me when you get back.","Me mande mensagem quando voltar.","Amigos, convites e vida social","browser","","","","public/data/sentences.json","Gerar primeiro"
"0790","See you around.","A gente se vê. [Informal]","Amigos, convites e vida social","browser","","","","public/data/sentences.json","Gerar primeiro"
"0791","You're impossible.","Você não tem jeito. [Brincadeira]","Amigos, convites e vida social","browser","","","","public/data/sentences.json","Gerar primeiro"
"0792","Nice try, buddy.","Boa tentativa, parceiro. [Brincadeira]","Amigos, convites e vida social","browser","","","","public/data/sentences.json","Gerar primeiro"
"0793","You had one job.","Era só fazer uma coisa. [Brincadeira; pode soar crítico]","Amigos, convites e vida social","browser","","","","public/data/sentences.json","Gerar primeiro"
"0794","I'm never letting you forget this.","Nunca vou deixar você esquecer isso. [Brincadeira]","Amigos, convites e vida social","browser","","","","public/data/sentences.json","Gerar primeiro"
"0795","You're not getting away with that one.","Essa eu não vou deixar passar. [Brincadeira]","Amigos, convites e vida social","browser","","","","public/data/sentences.json","Gerar primeiro"
"0796","I'm just messing with you.","Estou só zoando você. [Informal]","Amigos, convites e vida social","browser","","","","public/data/sentences.json","Gerar primeiro"
"0797","Don't take me seriously.","Não me leve a sério.","Amigos, convites e vida social","browser","","","","public/data/sentences.json","Gerar primeiro"
"0798","You walked right into that one.","Você mesmo deu abertura para essa. [Brincadeira]","Amigos, convites e vida social","browser","","","","public/data/sentences.json","Gerar primeiro"
"0799","We should do this more often.","A gente deveria fazer isto mais vezes.","Amigos, convites e vida social","browser","","","","public/data/sentences.json","Gerar primeiro"
"0800","That's what friends are for.","Amigos são para isso.","Amigos, convites e vida social","browser","","","","public/data/sentences.json","Gerar primeiro"
"0801","Hi, how are you?","Oi, como você está?","Cumprimentos, apresentações e conversa casual","elevenlabs","Chris","eleven_multilingual_v2","/audio/elevenlabs/0801.mp3","public/data/sentences.json","Revisar apenas se houver um problema"
"0802","How's it going?","Como vão as coisas? [Informal]","Cumprimentos, apresentações e conversa casual","elevenlabs","Chris","eleven_multilingual_v2","/audio/elevenlabs/0802.mp3","public/data/sentences.json","Revisar apenas se houver um problema"
"0803","How are you doing today?","Como você está hoje?","Cumprimentos, apresentações e conversa casual","elevenlabs","Chris","eleven_multilingual_v2","/audio/elevenlabs/0803.mp3","public/data/sentences.json","Revisar apenas se houver um problema"
"0804","Good to see you again.","É bom ver você de novo.","Cumprimentos, apresentações e conversa casual","elevenlabs","Chris","eleven_multilingual_v2","/audio/elevenlabs/0804.mp3","public/data/sentences.json","Revisar apenas se houver um problema"
"0805","Nice to finally meet you.","Prazer em finalmente conhecer você.","Cumprimentos, apresentações e conversa casual","elevenlabs","Chris","eleven_multilingual_v2","/audio/elevenlabs/0805.mp3","public/data/sentences.json","Revisar apenas se houver um problema"
"0806","I've heard a lot about you.","Já ouvi falar muito de você.","Cumprimentos, apresentações e conversa casual","elevenlabs","Chris","eleven_multilingual_v2","/audio/elevenlabs/0806.mp3","public/data/sentences.json","Revisar apenas se houver um problema"
"0807","Good morning, everyone.","Bom dia a todos.","Cumprimentos, apresentações e conversa casual","elevenlabs","Chris","eleven_multilingual_v2","/audio/elevenlabs/0807.mp3","public/data/sentences.json","Revisar apenas se houver um problema"
"0808","Hey, what's up?","E aí, tudo bem? [Informal]","Cumprimentos, apresentações e conversa casual","elevenlabs","Chris","eleven_multilingual_v2","/audio/elevenlabs/0808.mp3","public/data/sentences.json","Revisar apenas se houver um problema"
"0809","How have you been?","Como você tem passado?","Cumprimentos, apresentações e conversa casual","elevenlabs","Chris","eleven_multilingual_v2","/audio/elevenlabs/0809.mp3","public/data/sentences.json","Revisar apenas se houver um problema"
"0810","It's a pleasure to meet you.","É um prazer conhecer você. [Formal]","Cumprimentos, apresentações e conversa casual","elevenlabs","Chris","eleven_multilingual_v2","/audio/elevenlabs/0810.mp3","public/data/sentences.json","Revisar apenas se houver um problema"
"0811","I'm good, thanks. How about you?","Estou bem, obrigado. E você?","Cumprimentos, apresentações e conversa casual","elevenlabs","Chris","eleven_multilingual_v2","/audio/elevenlabs/0811.mp3","public/data/sentences.json","Revisar apenas se houver um problema"
"0812","Not bad at all.","Nada mal.","Cumprimentos, apresentações e conversa casual","elevenlabs","Chris","eleven_multilingual_v2","/audio/elevenlabs/0812.mp3","public/data/sentences.json","Revisar apenas se houver um problema"
"0813","Can't complain.","Não posso reclamar. [Informal]","Cumprimentos, apresentações e conversa casual","browser","","","","public/data/sentences.json","Gerar primeiro"
"0814","I'm doing pretty well.","Estou muito bem.","Cumprimentos, apresentações e conversa casual","browser","","","","public/data/sentences.json","Gerar primeiro"
"0815","A bit tired, but I'm okay.","Um pouco cansado, mas estou bem.","Cumprimentos, apresentações e conversa casual","browser","","","","public/data/sentences.json","Gerar primeiro"
"0816","Same as usual.","Como sempre.","Cumprimentos, apresentações e conversa casual","browser","","","","public/data/sentences.json","Gerar primeiro"
"0817","So far, so good.","Até agora, tudo bem.","Cumprimentos, apresentações e conversa casual","browser","","","","public/data/sentences.json","Gerar primeiro"
"0818","I've been better.","Já estive melhor.","Cumprimentos, apresentações e conversa casual","browser","","","","public/data/sentences.json","Gerar primeiro"
"0819","I'm hanging in there.","Estou levando. [Informal]","Cumprimentos, apresentações e conversa casual","browser","","","","public/data/sentences.json","Gerar primeiro"
"0820","It's been a busy week.","A semana tem sido corrida.","Cumprimentos, apresentações e conversa casual","browser","","","","public/data/sentences.json","Gerar primeiro"
"0821","My name is Willams.","Meu nome é Willams.","Cumprimentos, apresentações e conversa casual","browser","","","","public/data/sentences.json","Gerar primeiro"
"0822","You can call me Will.","Pode me chamar de Will.","Cumprimentos, apresentações e conversa casual","browser","","","","public/data/sentences.json","Gerar primeiro"
"0823","What's your name again?","Qual é mesmo seu nome?","Cumprimentos, apresentações e conversa casual","browser","","","","public/data/sentences.json","Gerar primeiro"
"0824","Sorry, I didn't catch your name.","Desculpe, não entendi seu nome.","Cumprimentos, apresentações e conversa casual","browser","","","","public/data/sentences.json","Gerar primeiro"
"0825","How do you spell that?","Como se escreve isso?","Cumprimentos, apresentações e conversa casual","browser","","","","public/data/sentences.json","Gerar primeiro"
"0826","Am I saying your name correctly?","Estou pronunciando seu nome corretamente?","Cumprimentos, apresentações e conversa casual","browser","","","","public/data/sentences.json","Gerar primeiro"
"0827","Let me introduce you to a friend.","Deixe eu apresentar um amigo a você.","Cumprimentos, apresentações e conversa casual","browser","","","","public/data/sentences.json","Gerar primeiro"
"0828","Have you two met?","Vocês dois já se conhecem?","Cumprimentos, apresentações e conversa casual","browser","","","","public/data/sentences.json","Gerar primeiro"
"0829","We met at a friend's house.","Nós nos conhecemos na casa de um amigo.","Cumprimentos, apresentações e conversa casual","browser","","","","public/data/sentences.json","Gerar primeiro"
"0830","I don't think we've been introduced.","Acho que ainda não fomos apresentados.","Cumprimentos, apresentações e conversa casual","browser","","","","public/data/sentences.json","Gerar primeiro"
"0831","Where are you from originally?","De onde você é originalmente?","Cumprimentos, apresentações e conversa casual","browser","","","","public/data/sentences.json","Gerar primeiro"
"0832","I'm from Brazil.","Sou do Brasil.","Cumprimentos, apresentações e conversa casual","browser","","","","public/data/sentences.json","Gerar primeiro"
"0833","I grew up in a small town.","Cresci em uma cidade pequena.","Cumprimentos, apresentações e conversa casual","browser","","","","public/data/sentences.json","Gerar primeiro"
"0834","I've lived here for a few years.","Moro aqui há alguns anos.","Cumprimentos, apresentações e conversa casual","browser","","","","public/data/sentences.json","Gerar primeiro"
"0835","Do you live around here?","Você mora por aqui?","Cumprimentos, apresentações e conversa casual","browser","","","","public/data/sentences.json","Gerar primeiro"
"0836","I live just outside the city.","Moro nos arredores da cidade.","Cumprimentos, apresentações e conversa casual","browser","","","","public/data/sentences.json","Gerar primeiro"
"0837","How do you like living here?","O que você acha de morar aqui?","Cumprimentos, apresentações e conversa casual","browser","","","","public/data/sentences.json","Gerar primeiro"
"0838","I'm still getting used to the area.","Ainda estou me acostumando com a região.","Cumprimentos, apresentações e conversa casual","browser","","","","public/data/sentences.json","Gerar primeiro"
"0839","I moved here for work.","Mudei para cá por causa do trabalho.","Cumprimentos, apresentações e conversa casual","browser","","","","public/data/sentences.json","Gerar primeiro"
"0840","I feel at home here now.","Agora me sinto em casa aqui.","Cumprimentos, apresentações e conversa casual","browser","","","","public/data/sentences.json","Gerar primeiro"
"0841","What do you do for work?","Com o que você trabalha?","Cumprimentos, apresentações e conversa casual","browser","","","","public/data/sentences.json","Gerar primeiro"
"0842","I work in technology.","Trabalho com tecnologia.","Cumprimentos, apresentações e conversa casual","browser","","","","public/data/sentences.json","Gerar primeiro"
"0843","I'm a software architect.","Sou arquiteto de software.","Cumprimentos, apresentações e conversa casual","browser","","","","public/data/sentences.json","Gerar primeiro"
"0844","I mostly work from home.","Trabalho de casa na maior parte do tempo.","Cumprimentos, apresentações e conversa casual","browser","","","","public/data/sentences.json","Gerar primeiro"
"0845","How did you get into that?","Como você começou nessa área?","Cumprimentos, apresentações e conversa casual","browser","","","","public/data/sentences.json","Gerar primeiro"
"0846","Do you enjoy what you do?","Você gosta do que faz?","Cumprimentos, apresentações e conversa casual","browser","","","","public/data/sentences.json","Gerar primeiro"
"0847","I've been doing it for a while.","Já faço isso há algum tempo.","Cumprimentos, apresentações e conversa casual","browser","","","","public/data/sentences.json","Gerar primeiro"
"0848","I'm between jobs at the moment.","Estou entre um emprego e outro no momento.","Cumprimentos, apresentações e conversa casual","browser","","","","public/data/sentences.json","Gerar primeiro"
"0849","I'm studying while I work.","Estou estudando enquanto trabalho.","Cumprimentos, apresentações e conversa casual","browser","","","","public/data/sentences.json","Gerar primeiro"
"0850","It's a long story.","É uma longa história.","Cumprimentos, apresentações e conversa casual","browser","","","","public/data/sentences.json","Gerar primeiro"
"0851","How was your weekend?","Como foi seu fim de semana?","Cumprimentos, apresentações e conversa casual","browser","","","","public/data/sentences.json","Gerar primeiro"
"0852","Got any plans for the weekend?","Tem planos para o fim de semana? [Informal]","Cumprimentos, apresentações e conversa casual","browser","","","","public/data/sentences.json","Gerar primeiro"
"0853","Have you been here before?","Você já esteve aqui antes?","Cumprimentos, apresentações e conversa casual","browser","","","","public/data/sentences.json","Gerar primeiro"
"0854","How do you know the host?","De onde você conhece quem está recebendo a gente?","Cumprimentos, apresentações e conversa casual","browser","","","","public/data/sentences.json","Gerar primeiro"
"0855","It's a nice place, isn't it?","É um lugar agradável, não é?","Cumprimentos, apresentações e conversa casual","browser","","","","public/data/sentences.json","Gerar primeiro"
"0856","The food looks great.","A comida está com uma cara ótima.","Cumprimentos, apresentações e conversa casual","browser","","","","public/data/sentences.json","Gerar primeiro"
"0857","What do you do in your free time?","O que você faz no tempo livre?","Cumprimentos, apresentações e conversa casual","browser","","","","public/data/sentences.json","Gerar primeiro"
"0858","Have you seen any good movies lately?","Viu algum filme bom recentemente?","Cumprimentos, apresentações e conversa casual","browser","","","","public/data/sentences.json","Gerar primeiro"
"0859","I've been meaning to try that.","Estou querendo experimentar isso faz tempo.","Cumprimentos, apresentações e conversa casual","browser","","","","public/data/sentences.json","Gerar primeiro"
"0860","That sounds interesting.","Isso parece interessante.","Cumprimentos, apresentações e conversa casual","browser","","","","public/data/sentences.json","Gerar primeiro"
"0861","Really? Tell me more.","Sério? Me conte mais.","Cumprimentos, apresentações e conversa casual","browser","","","","public/data/sentences.json","Gerar primeiro"
"0862","How did that happen?","Como isso aconteceu?","Cumprimentos, apresentações e conversa casual","browser","","","","public/data/sentences.json","Gerar primeiro"
"0863","What was that like?","Como foi essa experiência?","Cumprimentos, apresentações e conversa casual","browser","","","","public/data/sentences.json","Gerar primeiro"
"0864","And then what happened?","E o que aconteceu depois?","Cumprimentos, apresentações e conversa casual","browser","","","","public/data/sentences.json","Gerar primeiro"
"0865","That must have been exciting.","Isso deve ter sido empolgante.","Cumprimentos, apresentações e conversa casual","browser","","","","public/data/sentences.json","Gerar primeiro"
"0866","I know what you mean.","Entendo o que você quer dizer.","Cumprimentos, apresentações e conversa casual","browser","","","","public/data/sentences.json","Gerar primeiro"
"0867","I've had a similar experience.","Já tive uma experiência parecida.","Cumprimentos, apresentações e conversa casual","browser","","","","public/data/sentences.json","Gerar primeiro"
"0868","That's a good question.","Essa é uma boa pergunta.","Cumprimentos, apresentações e conversa casual","browser","","","","public/data/sentences.json","Gerar primeiro"
"0869","I hadn't thought about it that way.","Eu não tinha pensado nisso dessa forma.","Cumprimentos, apresentações e conversa casual","browser","","","","public/data/sentences.json","Gerar primeiro"
"0870","What about you?","E você?","Cumprimentos, apresentações e conversa casual","browser","","","","public/data/sentences.json","Gerar primeiro"
"0871","Sorry, what was that?","Desculpe, o que você disse?","Cumprimentos, apresentações e conversa casual","browser","","","","public/data/sentences.json","Gerar primeiro"
"0872","Could you say that again?","Você poderia dizer isso de novo?","Cumprimentos, apresentações e conversa casual","browser","","","","public/data/sentences.json","Gerar primeiro"
"0873","What do you mean by that?","O que você quer dizer com isso?","Cumprimentos, apresentações e conversa casual","browser","","","","public/data/sentences.json","Gerar primeiro"
"0874","I'm not sure I follow.","Não sei se estou acompanhando.","Cumprimentos, apresentações e conversa casual","browser","","","","public/data/sentences.json","Gerar primeiro"
"0875","Do you mean today or tomorrow?","Você quer dizer hoje ou amanhã?","Cumprimentos, apresentações e conversa casual","browser","","","","public/data/sentences.json","Gerar primeiro"
"0876","Can you give me an example?","Você pode me dar um exemplo?","Cumprimentos, apresentações e conversa casual","browser","","","","public/data/sentences.json","Gerar primeiro"
"0877","Let me check that I understood.","Deixe eu conferir se entendi.","Cumprimentos, apresentações e conversa casual","browser","","","","public/data/sentences.json","Gerar primeiro"
"0878","So you're saying it's canceled?","Então você está dizendo que foi cancelado?","Cumprimentos, apresentações e conversa casual","browser","","","","public/data/sentences.json","Gerar primeiro"
"0879","I thought you meant something else.","Achei que você queria dizer outra coisa.","Cumprimentos, apresentações e conversa casual","browser","","","","public/data/sentences.json","Gerar primeiro"
"0880","That makes more sense now.","Agora isso faz mais sentido.","Cumprimentos, apresentações e conversa casual","browser","","","","public/data/sentences.json","Gerar primeiro"
"0881","Speaking of that, how's your project going?","Falando nisso, como está seu projeto?","Cumprimentos, apresentações e conversa casual","browser","","","","public/data/sentences.json","Gerar primeiro"
"0882","That reminds me of something.","Isso me lembra uma coisa.","Cumprimentos, apresentações e conversa casual","browser","","","","public/data/sentences.json","Gerar primeiro"
"0883","By the way, I meant to ask you something.","A propósito, eu queria perguntar uma coisa.","Cumprimentos, apresentações e conversa casual","browser","","","","public/data/sentences.json","Gerar primeiro"
"0884","Anyway, what were you saying?","Enfim, o que você estava dizendo?","Cumprimentos, apresentações e conversa casual","browser","","","","public/data/sentences.json","Gerar primeiro"
"0885","Let's talk about something else.","Vamos falar de outra coisa.","Cumprimentos, apresentações e conversa casual","browser","","","","public/data/sentences.json","Gerar primeiro"
"0886","I won't keep you any longer.","Não vou tomar mais seu tempo.","Cumprimentos, apresentações e conversa casual","browser","","","","public/data/sentences.json","Gerar primeiro"
"0887","It was nice talking to you.","Foi bom conversar com você.","Cumprimentos, apresentações e conversa casual","browser","","","","public/data/sentences.json","Gerar primeiro"
"0888","I'd better let you get back to it.","É melhor deixar você voltar ao que estava fazendo.","Cumprimentos, apresentações e conversa casual","browser","","","","public/data/sentences.json","Gerar primeiro"
"0889","Let's continue this another time.","Vamos continuar isto outra hora.","Cumprimentos, apresentações e conversa casual","browser","","","","public/data/sentences.json","Gerar primeiro"
"0890","Enjoy the rest of your day.","Tenha um bom restante de dia.","Cumprimentos, apresentações e conversa casual","browser","","","","public/data/sentences.json","Gerar primeiro"
"0891","Is this seat taken?","Este lugar está ocupado?","Cumprimentos, apresentações e conversa casual","browser","","","","public/data/sentences.json","Gerar primeiro"
"0892","Do you mind if I sit here?","Você se importa se eu sentar aqui?","Cumprimentos, apresentações e conversa casual","browser","","","","public/data/sentences.json","Gerar primeiro"
"0893","After you.","Pode ir primeiro.","Cumprimentos, apresentações e conversa casual","browser","","","","public/data/sentences.json","Gerar primeiro"
"0894","Sorry, am I in your way?","Desculpe, estou atrapalhando sua passagem?","Cumprimentos, apresentações e conversa casual","browser","","","","public/data/sentences.json","Gerar primeiro"
"0895","Let me get that door for you.","Deixe eu abrir essa porta para você.","Cumprimentos, apresentações e conversa casual","browser","","","","public/data/sentences.json","Gerar primeiro"
"0896","I think you dropped something.","Acho que você deixou algo cair.","Cumprimentos, apresentações e conversa casual","browser","","","","public/data/sentences.json","Gerar primeiro"
"0897","Is this yours?","Isto é seu?","Cumprimentos, apresentações e conversa casual","browser","","","","public/data/sentences.json","Gerar primeiro"
"0898","Would you like to join the conversation?","Quer participar da conversa?","Cumprimentos, apresentações e conversa casual","browser","","","","public/data/sentences.json","Gerar primeiro"
"0899","I didn't mean to interrupt.","Não tive a intenção de interromper.","Cumprimentos, apresentações e conversa casual","browser","","","","public/data/sentences.json","Gerar primeiro"
"0900","Please, go on.","Por favor, continue.","Cumprimentos, apresentações e conversa casual","browser","","","","public/data/sentences.json","Gerar primeiro"
"0901","I'm so happy about this.","Estou muito feliz com isto.","Emoções, reações e desabafos","elevenlabs","Chris","eleven_multilingual_v2","/audio/elevenlabs/0901.mp3","public/data/sentences.json","Revisar apenas se houver um problema"
"0902","That made my day.","Isso alegrou meu dia.","Emoções, reações e desabafos","elevenlabs","Chris","eleven_multilingual_v2","/audio/elevenlabs/0902.mp3","public/data/sentences.json","Revisar apenas se houver um problema"
"0903","I'm over the moon.","Estou nas nuvens de tanta felicidade. [Informal]","Emoções, reações e desabafos","elevenlabs","Chris","eleven_multilingual_v2","/audio/elevenlabs/0903.mp3","public/data/sentences.json","Revisar apenas se houver um problema"
"0904","I couldn't be happier.","Eu não poderia estar mais feliz.","Emoções, reações e desabafos","elevenlabs","Chris","eleven_multilingual_v2","/audio/elevenlabs/0904.mp3","public/data/sentences.json","Revisar apenas se houver um problema"
"0905","I'm really looking forward to it.","Estou muito animado para isso.","Emoções, reações e desabafos","elevenlabs","Chris","eleven_multilingual_v2","/audio/elevenlabs/0905.mp3","public/data/sentences.json","Revisar apenas se houver um problema"
"0906","I can't stop smiling.","Não consigo parar de sorrir.","Emoções, reações e desabafos","elevenlabs","Chris","eleven_multilingual_v2","/audio/elevenlabs/0906.mp3","public/data/sentences.json","Revisar apenas se houver um problema"
"0907","I'm thrilled for you.","Estou muito feliz por você.","Emoções, reações e desabafos","elevenlabs","Chris","eleven_multilingual_v2","/audio/elevenlabs/0907.mp3","public/data/sentences.json","Revisar apenas se houver um problema"
"0908","This is better than I expected.","Isto é melhor do que eu esperava.","Emoções, reações e desabafos","elevenlabs","Chris","eleven_multilingual_v2","/audio/elevenlabs/0908.mp3","public/data/sentences.json","Revisar apenas se houver um problema"
"0909","I'm in a really good mood.","Estou de ótimo humor.","Emoções, reações e desabafos","elevenlabs","Chris","eleven_multilingual_v2","/audio/elevenlabs/0909.mp3","public/data/sentences.json","Revisar apenas se houver um problema"
"0910","It's nice to have something to look forward to.","É bom ter algo pelo que esperar com alegria.","Emoções, reações e desabafos","elevenlabs","Chris","eleven_multilingual_v2","/audio/elevenlabs/0910.mp3","public/data/sentences.json","Revisar apenas se houver um problema"
"0911","No way!","Não acredito! [Informal]","Emoções, reações e desabafos","elevenlabs","Chris","eleven_multilingual_v2","/audio/elevenlabs/0911.mp3","public/data/sentences.json","Revisar apenas se houver um problema"
"0912","You're kidding!","Você está brincando! [Informal]","Emoções, reações e desabafos","elevenlabs","Chris","eleven_multilingual_v2","/audio/elevenlabs/0912.mp3","public/data/sentences.json","Revisar apenas se houver um problema"
"0913","I didn't see that coming.","Eu não esperava por essa.","Emoções, reações e desabafos","browser","","","","public/data/sentences.json","Gerar primeiro"
"0914","That caught me off guard.","Isso me pegou de surpresa.","Emoções, reações e desabafos","browser","","","","public/data/sentences.json","Gerar primeiro"
"0915","I'm speechless.","Estou sem palavras.","Emoções, reações e desabafos","browser","","","","public/data/sentences.json","Gerar primeiro"
"0916","What a surprise!","Que surpresa!","Emoções, reações e desabafos","browser","","","","public/data/sentences.json","Gerar primeiro"
"0917","I can hardly believe it.","Mal consigo acreditar.","Emoções, reações e desabafos","browser","","","","public/data/sentences.json","Gerar primeiro"
"0918","Who would've thought?","Quem diria?","Emoções, reações e desabafos","browser","","","","public/data/sentences.json","Gerar primeiro"
"0919","That's the last thing I expected.","Era a última coisa que eu esperava.","Emoções, reações e desabafos","browser","","","","public/data/sentences.json","Gerar primeiro"
"0920","Well, that was unexpected.","Bom, isso foi inesperado.","Emoções, reações e desabafos","browser","","","","public/data/sentences.json","Gerar primeiro"
"0921","I'm feeling a bit down.","Estou meio para baixo.","Emoções, reações e desabafos","browser","","","","public/data/sentences.json","Gerar primeiro"
"0922","I've had better days.","Já tive dias melhores.","Emoções, reações e desabafos","browser","","","","public/data/sentences.json","Gerar primeiro"
"0923","I'm not myself today.","Hoje não estou me sentindo eu mesmo.","Emoções, reações e desabafos","browser","","","","public/data/sentences.json","Gerar primeiro"
"0924","I feel like crying.","Estou com vontade de chorar.","Emoções, reações e desabafos","browser","","","","public/data/sentences.json","Gerar primeiro"
"0925","It's been weighing on me.","Isso tem me pesado.","Emoções, reações e desabafos","browser","","","","public/data/sentences.json","Gerar primeiro"
"0926","I'm having a hard time with this.","Estou tendo dificuldade para lidar com isto.","Emoções, reações e desabafos","browser","","","","public/data/sentences.json","Gerar primeiro"
"0927","I feel empty inside.","Sinto um vazio por dentro.","Emoções, reações e desabafos","browser","","","","public/data/sentences.json","Gerar primeiro"
"0928","I don't feel like doing much.","Não estou com vontade de fazer muita coisa.","Emoções, reações e desabafos","browser","","","","public/data/sentences.json","Gerar primeiro"
"0929","I'm going through a rough patch.","Estou passando por uma fase difícil.","Emoções, reações e desabafos","browser","","","","public/data/sentences.json","Gerar primeiro"
"0930","I just need someone to listen.","Só preciso de alguém que me ouça.","Emoções, reações e desabafos","browser","","","","public/data/sentences.json","Gerar primeiro"
"0931","I'm really annoyed.","Estou muito irritado.","Emoções, reações e desabafos","browser","","","","public/data/sentences.json","Gerar primeiro"
"0932","That's getting on my nerves.","Isso está me dando nos nervos. [Informal]","Emoções, reações e desabafos","browser","","","","public/data/sentences.json","Gerar primeiro"
"0933","I've had enough of this.","Já chega disto. [Forte]","Emoções, reações e desabafos","browser","","","","public/data/sentences.json","Gerar primeiro"
"0934","That really rubbed me the wrong way.","Isso me incomodou bastante. [Informal]","Emoções, reações e desabafos","browser","","","","public/data/sentences.json","Gerar primeiro"
"0935","I'm trying not to lose my temper.","Estou tentando não perder a cabeça.","Emoções, reações e desabafos","browser","","","","public/data/sentences.json","Gerar primeiro"
"0936","Don't push your luck.","Não abuse da sorte. [Firme]","Emoções, reações e desabafos","browser","","","","public/data/sentences.json","Gerar primeiro"
"0937","I'm in no mood for jokes.","Não estou com humor para brincadeiras.","Emoções, reações e desabafos","browser","","","","public/data/sentences.json","Gerar primeiro"
"0938","I need to blow off some steam.","Preciso extravasar um pouco. [Informal]","Emoções, reações e desabafos","browser","","","","public/data/sentences.json","Gerar primeiro"
"0939","It's frustrating to keep repeating myself.","É frustrante ficar repetindo a mesma coisa.","Emoções, reações e desabafos","browser","","","","public/data/sentences.json","Gerar primeiro"
"0940","I'm upset, not just tired.","Estou chateado, não só cansado.","Emoções, reações e desabafos","browser","","","","public/data/sentences.json","Gerar primeiro"
"0941","I'm worried about it.","Estou preocupado com isso.","Emoções, reações e desabafos","browser","","","","public/data/sentences.json","Gerar primeiro"
"0942","I can't stop thinking about what might happen.","Não consigo parar de pensar no que pode acontecer.","Emoções, reações e desabafos","browser","","","","public/data/sentences.json","Gerar primeiro"
"0943","I've got a lot on my mind.","Estou com a cabeça cheia.","Emoções, reações e desabafos","browser","","","","public/data/sentences.json","Gerar primeiro"
"0944","I'm a bundle of nerves.","Estou uma pilha de nervos. [Informal]","Emoções, reações e desabafos","browser","","","","public/data/sentences.json","Gerar primeiro"
"0945","The waiting is the hardest part.","Esperar é a parte mais difícil.","Emoções, reações e desabafos","browser","","","","public/data/sentences.json","Gerar primeiro"
"0946","I keep imagining the worst.","Fico imaginando o pior.","Emoções, reações e desabafos","browser","","","","public/data/sentences.json","Gerar primeiro"
"0947","I'm trying not to overthink it.","Estou tentando não pensar demais nisso.","Emoções, reações e desabafos","browser","","","","public/data/sentences.json","Gerar primeiro"
"0948","Something doesn't feel right.","Alguma coisa não parece certa.","Emoções, reações e desabafos","browser","","","","public/data/sentences.json","Gerar primeiro"
"0949","I won't relax until I hear from them.","Só vou relaxar quando eles derem notícias.","Emoções, reações e desabafos","browser","","","","public/data/sentences.json","Gerar primeiro"
"0950","I need a little reassurance.","Preciso de um pouco de tranquilização.","Emoções, reações e desabafos","browser","","","","public/data/sentences.json","Gerar primeiro"
"0951","That scared me.","Isso me assustou.","Emoções, reações e desabafos","browser","","","","public/data/sentences.json","Gerar primeiro"
"0952","You gave me a fright.","Você me deu um susto.","Emoções, reações e desabafos","browser","","","","public/data/sentences.json","Gerar primeiro"
"0953","I'm afraid of getting it wrong.","Tenho medo de fazer errado.","Emoções, reações e desabafos","browser","","","","public/data/sentences.json","Gerar primeiro"
"0954","I'm nervous, but I'll try.","Estou nervoso, mas vou tentar.","Emoções, reações e desabafos","browser","","","","public/data/sentences.json","Gerar primeiro"
"0955","That took a lot of courage.","Aquilo exigiu muita coragem.","Emoções, reações e desabafos","browser","","","","public/data/sentences.json","Gerar primeiro"
"0956","I'm stepping out of my comfort zone.","Estou saindo da minha zona de conforto.","Emoções, reações e desabafos","browser","","","","public/data/sentences.json","Gerar primeiro"
"0957","I almost backed out.","Quase desisti de ir em frente.","Emoções, reações e desabafos","browser","","","","public/data/sentences.json","Gerar primeiro"
"0958","I'm proud that I gave it a shot.","Tenho orgulho de ter tentado. [Informal]","Emoções, reações e desabafos","browser","","","","public/data/sentences.json","Gerar primeiro"
"0959","It's not as scary as it seemed.","Não é tão assustador quanto parecia.","Emoções, reações e desabafos","browser","","","","public/data/sentences.json","Gerar primeiro"
"0960","I need to face this sooner or later.","Preciso enfrentar isto mais cedo ou mais tarde.","Emoções, reações e desabafos","browser","","","","public/data/sentences.json","Gerar primeiro"
"0961","What a relief.","Que alívio.","Emoções, reações e desabafos","browser","","","","public/data/sentences.json","Gerar primeiro"
"0962","That's a weight off my shoulders.","Isso tira um peso das minhas costas.","Emoções, reações e desabafos","browser","","","","public/data/sentences.json","Gerar primeiro"
"0963","I can breathe again.","Posso respirar de novo. [Figurado]","Emoções, reações e desabafos","browser","","","","public/data/sentences.json","Gerar primeiro"
"0964","I'm glad that's over.","Que bom que isso acabou.","Emoções, reações e desabafos","browser","","","","public/data/sentences.json","Gerar primeiro"
"0965","It all worked out in the end.","No fim, tudo deu certo.","Emoções, reações e desabafos","browser","","","","public/data/sentences.json","Gerar primeiro"
"0966","I was worried for nothing.","Eu estava preocupado à toa.","Emoções, reações e desabafos","browser","","","","public/data/sentences.json","Gerar primeiro"
"0967","You have no idea how relieved I am.","Você não imagina o alívio que estou sentindo.","Emoções, reações e desabafos","browser","","","","public/data/sentences.json","Gerar primeiro"
"0968","That's one less thing to worry about.","É uma preocupação a menos.","Emoções, reações e desabafos","browser","","","","public/data/sentences.json","Gerar primeiro"
"0969","I needed to hear that.","Eu precisava ouvir isso.","Emoções, reações e desabafos","browser","","","","public/data/sentences.json","Gerar primeiro"
"0970","Now I can finally relax.","Agora finalmente posso relaxar.","Emoções, reações e desabafos","browser","","","","public/data/sentences.json","Gerar primeiro"
"0971","That was embarrassing.","Aquilo foi constrangedor.","Emoções, reações e desabafos","browser","","","","public/data/sentences.json","Gerar primeiro"
"0972","I wanted the ground to swallow me up.","Queria que o chão me engolisse. [Figurado]","Emoções, reações e desabafos","browser","","","","public/data/sentences.json","Gerar primeiro"
"0973","I made a fool of myself.","Passei vergonha. [Informal]","Emoções, reações e desabafos","browser","","","","public/data/sentences.json","Gerar primeiro"
"0974","I'm blushing just thinking about it.","Fico vermelho só de pensar nisso.","Emoções, reações e desabafos","browser","","","","public/data/sentences.json","Gerar primeiro"
"0975","I didn't know where to look.","Não sabia nem para onde olhar.","Emoções, reações e desabafos","browser","","","","public/data/sentences.json","Gerar primeiro"
"0976","That was awkward.","Aquilo foi uma situação desconfortável.","Emoções, reações e desabafos","browser","","","","public/data/sentences.json","Gerar primeiro"
"0977","I wish I hadn't said that.","Queria não ter dito aquilo.","Emoções, reações e desabafos","browser","","","","public/data/sentences.json","Gerar primeiro"
"0978","I put my foot in my mouth.","Falei uma besteira e passei vergonha. [Informal]","Emoções, reações e desabafos","browser","","","","public/data/sentences.json","Gerar primeiro"
"0979","Let's pretend that didn't happen.","Vamos fingir que isso não aconteceu. [Brincadeira]","Emoções, reações e desabafos","browser","","","","public/data/sentences.json","Gerar primeiro"
"0980","I'll laugh about it someday.","Algum dia vou rir disso.","Emoções, reações e desabafos","browser","","","","public/data/sentences.json","Gerar primeiro"
"0981","I worked hard for this.","Trabalhei duro por isto.","Emoções, reações e desabafos","browser","","","","public/data/sentences.json","Gerar primeiro"
"0982","I'm proud of myself.","Tenho orgulho de mim.","Emoções, reações e desabafos","browser","","","","public/data/sentences.json","Gerar primeiro"
"0983","You deserve to celebrate.","Você merece comemorar.","Emoções, reações e desabafos","browser","","","","public/data/sentences.json","Gerar primeiro"
"0984","I'm happy for you, even if I'm a little jealous.","Estou feliz por você, mesmo com uma pontinha de inveja.","Emoções, reações e desabafos","browser","","","","public/data/sentences.json","Gerar primeiro"
"0985","I'm trying not to compare myself to others.","Estou tentando não me comparar aos outros.","Emoções, reações e desabafos","browser","","","","public/data/sentences.json","Gerar primeiro"
"0986","Everyone moves at their own pace.","Cada um avança no seu ritmo.","Emoções, reações e desabafos","browser","","","","public/data/sentences.json","Gerar primeiro"
"0987","That makes me feel insecure.","Isso me deixa inseguro.","Emoções, reações e desabafos","browser","","","","public/data/sentences.json","Gerar primeiro"
"0988","I wish I were better at that.","Queria ser melhor nisso.","Emoções, reações e desabafos","browser","","","","public/data/sentences.json","Gerar primeiro"
"0989","I've come a long way.","Já avancei bastante.","Emoções, reações e desabafos","browser","","","","public/data/sentences.json","Gerar primeiro"
"0990","It's easy to forget how much I've learned.","É fácil esquecer quanto já aprendi.","Emoções, reações e desabafos","browser","","","","public/data/sentences.json","Gerar primeiro"
"0991","I'm overwhelmed right now.","Estou sobrecarregado no momento.","Emoções, reações e desabafos","browser","","","","public/data/sentences.json","Gerar primeiro"
"0992","It's all a bit too much.","Está tudo um pouco demais para mim.","Emoções, reações e desabafos","browser","","","","public/data/sentences.json","Gerar primeiro"
"0993","I don't have the energy for this today.","Hoje não tenho energia para isto.","Emoções, reações e desabafos","browser","","","","public/data/sentences.json","Gerar primeiro"
"0994","I need to take a step back for a while.","Preciso me afastar um pouco por um tempo.","Emoções, reações e desabafos","browser","","","","public/data/sentences.json","Gerar primeiro"
"0995","I'm doing the best I can.","Estou fazendo o melhor que consigo.","Emoções, reações e desabafos","browser","","","","public/data/sentences.json","Gerar primeiro"
"0996","You don't have to have it all figured out.","Você não precisa ter tudo resolvido.","Emoções, reações e desabafos","browser","","","","public/data/sentences.json","Gerar primeiro"
"0997","Let's focus on one thing at a time.","Vamos focar em uma coisa de cada vez.","Emoções, reações e desabafos","browser","","","","public/data/sentences.json","Gerar primeiro"
"0998","It's okay to need a break.","Tudo bem precisar de uma pausa.","Emoções, reações e desabafos","browser","","","","public/data/sentences.json","Gerar primeiro"
"0999","Be a little kinder to yourself.","Pegue um pouco mais leve consigo mesmo.","Emoções, reações e desabafos","browser","","","","public/data/sentences.json","Gerar primeiro"
"1000","I'm glad you told me how you feel.","Fico feliz que você tenha contado como se sente.","Emoções, reações e desabafos","browser","","","","public/data/sentences.json","Gerar primeiro"
"1001","I think it's a good idea.","Acho que é uma boa ideia.","Opiniões, concordância e discordância","elevenlabs","Chris","eleven_multilingual_v2","/audio/elevenlabs/1001.mp3","public/data/sentences.json","Revisar apenas se houver um problema"
"1002","In my opinion, it's worth trying.","Na minha opinião, vale a pena tentar.","Opiniões, concordância e discordância","elevenlabs","Chris","eleven_multilingual_v2","/audio/elevenlabs/1002.mp3","public/data/sentences.json","Revisar apenas se houver um problema"
"1003","The way I see it, we have two options.","Do meu ponto de vista, temos duas opções.","Opiniões, concordância e discordância","elevenlabs","Chris","eleven_multilingual_v2","/audio/elevenlabs/1003.mp3","public/data/sentences.json","Revisar apenas se houver um problema"
"1004","My first impression is positive.","Minha primeira impressão é positiva.","Opiniões, concordância e discordância","elevenlabs","Chris","eleven_multilingual_v2","/audio/elevenlabs/1004.mp3","public/data/sentences.json","Revisar apenas se houver um problema"
"1005","I tend to prefer the simpler option.","Tendo a preferir a opção mais simples.","Opiniões, concordância e discordância","elevenlabs","Chris","eleven_multilingual_v2","/audio/elevenlabs/1005.mp3","public/data/sentences.json","Revisar apenas se houver um problema"
"1006","Personally, I'd do it differently.","Pessoalmente, eu faria de outro jeito.","Opiniões, concordância e discordância","elevenlabs","Chris","eleven_multilingual_v2","/audio/elevenlabs/1006.mp3","public/data/sentences.json","Revisar apenas se houver um problema"
"1007","To me, the main issue is timing.","Para mim, a questão principal é o momento.","Opiniões, concordância e discordância","elevenlabs","Chris","eleven_multilingual_v2","/audio/elevenlabs/1007.mp3","public/data/sentences.json","Revisar apenas se houver um problema"
"1008","I'd say it's a reasonable compromise.","Eu diria que é um meio-termo razoável.","Opiniões, concordância e discordância","elevenlabs","Chris","eleven_multilingual_v2","/audio/elevenlabs/1008.mp3","public/data/sentences.json","Revisar apenas se houver um problema"
"1009","I'm leaning toward the second option.","Estou mais inclinado à segunda opção.","Opiniões, concordância e discordância","elevenlabs","Chris","eleven_multilingual_v2","/audio/elevenlabs/1009.mp3","public/data/sentences.json","Revisar apenas se houver um problema"
"1010","That's just my take on it.","Essa é apenas minha visão sobre isso. [Informal]","Opiniões, concordância e discordância","elevenlabs","Chris","eleven_multilingual_v2","/audio/elevenlabs/1010.mp3","public/data/sentences.json","Revisar apenas se houver um problema"
"1011","I agree with you.","Concordo com você.","Opiniões, concordância e discordância","elevenlabs","Chris","eleven_multilingual_v2","/audio/elevenlabs/1011.mp3","public/data/sentences.json","Revisar apenas se houver um problema"
"1012","Exactly.","Exatamente.","Opiniões, concordância e discordância","elevenlabs","Chris","eleven_multilingual_v2","/audio/elevenlabs/1012.mp3","public/data/sentences.json","Revisar apenas se houver um problema"
"1013","That's a fair point.","Esse é um argumento válido.","Opiniões, concordância e discordância","browser","","","","public/data/sentences.json","Gerar primeiro"
"1014","You have a point there.","Você tem razão nesse ponto.","Opiniões, concordância e discordância","browser","","","","public/data/sentences.json","Gerar primeiro"
"1015","I couldn't agree more.","Concordo plenamente.","Opiniões, concordância e discordância","browser","","","","public/data/sentences.json","Gerar primeiro"
"1016","We're on the same page.","Estamos alinhados. [Informal]","Opiniões, concordância e discordância","browser","","","","public/data/sentences.json","Gerar primeiro"
"1017","That's how I see it too.","Também vejo dessa forma.","Opiniões, concordância e discordância","browser","","","","public/data/sentences.json","Gerar primeiro"
"1018","I'm with you on that.","Concordo com você nisso. [Informal]","Opiniões, concordância e discordância","browser","","","","public/data/sentences.json","Gerar primeiro"
"1019","You took the words right out of my mouth.","Você tirou as palavras da minha boca.","Opiniões, concordância e discordância","browser","","","","public/data/sentences.json","Gerar primeiro"
"1020","That's pretty much what I was thinking.","É basicamente o que eu estava pensando.","Opiniões, concordância e discordância","browser","","","","public/data/sentences.json","Gerar primeiro"
"1021","I agree up to a point.","Concordo até certo ponto.","Opiniões, concordância e discordância","browser","","","","public/data/sentences.json","Gerar primeiro"
"1022","That's true, but there's more to it.","É verdade, mas a questão vai além disso.","Opiniões, concordância e discordância","browser","","","","public/data/sentences.json","Gerar primeiro"
"1023","I agree with the goal, not the approach.","Concordo com o objetivo, não com a abordagem.","Opiniões, concordância e discordância","browser","","","","public/data/sentences.json","Gerar primeiro"
"1024","I can see both sides.","Consigo entender os dois lados.","Opiniões, concordância e discordância","browser","","","","public/data/sentences.json","Gerar primeiro"
"1025","It depends on the situation.","Depende da situação.","Opiniões, concordância e discordância","browser","","","","public/data/sentences.json","Gerar primeiro"
"1026","That works in theory.","Isso funciona na teoria.","Opiniões, concordância e discordância","browser","","","","public/data/sentences.json","Gerar primeiro"
"1027","I think you're partly right.","Acho que você tem razão em parte.","Opiniões, concordância e discordância","browser","","","","public/data/sentences.json","Gerar primeiro"
"1028","I'd agree if the circumstances were different.","Eu concordaria se as circunstâncias fossem outras.","Opiniões, concordância e discordância","browser","","","","public/data/sentences.json","Gerar primeiro"
"1029","There's some truth to that.","Há alguma verdade nisso.","Opiniões, concordância e discordância","browser","","","","public/data/sentences.json","Gerar primeiro"
"1030","I'm not against it; I just have concerns.","Não sou contra; só tenho algumas preocupações.","Opiniões, concordância e discordância","browser","","","","public/data/sentences.json","Gerar primeiro"
"1031","I'm not sure I agree.","Não sei se concordo.","Opiniões, concordância e discordância","browser","","","","public/data/sentences.json","Gerar primeiro"
"1032","I see it a little differently.","Vejo isso de um jeito um pouco diferente.","Opiniões, concordância e discordância","browser","","","","public/data/sentences.json","Gerar primeiro"
"1033","I get your point, but I'm not convinced.","Entendo seu argumento, mas não estou convencido.","Opiniões, concordância e discordância","browser","","","","public/data/sentences.json","Gerar primeiro"
"1034","I wouldn't put it that way.","Eu não colocaria nesses termos.","Opiniões, concordância e discordância","browser","","","","public/data/sentences.json","Gerar primeiro"
"1035","That's not how I understood it.","Não foi assim que eu entendi.","Opiniões, concordância e discordância","browser","","","","public/data/sentences.json","Gerar primeiro"
"1036","Could there be another explanation?","Será que existe outra explicação?","Opiniões, concordância e discordância","browser","","","","public/data/sentences.json","Gerar primeiro"
"1037","I have a different perspective.","Tenho uma perspectiva diferente.","Opiniões, concordância e discordância","browser","","","","public/data/sentences.json","Gerar primeiro"
"1038","I'm not questioning your intentions.","Não estou questionando suas intenções.","Opiniões, concordância e discordância","browser","","","","public/data/sentences.json","Gerar primeiro"
"1039","Let's separate the facts from our assumptions.","Vamos separar os fatos das nossas suposições.","Opiniões, concordância e discordância","browser","","","","public/data/sentences.json","Gerar primeiro"
"1040","I'd push back on that a little.","Eu faria uma ressalva a isso. [Conversacional; trabalho]","Opiniões, concordância e discordância","browser","","","","public/data/sentences.json","Gerar primeiro"
"1041","I don't agree with that.","Não concordo com isso.","Opiniões, concordância e discordância","browser","","","","public/data/sentences.json","Gerar primeiro"
"1042","That doesn't follow.","Essa conclusão não decorre do que foi dito.","Opiniões, concordância e discordância","browser","","","","public/data/sentences.json","Gerar primeiro"
"1043","That's not necessarily true.","Isso não é necessariamente verdade.","Opiniões, concordância e discordância","browser","","","","public/data/sentences.json","Gerar primeiro"
"1044","You're missing my point.","Você não está entendendo meu argumento. [Direto]","Opiniões, concordância e discordância","browser","","","","public/data/sentences.json","Gerar primeiro"
"1045","That's a different question.","Essa é outra questão.","Opiniões, concordância e discordância","browser","","","","public/data/sentences.json","Gerar primeiro"
"1046","Those aren't the same thing.","Essas não são a mesma coisa.","Opiniões, concordância e discordância","browser","","","","public/data/sentences.json","Gerar primeiro"
"1047","That doesn't address the issue.","Isso não trata do problema.","Opiniões, concordância e discordância","browser","","","","public/data/sentences.json","Gerar primeiro"
"1048","I think that's an overstatement.","Acho que isso é exagero.","Opiniões, concordância e discordância","browser","","","","public/data/sentences.json","Gerar primeiro"
"1049","We can't conclude that from this example.","Não podemos concluir isso com base neste exemplo.","Opiniões, concordância e discordância","browser","","","","public/data/sentences.json","Gerar primeiro"
"1050","Let's stick to the actual claim.","Vamos nos ater à afirmação de fato.","Opiniões, concordância e discordância","browser","","","","public/data/sentences.json","Gerar primeiro"
"1051","What makes you think that?","O que faz você pensar isso?","Opiniões, concordância e discordância","browser","","","","public/data/sentences.json","Gerar primeiro"
"1052","What are you basing that on?","Em que você está se baseando?","Opiniões, concordância e discordância","browser","","","","public/data/sentences.json","Gerar primeiro"
"1053","Do you have a source for that?","Você tem uma fonte para isso?","Opiniões, concordância e discordância","browser","","","","public/data/sentences.json","Gerar primeiro"
"1054","How do we know that's true?","Como sabemos que isso é verdade?","Opiniões, concordância e discordância","browser","","","","public/data/sentences.json","Gerar primeiro"
"1055","Is that a fact or an interpretation?","Isso é um fato ou uma interpretação?","Opiniões, concordância e discordância","browser","","","","public/data/sentences.json","Gerar primeiro"
"1056","Can you walk me through your reasoning?","Você pode me explicar seu raciocínio passo a passo?","Opiniões, concordância e discordância","browser","","","","public/data/sentences.json","Gerar primeiro"
"1057","What would change your mind?","O que faria você mudar de ideia?","Opiniões, concordância e discordância","browser","","","","public/data/sentences.json","Gerar primeiro"
"1058","Are we assuming something here?","Estamos pressupondo alguma coisa aqui?","Opiniões, concordância e discordância","browser","","","","public/data/sentences.json","Gerar primeiro"
"1059","Does that apply in this case?","Isso se aplica a este caso?","Opiniões, concordância e discordância","browser","","","","public/data/sentences.json","Gerar primeiro"
"1060","What's the strongest argument against it?","Qual é o argumento mais forte contra isso?","Opiniões, concordância e discordância","browser","","","","public/data/sentences.json","Gerar primeiro"
"1061","There's a difference between possible and likely.","Há uma diferença entre possível e provável.","Opiniões, concordância e discordância","browser","","","","public/data/sentences.json","Gerar primeiro"
"1062","I'm talking about the principle, not this person.","Estou falando do princípio, não desta pessoa.","Opiniões, concordância e discordância","browser","","","","public/data/sentences.json","Gerar primeiro"
"1063","That's an example, not a proof.","Isso é um exemplo, não uma prova.","Opiniões, concordância e discordância","browser","","","","public/data/sentences.json","Gerar primeiro"
"1064","The wording matters here.","A forma de dizer importa aqui.","Opiniões, concordância e discordância","browser","","","","public/data/sentences.json","Gerar primeiro"
"1065","We may be using the word differently.","Talvez estejamos usando a palavra com sentidos diferentes.","Opiniões, concordância e discordância","browser","","","","public/data/sentences.json","Gerar primeiro"
"1066","Let me make a distinction.","Deixe eu fazer uma distinção.","Opiniões, concordância e discordância","browser","","","","public/data/sentences.json","Gerar primeiro"
"1067","I'm not saying it's impossible.","Não estou dizendo que é impossível.","Opiniões, concordância e discordância","browser","","","","public/data/sentences.json","Gerar primeiro"
"1068","I'm saying we don't know yet.","Estou dizendo que ainda não sabemos.","Opiniões, concordância e discordância","browser","","","","public/data/sentences.json","Gerar primeiro"
"1069","The question is whether it actually works.","A questão é se isso realmente funciona.","Opiniões, concordância e discordância","browser","","","","public/data/sentences.json","Gerar primeiro"
"1070","That's a separate issue.","Essa é uma questão à parte.","Opiniões, concordância e discordância","browser","","","","public/data/sentences.json","Gerar primeiro"
"1071","I could be wrong.","Posso estar errado.","Opiniões, concordância e discordância","browser","","","","public/data/sentences.json","Gerar primeiro"
"1072","I'm not entirely sure.","Não tenho plena certeza.","Opiniões, concordância e discordância","browser","","","","public/data/sentences.json","Gerar primeiro"
"1073","As far as I know, that's correct.","Até onde sei, isso está correto.","Opiniões, concordância e discordância","browser","","","","public/data/sentences.json","Gerar primeiro"
"1074","I haven't looked into it enough.","Ainda não pesquisei isso o suficiente.","Opiniões, concordância e discordância","browser","","","","public/data/sentences.json","Gerar primeiro"
"1075","I'd rather check before answering.","Prefiro conferir antes de responder.","Opiniões, concordância e discordância","browser","","","","public/data/sentences.json","Gerar primeiro"
"1076","It's too early to tell.","Ainda é cedo para dizer.","Opiniões, concordância e discordância","browser","","","","public/data/sentences.json","Gerar primeiro"
"1077","There isn't enough information to decide.","Não há informação suficiente para decidir.","Opiniões, concordância e discordância","browser","","","","public/data/sentences.json","Gerar primeiro"
"1078","That's my best guess.","Esse é meu melhor palpite.","Opiniões, concordância e discordância","browser","","","","public/data/sentences.json","Gerar primeiro"
"1079","I wouldn't rule it out.","Eu não descartaria essa possibilidade.","Opiniões, concordância e discordância","browser","","","","public/data/sentences.json","Gerar primeiro"
"1080","Let's keep an open mind.","Vamos manter a mente aberta.","Opiniões, concordância e discordância","browser","","","","public/data/sentences.json","Gerar primeiro"
"1081","You've given me something to think about.","Você me deu algo em que pensar.","Opiniões, concordância e discordância","browser","","","","public/data/sentences.json","Gerar primeiro"
"1082","I hadn't considered that possibility.","Eu não tinha considerado essa possibilidade.","Opiniões, concordância e discordância","browser","","","","public/data/sentences.json","Gerar primeiro"
"1083","That changes things.","Isso muda as coisas.","Opiniões, concordância e discordância","browser","","","","public/data/sentences.json","Gerar primeiro"
"1084","I'm starting to see your point.","Estou começando a entender seu argumento.","Opiniões, concordância e discordância","browser","","","","public/data/sentences.json","Gerar primeiro"
"1085","I stand corrected.","Reconheço meu erro.","Opiniões, concordância e discordância","browser","","","","public/data/sentences.json","Gerar primeiro"
"1086","I may have jumped to conclusions.","Talvez eu tenha tirado conclusões precipitadas.","Opiniões, concordância e discordância","browser","","","","public/data/sentences.json","Gerar primeiro"
"1087","Let me revise what I said.","Deixe eu rever o que eu disse.","Opiniões, concordância e discordância","browser","","","","public/data/sentences.json","Gerar primeiro"
"1088","I was mistaken about that detail.","Eu estava enganado sobre esse detalhe.","Opiniões, concordância e discordância","browser","","","","public/data/sentences.json","Gerar primeiro"
"1089","I'm willing to reconsider.","Estou disposto a reconsiderar.","Opiniões, concordância e discordância","browser","","","","public/data/sentences.json","Gerar primeiro"
"1090","That's a stronger argument than I expected.","Esse argumento é mais forte do que eu esperava.","Opiniões, concordância e discordância","browser","","","","public/data/sentences.json","Gerar primeiro"
"1091","We may have to agree to disagree.","Talvez tenhamos que aceitar a discordância.","Opiniões, concordância e discordância","browser","","","","public/data/sentences.json","Gerar primeiro"
"1092","I don't think we're going to settle this today.","Acho que não vamos resolver isto hoje.","Opiniões, concordância e discordância","browser","","","","public/data/sentences.json","Gerar primeiro"
"1093","Let's leave it there for now.","Vamos parar por aqui por enquanto.","Opiniões, concordância e discordância","browser","","","","public/data/sentences.json","Gerar primeiro"
"1094","I appreciate hearing your perspective.","É bom ouvir sua perspectiva.","Opiniões, concordância e discordância","browser","","","","public/data/sentences.json","Gerar primeiro"
"1095","We're going around in circles.","Estamos andando em círculos.","Opiniões, concordância e discordância","browser","","","","public/data/sentences.json","Gerar primeiro"
"1096","Let's come back with more information.","Vamos retomar com mais informações.","Opiniões, concordância e discordância","browser","","","","public/data/sentences.json","Gerar primeiro"
"1097","We agree on more than it seems.","Concordamos em mais coisas do que parece.","Opiniões, concordância e discordância","browser","","","","public/data/sentences.json","Gerar primeiro"
"1098","I don't want this to become personal.","Não quero que isto se torne algo pessoal.","Opiniões, concordância e discordância","browser","","","","public/data/sentences.json","Gerar primeiro"
"1099","Thanks for challenging my thinking.","Obrigado por me fazer questionar meu raciocínio.","Opiniões, concordância e discordância","browser","","","","public/data/sentences.json","Gerar primeiro"
"1100","That's a discussion for another day.","Essa é uma discussão para outro dia.","Opiniões, concordância e discordância","browser","","","","public/data/sentences.json","Gerar primeiro"
"1101","Can you help me for a second?","Você pode me ajudar um segundinho?","Pedidos, ajuda e favores","elevenlabs","Chris","eleven_multilingual_v2","/audio/elevenlabs/1101.mp3","public/data/sentences.json","Revisar apenas se houver um problema"
"1102","Could you give me a hand?","Você pode me dar uma mão?","Pedidos, ajuda e favores","elevenlabs","Chris","eleven_multilingual_v2","/audio/elevenlabs/1102.mp3","public/data/sentences.json","Revisar apenas se houver um problema"
"1103","Would you mind opening the window?","Você se importaria de abrir a janela?","Pedidos, ajuda e favores","elevenlabs","Chris","eleven_multilingual_v2","/audio/elevenlabs/1103.mp3","public/data/sentences.json","Revisar apenas se houver um problema"
"1104","Can I borrow your pen?","Posso pegar sua caneta emprestada?","Pedidos, ajuda e favores","elevenlabs","Chris","eleven_multilingual_v2","/audio/elevenlabs/1104.mp3","public/data/sentences.json","Revisar apenas se houver um problema"
"1105","Could you hold this for me?","Você pode segurar isto para mim?","Pedidos, ajuda e favores","elevenlabs","Chris","eleven_multilingual_v2","/audio/elevenlabs/1105.mp3","public/data/sentences.json","Revisar apenas se houver um problema"
"1106","Please move a little to the left.","Por favor, vá um pouco para a esquerda.","Pedidos, ajuda e favores","elevenlabs","Chris","eleven_multilingual_v2","/audio/elevenlabs/1106.mp3","public/data/sentences.json","Revisar apenas se houver um problema"
"1107","Can you turn it down a bit?","Você pode abaixar um pouco o volume?","Pedidos, ajuda e favores","elevenlabs","Chris","eleven_multilingual_v2","/audio/elevenlabs/1107.mp3","public/data/sentences.json","Revisar apenas se houver um problema"
"1108","Could you bring me a glass of water?","Você pode me trazer um copo de água?","Pedidos, ajuda e favores","elevenlabs","Chris","eleven_multilingual_v2","/audio/elevenlabs/1108.mp3","public/data/sentences.json","Revisar apenas se houver um problema"
"1109","Would you pass me that book?","Você poderia me passar aquele livro?","Pedidos, ajuda e favores","elevenlabs","Chris","eleven_multilingual_v2","/audio/elevenlabs/1109.mp3","public/data/sentences.json","Revisar apenas se houver um problema"
"1110","Can you check this for me?","Você pode conferir isto para mim?","Pedidos, ajuda e favores","elevenlabs","Chris","eleven_multilingual_v2","/audio/elevenlabs/1110.mp3","public/data/sentences.json","Revisar apenas se houver um problema"
"1111","Could I ask you a favor?","Posso pedir um favor?","Pedidos, ajuda e favores","elevenlabs","Chris","eleven_multilingual_v2","/audio/elevenlabs/1111.mp3","public/data/sentences.json","Revisar apenas se houver um problema"
"1112","I'd really appreciate your help.","Eu agradeceria muito sua ajuda.","Pedidos, ajuda e favores","elevenlabs","Chris","eleven_multilingual_v2","/audio/elevenlabs/1112.mp3","public/data/sentences.json","Revisar apenas se houver um problema"
"1113","Would it be possible to change the time?","Seria possível mudar o horário?","Pedidos, ajuda e favores","browser","","","","public/data/sentences.json","Gerar primeiro"
"1114","Is there any chance you could come earlier?","Será que você conseguiria vir mais cedo?","Pedidos, ajuda e favores","browser","","","","public/data/sentences.json","Gerar primeiro"
"1115","I hate to ask, but could you cover for me?","Não gosto de pedir, mas você pode me cobrir?","Pedidos, ajuda e favores","browser","","","","public/data/sentences.json","Gerar primeiro"
"1116","Only if it's not too much trouble.","Só se não der muito trabalho.","Pedidos, ajuda e favores","browser","","","","public/data/sentences.json","Gerar primeiro"
"1117","Please don't feel obliged.","Por favor, não se sinta obrigado.","Pedidos, ajuda e favores","browser","","","","public/data/sentences.json","Gerar primeiro"
"1118","It's completely fine to say no.","Não tem problema nenhum dizer não.","Pedidos, ajuda e favores","browser","","","","public/data/sentences.json","Gerar primeiro"
"1119","I know this is a big ask.","Sei que estou pedindo muito.","Pedidos, ajuda e favores","browser","","","","public/data/sentences.json","Gerar primeiro"
"1120","Could you make an exception this once?","Você poderia abrir uma exceção desta vez?","Pedidos, ajuda e favores","browser","","","","public/data/sentences.json","Gerar primeiro"
"1121","Need a hand with that?","Precisa de uma mão com isso? [Informal]","Pedidos, ajuda e favores","browser","","","","public/data/sentences.json","Gerar primeiro"
"1122","Can I help in any way?","Posso ajudar de alguma forma?","Pedidos, ajuda e favores","browser","","","","public/data/sentences.json","Gerar primeiro"
"1123","Let me take care of it.","Deixe que eu cuido disso.","Pedidos, ajuda e favores","browser","","","","public/data/sentences.json","Gerar primeiro"
"1124","I'll carry the heavy one.","Eu carrego o mais pesado.","Pedidos, ajuda e favores","browser","","","","public/data/sentences.json","Gerar primeiro"
"1125","Want me to show you how?","Quer que eu mostre como faz?","Pedidos, ajuda e favores","browser","","","","public/data/sentences.json","Gerar primeiro"
"1126","I can do that for you.","Posso fazer isso para você.","Pedidos, ajuda e favores","browser","","","","public/data/sentences.json","Gerar primeiro"
"1127","You look like you could use some help.","Parece que uma ajuda seria bem-vinda.","Pedidos, ajuda e favores","browser","","","","public/data/sentences.json","Gerar primeiro"
"1128","I'm happy to help.","Ajudo com prazer.","Pedidos, ajuda e favores","browser","","","","public/data/sentences.json","Gerar primeiro"
"1129","Leave it with me.","Deixe comigo.","Pedidos, ajuda e favores","browser","","","","public/data/sentences.json","Gerar primeiro"
"1130","I'll see what I can do.","Vou ver o que consigo fazer.","Pedidos, ajuda e favores","browser","","","","public/data/sentences.json","Gerar primeiro"
"1131","That would be great.","Seria ótimo.","Pedidos, ajuda e favores","browser","","","","public/data/sentences.json","Gerar primeiro"
"1132","Yes, please. I'd appreciate that.","Sim, por favor. Eu agradeceria.","Pedidos, ajuda e favores","browser","","","","public/data/sentences.json","Gerar primeiro"
"1133","You'd be doing me a huge favor.","Você me faria um favor enorme.","Pedidos, ajuda e favores","browser","","","","public/data/sentences.json","Gerar primeiro"
"1134","Thanks, I could really use the help.","Obrigado, estou mesmo precisando de ajuda.","Pedidos, ajuda e favores","browser","","","","public/data/sentences.json","Gerar primeiro"
"1135","Could you start with these boxes?","Você pode começar por estas caixas?","Pedidos, ajuda e favores","browser","","","","public/data/sentences.json","Gerar primeiro"
"1136","That takes a lot off my plate.","Isso me tira bastante trabalho. [Informal]","Pedidos, ajuda e favores","browser","","","","public/data/sentences.json","Gerar primeiro"
"1137","I wasn't sure who to ask.","Eu não sabia a quem pedir.","Pedidos, ajuda e favores","browser","","","","public/data/sentences.json","Gerar primeiro"
"1138","I'm glad you offered.","Fico feliz que você tenha oferecido.","Pedidos, ajuda e favores","browser","","","","public/data/sentences.json","Gerar primeiro"
"1139","I'll show you what needs doing.","Vou mostrar o que precisa ser feito.","Pedidos, ajuda e favores","browser","","","","public/data/sentences.json","Gerar primeiro"
"1140","Thanks for stepping in.","Obrigado por assumir e ajudar.","Pedidos, ajuda e favores","browser","","","","public/data/sentences.json","Gerar primeiro"
"1141","Thanks, but I've got it.","Obrigado, mas eu dou conta.","Pedidos, ajuda e favores","browser","","","","public/data/sentences.json","Gerar primeiro"
"1142","I think I can manage.","Acho que consigo me virar.","Pedidos, ajuda e favores","browser","","","","public/data/sentences.json","Gerar primeiro"
"1143","That's kind of you, but I'm okay.","É gentil da sua parte, mas estou bem.","Pedidos, ajuda e favores","browser","","","","public/data/sentences.json","Gerar primeiro"
"1144","I'll let you know if I need anything.","Aviso se precisar de alguma coisa.","Pedidos, ajuda e favores","browser","","","","public/data/sentences.json","Gerar primeiro"
"1145","You don't need to go out of your way.","Você não precisa se dar a esse trabalho.","Pedidos, ajuda e favores","browser","","","","public/data/sentences.json","Gerar primeiro"
"1146","I'd like to try it myself first.","Gostaria de tentar sozinho primeiro.","Pedidos, ajuda e favores","browser","","","","public/data/sentences.json","Gerar primeiro"
"1147","I appreciate the offer, though.","Mas agradeço a oferta.","Pedidos, ajuda e favores","browser","","","","public/data/sentences.json","Gerar primeiro"
"1148","I've already taken care of it.","Já cuidei disso.","Pedidos, ajuda e favores","browser","","","","public/data/sentences.json","Gerar primeiro"
"1149","Someone else is helping me with it.","Outra pessoa está me ajudando com isso.","Pedidos, ajuda e favores","browser","","","","public/data/sentences.json","Gerar primeiro"
"1150","Save your energy for later.","Guarde sua energia para depois.","Pedidos, ajuda e favores","browser","","","","public/data/sentences.json","Gerar primeiro"
"1151","I'm sorry, I can't help with that.","Desculpe, não posso ajudar com isso.","Pedidos, ajuda e favores","browser","","","","public/data/sentences.json","Gerar primeiro"
"1152","I'm tied up right now.","Estou ocupado no momento. [Informal]","Pedidos, ajuda e favores","browser","","","","public/data/sentences.json","Gerar primeiro"
"1153","I don't have the time today.","Hoje não tenho tempo.","Pedidos, ajuda e favores","browser","","","","public/data/sentences.json","Gerar primeiro"
"1154","That's outside my area of expertise.","Isso está fora da minha especialidade.","Pedidos, ajuda e favores","browser","","","","public/data/sentences.json","Gerar primeiro"
"1155","I wouldn't know where to start.","Eu nem saberia por onde começar.","Pedidos, ajuda e favores","browser","","","","public/data/sentences.json","Gerar primeiro"
"1156","I can't promise anything.","Não posso prometer nada.","Pedidos, ajuda e favores","browser","","","","public/data/sentences.json","Gerar primeiro"
"1157","I'll have to say no this time.","Vou precisar dizer não desta vez.","Pedidos, ajuda e favores","browser","","","","public/data/sentences.json","Gerar primeiro"
"1158","I can help tomorrow, but not today.","Posso ajudar amanhã, mas não hoje.","Pedidos, ajuda e favores","browser","","","","public/data/sentences.json","Gerar primeiro"
"1159","I can't take on anything else right now.","Não posso assumir mais nada no momento.","Pedidos, ajuda e favores","browser","","","","public/data/sentences.json","Gerar primeiro"
"1160","Maybe someone else can step in.","Talvez outra pessoa possa ajudar.","Pedidos, ajuda e favores","browser","","","","public/data/sentences.json","Gerar primeiro"
"1161","Can I use your charger for a minute?","Posso usar seu carregador um minutinho?","Pedidos, ajuda e favores","browser","","","","public/data/sentences.json","Gerar primeiro"
"1162","I'll give it back tomorrow.","Devolvo amanhã.","Pedidos, ajuda e favores","browser","","","","public/data/sentences.json","Gerar primeiro"
"1163","Please take good care of it.","Por favor, cuide bem disso.","Pedidos, ajuda e favores","browser","","","","public/data/sentences.json","Gerar primeiro"
"1164","You can keep it for the weekend.","Pode ficar com isso durante o fim de semana.","Pedidos, ajuda e favores","browser","","","","public/data/sentences.json","Gerar primeiro"
"1165","I need it back by Monday.","Preciso que devolva até segunda-feira.","Pedidos, ajuda e favores","browser","","","","public/data/sentences.json","Gerar primeiro"
"1166","Do you still have my book?","Você ainda está com meu livro?","Pedidos, ajuda e favores","browser","","","","public/data/sentences.json","Gerar primeiro"
"1167","I forgot I had borrowed it.","Esqueci que tinha pegado isso emprestado.","Pedidos, ajuda e favores","browser","","","","public/data/sentences.json","Gerar primeiro"
"1168","I'll bring it next time.","Trago da próxima vez.","Pedidos, ajuda e favores","browser","","","","public/data/sentences.json","Gerar primeiro"
"1169","You can use mine in the meantime.","Enquanto isso, pode usar o meu.","Pedidos, ajuda e favores","browser","","","","public/data/sentences.json","Gerar primeiro"
"1170","Thanks for lending it to me.","Obrigado por me emprestar.","Pedidos, ajuda e favores","browser","","","","public/data/sentences.json","Gerar primeiro"
"1171","Is it okay if I come in?","Tudo bem se eu entrar?","Pedidos, ajuda e favores","browser","","","","public/data/sentences.json","Gerar primeiro"
"1172","May I use the restroom?","Posso usar o banheiro? [Educado]","Pedidos, ajuda e favores","browser","","","","public/data/sentences.json","Gerar primeiro"
"1173","Do you mind if I record this?","Você se importa se eu gravar isto?","Pedidos, ajuda e favores","browser","","","","public/data/sentences.json","Gerar primeiro"
"1174","Can I share this with the team?","Posso compartilhar isto com a equipe?","Pedidos, ajuda e favores","browser","","","","public/data/sentences.json","Gerar primeiro"
"1175","Would you be comfortable with that?","Você se sentiria confortável com isso?","Pedidos, ajuda e favores","browser","","","","public/data/sentences.json","Gerar primeiro"
"1176","Please ask me before posting it.","Por favor, me pergunte antes de publicar.","Pedidos, ajuda e favores","browser","","","","public/data/sentences.json","Gerar primeiro"
"1177","I'd rather you didn't.","Eu preferiria que você não fizesse isso.","Pedidos, ajuda e favores","browser","","","","public/data/sentences.json","Gerar primeiro"
"1178","Go ahead; that's fine with me.","Pode fazer; por mim, tudo bem.","Pedidos, ajuda e favores","browser","","","","public/data/sentences.json","Gerar primeiro"
"1179","Let's check with them first.","Vamos confirmar com eles primeiro.","Pedidos, ajuda e favores","browser","","","","public/data/sentences.json","Gerar primeiro"
"1180","You have my permission.","Você tem minha permissão.","Pedidos, ajuda e favores","browser","","","","public/data/sentences.json","Gerar primeiro"
"1181","Tell me what you need.","Me diga do que você precisa.","Pedidos, ajuda e favores","browser","","","","public/data/sentences.json","Gerar primeiro"
"1182","Show me where it goes.","Me mostre onde colocar isso.","Pedidos, ajuda e favores","browser","","","","public/data/sentences.json","Gerar primeiro"
"1183","Hold it steady.","Segure firme.","Pedidos, ajuda e favores","browser","","","","public/data/sentences.json","Gerar primeiro"
"1184","A little higher, please.","Um pouco mais alto, por favor.","Pedidos, ajuda e favores","browser","","","","public/data/sentences.json","Gerar primeiro"
"1185","Let's do it together on three.","Vamos fazer juntos quando eu contar até três.","Pedidos, ajuda e favores","browser","","","","public/data/sentences.json","Gerar primeiro"
"1186","Wait until I say go.","Espere até eu dar o sinal.","Pedidos, ajuda e favores","browser","","","","public/data/sentences.json","Gerar primeiro"
"1187","That's it; keep going.","Isso; continue.","Pedidos, ajuda e favores","browser","","","","public/data/sentences.json","Gerar primeiro"
"1188","Stop there for a second.","Pare aí por um segundo.","Pedidos, ajuda e favores","browser","","","","public/data/sentences.json","Gerar primeiro"
"1189","We're almost done.","Estamos quase terminando.","Pedidos, ajuda e favores","browser","","","","public/data/sentences.json","Gerar primeiro"
"1190","That should do it.","Isso deve resolver.","Pedidos, ajuda e favores","browser","","","","public/data/sentences.json","Gerar primeiro"
"1191","You saved me a lot of trouble.","Você me poupou muito trabalho.","Pedidos, ajuda e favores","browser","","","","public/data/sentences.json","Gerar primeiro"
"1192","I owe you one.","Fico devendo essa. [Informal]","Pedidos, ajuda e favores","browser","","","","public/data/sentences.json","Gerar primeiro"
"1193","Let me return the favor sometime.","Deixe eu retribuir o favor qualquer dia.","Pedidos, ajuda e favores","browser","","","","public/data/sentences.json","Gerar primeiro"
"1194","I couldn't have done it without you.","Eu não teria conseguido sem você.","Pedidos, ajuda e favores","browser","","","","public/data/sentences.json","Gerar primeiro"
"1195","That was a lifesaver.","Isso me salvou. [Figurado; informal]","Pedidos, ajuda e favores","browser","","","","public/data/sentences.json","Gerar primeiro"
"1196","Thanks for going out of your way.","Obrigado por se dar a esse trabalho.","Pedidos, ajuda e favores","browser","","","","public/data/sentences.json","Gerar primeiro"
"1197","You really came through for me.","Você realmente me ajudou quando precisei.","Pedidos, ajuda e favores","browser","","","","public/data/sentences.json","Gerar primeiro"
"1198","I won't forget this.","Não vou me esquecer disto.","Pedidos, ajuda e favores","browser","","","","public/data/sentences.json","Gerar primeiro"
"1199","The next one's on me.","A próxima é por minha conta. [Informal]","Pedidos, ajuda e favores","browser","","","","public/data/sentences.json","Gerar primeiro"
"1200","Please let me know how I can repay you.","Por favor, me diga como posso retribuir.","Pedidos, ajuda e favores","browser","","","","public/data/sentences.json","Gerar primeiro"
"1201","Sorry about that.","Desculpe por isso.","Desculpas, agradecimentos e educação","elevenlabs","Chris","eleven_multilingual_v2","/audio/elevenlabs/1201.mp3","public/data/sentences.json","Revisar apenas se houver um problema"
"1202","My mistake.","Erro meu.","Desculpas, agradecimentos e educação","elevenlabs","Chris","eleven_multilingual_v2","/audio/elevenlabs/1202.mp3","public/data/sentences.json","Revisar apenas se houver um problema"
"1203","That's my fault.","A culpa é minha.","Desculpas, agradecimentos e educação","elevenlabs","Chris","eleven_multilingual_v2","/audio/elevenlabs/1203.mp3","public/data/sentences.json","Revisar apenas se houver um problema"
"1204","I didn't mean to.","Não foi de propósito.","Desculpas, agradecimentos e educação","elevenlabs","Chris","eleven_multilingual_v2","/audio/elevenlabs/1204.mp3","public/data/sentences.json","Revisar apenas se houver um problema"
"1205","Sorry, I wasn't paying attention.","Desculpe, eu não estava prestando atenção.","Desculpas, agradecimentos e educação","elevenlabs","Chris","eleven_multilingual_v2","/audio/elevenlabs/1205.mp3","public/data/sentences.json","Revisar apenas se houver um problema"
"1206","I got distracted.","Eu me distraí.","Desculpas, agradecimentos e educação","elevenlabs","Chris","eleven_multilingual_v2","/audio/elevenlabs/1206.mp3","public/data/sentences.json","Revisar apenas se houver um problema"
"1207","Sorry for keeping you waiting.","Desculpe por deixar você esperando.","Desculpas, agradecimentos e educação","elevenlabs","Chris","eleven_multilingual_v2","/audio/elevenlabs/1207.mp3","public/data/sentences.json","Revisar apenas se houver um problema"
"1208","Sorry I'm late.","Desculpe pelo atraso.","Desculpas, agradecimentos e educação","elevenlabs","Chris","eleven_multilingual_v2","/audio/elevenlabs/1208.mp3","public/data/sentences.json","Revisar apenas se houver um problema"
"1209","I completely forgot.","Esqueci completamente.","Desculpas, agradecimentos e educação","elevenlabs","Chris","eleven_multilingual_v2","/audio/elevenlabs/1209.mp3","public/data/sentences.json","Revisar apenas se houver um problema"
"1210","Please excuse the mess.","Por favor, desculpe a bagunça.","Desculpas, agradecimentos e educação","elevenlabs","Chris","eleven_multilingual_v2","/audio/elevenlabs/1210.mp3","public/data/sentences.json","Revisar apenas se houver um problema"
"1211","Sorry for the confusion.","Desculpe pela confusão.","Desculpas, agradecimentos e educação","elevenlabs","Chris","eleven_multilingual_v2","/audio/elevenlabs/1211.mp3","public/data/sentences.json","Revisar apenas se houver um problema"
"1212","I should have been clearer.","Eu deveria ter sido mais claro.","Desculpas, agradecimentos e educação","elevenlabs","Chris","eleven_multilingual_v2","/audio/elevenlabs/1212.mp3","public/data/sentences.json","Revisar apenas se houver um problema"
"1213","I misunderstood what you said.","Entendi errado o que você disse.","Desculpas, agradecimentos e educação","browser","","","","public/data/sentences.json","Gerar primeiro"
"1214","Sorry for interrupting you.","Desculpe por interromper você.","Desculpas, agradecimentos e educação","browser","","","","public/data/sentences.json","Gerar primeiro"
"1215","I didn't realize you were still speaking.","Não percebi que você ainda estava falando.","Desculpas, agradecimentos e educação","browser","","","","public/data/sentences.json","Gerar primeiro"
"1216","That came out wrong.","Não me expressei bem.","Desculpas, agradecimentos e educação","browser","","","","public/data/sentences.json","Gerar primeiro"
"1217","I didn't mean to sound rude.","Não quis soar grosseiro.","Desculpas, agradecimentos e educação","browser","","","","public/data/sentences.json","Gerar primeiro"
"1218","I replied before reading the whole message.","Respondi antes de ler a mensagem inteira.","Desculpas, agradecimentos e educação","browser","","","","public/data/sentences.json","Gerar primeiro"
"1219","I sent that to the wrong person.","Mandei isso para a pessoa errada.","Desculpas, agradecimentos e educação","browser","","","","public/data/sentences.json","Gerar primeiro"
"1220","Let me clear up the misunderstanding.","Deixe eu esclarecer o mal-entendido.","Desculpas, agradecimentos e educação","browser","","","","public/data/sentences.json","Gerar primeiro"
"1221","Sorry for the late reply.","Desculpe pela demora para responder.","Desculpas, agradecimentos e educação","browser","","","","public/data/sentences.json","Gerar primeiro"
"1222","Your message slipped past me.","Acabei deixando sua mensagem passar.","Desculpas, agradecimentos e educação","browser","","","","public/data/sentences.json","Gerar primeiro"
"1223","It slipped my mind.","Acabei esquecendo.","Desculpas, agradecimentos e educação","browser","","","","public/data/sentences.json","Gerar primeiro"
"1224","I lost track of the deadline.","Perdi de vista o prazo.","Desculpas, agradecimentos e educação","browser","","","","public/data/sentences.json","Gerar primeiro"
"1225","I should have let you know sooner.","Eu deveria ter avisado antes.","Desculpas, agradecimentos e educação","browser","","","","public/data/sentences.json","Gerar primeiro"
"1226","I got held up on the way.","Tive um atraso no caminho.","Desculpas, agradecimentos e educação","browser","","","","public/data/sentences.json","Gerar primeiro"
"1227","I underestimated how long it would take.","Subestimei quanto tempo levaria.","Desculpas, agradecimentos e educação","browser","","","","public/data/sentences.json","Gerar primeiro"
"1228","I'm sorry I missed your call.","Desculpe por não ter atendido sua ligação.","Desculpas, agradecimentos e educação","browser","","","","public/data/sentences.json","Gerar primeiro"
"1229","I forgot to attach the file.","Esqueci de anexar o arquivo.","Desculpas, agradecimentos e educação","browser","","","","public/data/sentences.json","Gerar primeiro"
"1230","I'll make sure it doesn't happen again.","Vou tomar cuidado para que isso não aconteça de novo.","Desculpas, agradecimentos e educação","browser","","","","public/data/sentences.json","Gerar primeiro"
"1231","I understand this caused you trouble.","Entendo que isto causou problemas para você.","Desculpas, agradecimentos e educação","browser","","","","public/data/sentences.json","Gerar primeiro"
"1232","I realize I put you in a difficult position.","Reconheço que coloquei você em uma situação difícil.","Desculpas, agradecimentos e educação","browser","","","","public/data/sentences.json","Gerar primeiro"
"1233","That wasn't fair to you.","Isso não foi justo com você.","Desculpas, agradecimentos e educação","browser","","","","public/data/sentences.json","Gerar primeiro"
"1234","You were right to point it out.","Você fez bem em apontar isso.","Desculpas, agradecimentos e educação","browser","","","","public/data/sentences.json","Gerar primeiro"
"1235","I take full responsibility.","Assumo toda a responsabilidade.","Desculpas, agradecimentos e educação","browser","","","","public/data/sentences.json","Gerar primeiro"
"1236","There's no excuse for that.","Não há desculpa para isso.","Desculpas, agradecimentos e educação","browser","","","","public/data/sentences.json","Gerar primeiro"
"1237","I appreciate you telling me directly.","Agradeço por você me dizer diretamente.","Desculpas, agradecimentos e educação","browser","","","","public/data/sentences.json","Gerar primeiro"
"1238","I should have handled it better.","Eu deveria ter lidado melhor com isso.","Desculpas, agradecimentos e educação","browser","","","","public/data/sentences.json","Gerar primeiro"
"1239","I want to put things right.","Quero reparar as coisas.","Desculpas, agradecimentos e educação","browser","","","","public/data/sentences.json","Gerar primeiro"
"1240","I'm sorry for the inconvenience.","Peço desculpas pelo transtorno. [Formal]","Desculpas, agradecimentos e educação","browser","","","","public/data/sentences.json","Gerar primeiro"
"1241","No worries.","Sem problema. [Informal]","Desculpas, agradecimentos e educação","browser","","","","public/data/sentences.json","Gerar primeiro"
"1242","It's okay; these things happen.","Tudo bem; essas coisas acontecem.","Desculpas, agradecimentos e educação","browser","","","","public/data/sentences.json","Gerar primeiro"
"1243","Don't worry about it.","Não se preocupe com isso.","Desculpas, agradecimentos e educação","browser","","","","public/data/sentences.json","Gerar primeiro"
"1244","No harm done.","Não houve prejuízo.","Desculpas, agradecimentos e educação","browser","","","","public/data/sentences.json","Gerar primeiro"
"1245","Thanks for saying that.","Obrigado por dizer isso.","Desculpas, agradecimentos e educação","browser","","","","public/data/sentences.json","Gerar primeiro"
"1246","I appreciate your apology.","Agradeço seu pedido de desculpas.","Desculpas, agradecimentos e educação","browser","","","","public/data/sentences.json","Gerar primeiro"
"1247","Let's move on.","Vamos seguir em frente.","Desculpas, agradecimentos e educação","browser","","","","public/data/sentences.json","Gerar primeiro"
"1248","We're good.","Está tudo bem entre nós. [Informal]","Desculpas, agradecimentos e educação","browser","","","","public/data/sentences.json","Gerar primeiro"
"1249","Just let me know next time.","Só me avise da próxima vez.","Desculpas, agradecimentos e educação","browser","","","","public/data/sentences.json","Gerar primeiro"
"1250","I need a little time, but I heard you.","Preciso de um pouco de tempo, mas ouvi o que você disse.","Desculpas, agradecimentos e educação","browser","","","","public/data/sentences.json","Gerar primeiro"
"1251","Thank you so much.","Muito obrigado.","Desculpas, agradecimentos e educação","browser","","","","public/data/sentences.json","Gerar primeiro"
"1252","Thanks a lot for your help.","Muito obrigado pela ajuda.","Desculpas, agradecimentos e educação","browser","","","","public/data/sentences.json","Gerar primeiro"
"1253","I really appreciate it.","Agradeço de verdade.","Desculpas, agradecimentos e educação","browser","","","","public/data/sentences.json","Gerar primeiro"
"1254","That's very kind of you.","É muita gentileza da sua parte.","Desculpas, agradecimentos e educação","browser","","","","public/data/sentences.json","Gerar primeiro"
"1255","Thanks for letting me know.","Obrigado por avisar.","Desculpas, agradecimentos e educação","browser","","","","public/data/sentences.json","Gerar primeiro"
"1256","Thanks for checking.","Obrigado por conferir.","Desculpas, agradecimentos e educação","browser","","","","public/data/sentences.json","Gerar primeiro"
"1257","Thanks for the heads-up.","Obrigado pelo aviso prévio. [Informal]","Desculpas, agradecimentos e educação","browser","","","","public/data/sentences.json","Gerar primeiro"
"1258","Thanks for your patience.","Obrigado pela paciência.","Desculpas, agradecimentos e educação","browser","","","","public/data/sentences.json","Gerar primeiro"
"1259","Thanks for stopping by.","Obrigado por passar aqui.","Desculpas, agradecimentos e educação","browser","","","","public/data/sentences.json","Gerar primeiro"
"1260","Thank you for your time.","Obrigado pelo seu tempo.","Desculpas, agradecimentos e educação","browser","","","","public/data/sentences.json","Gerar primeiro"
"1261","Thanks for thinking of me.","Obrigado por lembrar de mim.","Desculpas, agradecimentos e educação","browser","","","","public/data/sentences.json","Gerar primeiro"
"1262","I appreciate the effort you put into this.","Agradeço o esforço que você colocou nisto.","Desculpas, agradecimentos e educação","browser","","","","public/data/sentences.json","Gerar primeiro"
"1263","That means more than you know.","Isso significa mais do que você imagina.","Desculpas, agradecimentos e educação","browser","","","","public/data/sentences.json","Gerar primeiro"
"1264","I'm grateful for your support.","Sou grato pelo seu apoio.","Desculpas, agradecimentos e educação","browser","","","","public/data/sentences.json","Gerar primeiro"
"1265","You made this much easier.","Você tornou isto muito mais fácil.","Desculpas, agradecimentos e educação","browser","","","","public/data/sentences.json","Gerar primeiro"
"1266","Thanks for being so understanding.","Obrigado por ser tão compreensivo.","Desculpas, agradecimentos e educação","browser","","","","public/data/sentences.json","Gerar primeiro"
"1267","I appreciate you making time for me.","Agradeço por reservar um tempo para mim.","Desculpas, agradecimentos e educação","browser","","","","public/data/sentences.json","Gerar primeiro"
"1268","Thank you for the warm welcome.","Obrigado pela recepção acolhedora.","Desculpas, agradecimentos e educação","browser","","","","public/data/sentences.json","Gerar primeiro"
"1269","Thanks for taking care of everything.","Obrigado por cuidar de tudo.","Desculpas, agradecimentos e educação","browser","","","","public/data/sentences.json","Gerar primeiro"
"1270","I can't thank you enough.","Nem sei como agradecer o suficiente.","Desculpas, agradecimentos e educação","browser","","","","public/data/sentences.json","Gerar primeiro"
"1271","You're welcome.","De nada.","Desculpas, agradecimentos e educação","browser","","","","public/data/sentences.json","Gerar primeiro"
"1272","My pleasure.","Foi um prazer.","Desculpas, agradecimentos e educação","browser","","","","public/data/sentences.json","Gerar primeiro"
"1273","Happy to help.","Fico feliz em ajudar.","Desculpas, agradecimentos e educação","browser","","","","public/data/sentences.json","Gerar primeiro"
"1274","Anytime.","Sempre que precisar. [Informal]","Desculpas, agradecimentos e educação","browser","","","","public/data/sentences.json","Gerar primeiro"
"1275","Don't mention it.","Não precisa agradecer.","Desculpas, agradecimentos e educação","browser","","","","public/data/sentences.json","Gerar primeiro"
"1276","It was no trouble at all.","Não deu trabalho nenhum.","Desculpas, agradecimentos e educação","browser","","","","public/data/sentences.json","Gerar primeiro"
"1277","I'm glad I could help.","Fico feliz por ter podido ajudar.","Desculpas, agradecimentos e educação","browser","","","","public/data/sentences.json","Gerar primeiro"
"1278","You'd do the same for me.","Você faria o mesmo por mim.","Desculpas, agradecimentos e educação","browser","","","","public/data/sentences.json","Gerar primeiro"
"1279","That's the least I could do.","Era o mínimo que eu podia fazer.","Desculpas, agradecimentos e educação","browser","","","","public/data/sentences.json","Gerar primeiro"
"1280","It was worth it to see you happy.","Valeu a pena para ver você feliz.","Desculpas, agradecimentos e educação","browser","","","","public/data/sentences.json","Gerar primeiro"
"1281","Please take your time.","Por favor, fique à vontade para fazer sem pressa.","Desculpas, agradecimentos e educação","browser","","","","public/data/sentences.json","Gerar primeiro"
"1282","There's no need to rush.","Não há necessidade de correr.","Desculpas, agradecimentos e educação","browser","","","","public/data/sentences.json","Gerar primeiro"
"1283","Whenever it's convenient for you.","Quando for conveniente para você.","Desculpas, agradecimentos e educação","browser","","","","public/data/sentences.json","Gerar primeiro"
"1284","I hope I'm not bothering you.","Espero não estar incomodando.","Desculpas, agradecimentos e educação","browser","","","","public/data/sentences.json","Gerar primeiro"
"1285","Is now a good time?","Agora é um bom momento?","Desculpas, agradecimentos e educação","browser","","","","public/data/sentences.json","Gerar primeiro"
"1286","I don't want to impose.","Não quero me impor nem incomodar.","Desculpas, agradecimentos e educação","browser","","","","public/data/sentences.json","Gerar primeiro"
"1287","Let me know if this is a bad time.","Me avise se este não for um bom momento.","Desculpas, agradecimentos e educação","browser","","","","public/data/sentences.json","Gerar primeiro"
"1288","Please don't trouble yourself.","Por favor, não se dê ao trabalho.","Desculpas, agradecimentos e educação","browser","","","","public/data/sentences.json","Gerar primeiro"
"1289","I hope you don't mind me asking.","Espero que você não se importe de eu perguntar.","Desculpas, agradecimentos e educação","browser","","","","public/data/sentences.json","Gerar primeiro"
"1290","Thank you for respecting my decision.","Obrigado por respeitar minha decisão.","Desculpas, agradecimentos e educação","browser","","","","public/data/sentences.json","Gerar primeiro"
"1291","Congratulations on the new job.","Parabéns pelo emprego novo.","Desculpas, agradecimentos e educação","browser","","","","public/data/sentences.json","Gerar primeiro"
"1292","Best of luck with everything.","Boa sorte com tudo.","Desculpas, agradecimentos e educação","browser","","","","public/data/sentences.json","Gerar primeiro"
"1293","I hope you feel better soon.","Espero que você melhore logo.","Desculpas, agradecimentos e educação","browser","","","","public/data/sentences.json","Gerar primeiro"
"1294","I'm sorry for your loss.","Meus sentimentos pela sua perda.","Desculpas, agradecimentos e educação","browser","","","","public/data/sentences.json","Gerar primeiro"
"1295","I'm thinking of you and your family.","Estou pensando em você e na sua família.","Desculpas, agradecimentos e educação","browser","","","","public/data/sentences.json","Gerar primeiro"
"1296","Wishing you all the best.","Desejo tudo de melhor a você.","Desculpas, agradecimentos e educação","browser","","","","public/data/sentences.json","Gerar primeiro"
"1297","Have a safe trip.","Faça uma boa viagem, com segurança.","Desculpas, agradecimentos e educação","browser","","","","public/data/sentences.json","Gerar primeiro"
"1298","Enjoy your time off.","Aproveite sua folga.","Desculpas, agradecimentos e educação","browser","","","","public/data/sentences.json","Gerar primeiro"
"1299","Happy anniversary to you both.","Feliz aniversário de relacionamento para vocês dois.","Desculpas, agradecimentos e educação","browser","","","","public/data/sentences.json","Gerar primeiro"
"1300","Thank you for including me.","Obrigado por me incluir.","Desculpas, agradecimentos e educação","browser","","","","public/data/sentences.json","Gerar primeiro"
"1301","I'm logging on now.","Estou entrando no sistema agora.","Trabalho: rotina, equipe e prioridades","elevenlabs","Chris","eleven_multilingual_v2","/audio/elevenlabs/1301.mp3","public/data/sentences.json","Revisar apenas se houver um problema"
"1302","I'll be online in a few minutes.","Estarei disponível online em alguns minutos.","Trabalho: rotina, equipe e prioridades","elevenlabs","Chris","eleven_multilingual_v2","/audio/elevenlabs/1302.mp3","public/data/sentences.json","Revisar apenas se houver um problema"
"1303","What's the plan for today?","Qual é o plano para hoje?","Trabalho: rotina, equipe e prioridades","elevenlabs","Chris","eleven_multilingual_v2","/audio/elevenlabs/1303.mp3","public/data/sentences.json","Revisar apenas se houver um problema"
"1304","Let me check my calendar.","Deixe eu conferir minha agenda.","Trabalho: rotina, equipe e prioridades","elevenlabs","Chris","eleven_multilingual_v2","/audio/elevenlabs/1304.mp3","public/data/sentences.json","Revisar apenas se houver um problema"
"1305","I've got a few things to catch up on.","Tenho algumas coisas para colocar em dia.","Trabalho: rotina, equipe e prioridades","elevenlabs","Chris","eleven_multilingual_v2","/audio/elevenlabs/1305.mp3","public/data/sentences.json","Revisar apenas se houver um problema"
"1306","I'm starting with the urgent items.","Estou começando pelos itens urgentes.","Trabalho: rotina, equipe e prioridades","elevenlabs","Chris","eleven_multilingual_v2","/audio/elevenlabs/1306.mp3","public/data/sentences.json","Revisar apenas se houver um problema"
"1307","I'll go through my messages first.","Vou olhar minhas mensagens primeiro.","Trabalho: rotina, equipe e prioridades","elevenlabs","Chris","eleven_multilingual_v2","/audio/elevenlabs/1307.mp3","public/data/sentences.json","Revisar apenas se houver um problema"
"1308","Do we have anything scheduled this morning?","Temos algo marcado para esta manhã?","Trabalho: rotina, equipe e prioridades","elevenlabs","Chris","eleven_multilingual_v2","/audio/elevenlabs/1308.mp3","public/data/sentences.json","Revisar apenas se houver um problema"
"1309","I'm working from home today.","Hoje estou trabalhando de casa.","Trabalho: rotina, equipe e prioridades","elevenlabs","Chris","eleven_multilingual_v2","/audio/elevenlabs/1309.mp3","public/data/sentences.json","Revisar apenas se houver um problema"
"1310","I'll be in the office tomorrow.","Amanhã estarei no escritório.","Trabalho: rotina, equipe e prioridades","elevenlabs","Chris","eleven_multilingual_v2","/audio/elevenlabs/1310.mp3","public/data/sentences.json","Revisar apenas se houver um problema"
"1311","Are you free for a quick chat?","Você está livre para uma conversa rápida?","Trabalho: rotina, equipe e prioridades","elevenlabs","Chris","eleven_multilingual_v2","/audio/elevenlabs/1311.mp3","public/data/sentences.json","Revisar apenas se houver um problema"
"1312","I've got a few minutes now.","Tenho alguns minutos agora.","Trabalho: rotina, equipe e prioridades","elevenlabs","Chris","eleven_multilingual_v2","/audio/elevenlabs/1312.mp3","public/data/sentences.json","Revisar apenas se houver um problema"
"1313","I'm in the middle of something.","Estou no meio de uma tarefa.","Trabalho: rotina, equipe e prioridades","browser","","","","public/data/sentences.json","Gerar primeiro"
"1314","Can I get back to you after lunch?","Posso falar com você depois do almoço?","Trabalho: rotina, equipe e prioridades","browser","","","","public/data/sentences.json","Gerar primeiro"
"1315","I'll be away from my desk for a bit.","Vou ficar longe da mesa por um tempo.","Trabalho: rotina, equipe e prioridades","browser","","","","public/data/sentences.json","Gerar primeiro"
"1316","My afternoon is fully booked.","Minha tarde está toda ocupada.","Trabalho: rotina, equipe e prioridades","browser","","","","public/data/sentences.json","Gerar primeiro"
"1317","I have a gap between meetings.","Tenho um intervalo entre reuniões.","Trabalho: rotina, equipe e prioridades","browser","","","","public/data/sentences.json","Gerar primeiro"
"1318","Let's find a time that works.","Vamos encontrar um horário que funcione.","Trabalho: rotina, equipe e prioridades","browser","","","","public/data/sentences.json","Gerar primeiro"
"1319","I'm available until five.","Estou disponível até as cinco.","Trabalho: rotina, equipe e prioridades","browser","","","","public/data/sentences.json","Gerar primeiro"
"1320","I'll let you know when I'm free.","Aviso quando estiver livre.","Trabalho: rotina, equipe e prioridades","browser","","","","public/data/sentences.json","Gerar primeiro"
"1321","I'm working on it.","Estou trabalhando nisso.","Trabalho: rotina, equipe e prioridades","browser","","","","public/data/sentences.json","Gerar primeiro"
"1322","I've made some progress.","Avancei um pouco.","Trabalho: rotina, equipe e prioridades","browser","","","","public/data/sentences.json","Gerar primeiro"
"1323","It's still in progress.","Ainda está em andamento.","Trabalho: rotina, equipe e prioridades","browser","","","","public/data/sentences.json","Gerar primeiro"
"1324","I haven't started that yet.","Ainda não comecei isso.","Trabalho: rotina, equipe e prioridades","browser","","","","public/data/sentences.json","Gerar primeiro"
"1325","I'm waiting for a response.","Estou aguardando uma resposta.","Trabalho: rotina, equipe e prioridades","browser","","","","public/data/sentences.json","Gerar primeiro"
"1326","That part is already done.","Essa parte já está pronta.","Trabalho: rotina, equipe e prioridades","browser","","","","public/data/sentences.json","Gerar primeiro"
"1327","I'll send an update later today.","Vou mandar uma atualização ainda hoje.","Trabalho: rotina, equipe e prioridades","browser","","","","public/data/sentences.json","Gerar primeiro"
"1328","I'm almost finished with this task.","Estou quase terminando esta tarefa.","Trabalho: rotina, equipe e prioridades","browser","","","","public/data/sentences.json","Gerar primeiro"
"1329","There's a bit more work involved.","Há um pouco mais de trabalho envolvido.","Trabalho: rotina, equipe e prioridades","browser","","","","public/data/sentences.json","Gerar primeiro"
"1330","I'll walk you through what I've done.","Vou explicar o que fiz passo a passo.","Trabalho: rotina, equipe e prioridades","browser","","","","public/data/sentences.json","Gerar primeiro"
"1331","What's the top priority?","Qual é a prioridade principal?","Trabalho: rotina, equipe e prioridades","browser","","","","public/data/sentences.json","Gerar primeiro"
"1332","This needs to come first.","Isto precisa vir primeiro.","Trabalho: rotina, equipe e prioridades","browser","","","","public/data/sentences.json","Gerar primeiro"
"1333","Can the other task wait?","A outra tarefa pode esperar?","Trabalho: rotina, equipe e prioridades","browser","","","","public/data/sentences.json","Gerar primeiro"
"1334","We need to focus on the essentials.","Precisamos focar no essencial.","Trabalho: rotina, equipe e prioridades","browser","","","","public/data/sentences.json","Gerar primeiro"
"1335","Let's tackle the biggest risk first.","Vamos tratar primeiro do maior risco.","Trabalho: rotina, equipe e prioridades","browser","","","","public/data/sentences.json","Gerar primeiro"
"1336","I'm juggling several things right now.","Estou conciliando várias coisas no momento.","Trabalho: rotina, equipe e prioridades","browser","","","","public/data/sentences.json","Gerar primeiro"
"1337","I don't want to spread myself too thin.","Não quero assumir tanto a ponto de não dar conta.","Trabalho: rotina, equipe e prioridades","browser","","","","public/data/sentences.json","Gerar primeiro"
"1338","Which deadline is more critical?","Qual prazo é mais crítico?","Trabalho: rotina, equipe e prioridades","browser","","","","public/data/sentences.json","Gerar primeiro"
"1339","Let's put this on the back burner.","Vamos deixar isto em segundo plano por enquanto. [Informal]","Trabalho: rotina, equipe e prioridades","browser","","","","public/data/sentences.json","Gerar primeiro"
"1340","We need a clear order of priorities.","Precisamos de uma ordem clara de prioridades.","Trabalho: rotina, equipe e prioridades","browser","","","","public/data/sentences.json","Gerar primeiro"
"1341","Who is taking the lead on this?","Quem está liderando isto?","Trabalho: rotina, equipe e prioridades","browser","","","","public/data/sentences.json","Gerar primeiro"
"1342","I'll take ownership of that part.","Vou assumir a responsabilidade por essa parte.","Trabalho: rotina, equipe e prioridades","browser","","","","public/data/sentences.json","Gerar primeiro"
"1343","Could you handle the follow-up?","Você pode cuidar do acompanhamento?","Trabalho: rotina, equipe e prioridades","browser","","","","public/data/sentences.json","Gerar primeiro"
"1344","Let's divide the work evenly.","Vamos dividir o trabalho de forma equilibrada.","Trabalho: rotina, equipe e prioridades","browser","","","","public/data/sentences.json","Gerar primeiro"
"1345","I'll cover the first half.","Vou cuidar da primeira metade.","Trabalho: rotina, equipe e prioridades","browser","","","","public/data/sentences.json","Gerar primeiro"
"1346","We should avoid duplicating effort.","Devemos evitar trabalho duplicado.","Trabalho: rotina, equipe e prioridades","browser","","","","public/data/sentences.json","Gerar primeiro"
"1347","Who else needs to be involved?","Quem mais precisa participar?","Trabalho: rotina, equipe e prioridades","browser","","","","public/data/sentences.json","Gerar primeiro"
"1348","Let's make the responsibilities clear.","Vamos deixar as responsabilidades claras.","Trabalho: rotina, equipe e prioridades","browser","","","","public/data/sentences.json","Gerar primeiro"
"1349","I'll coordinate with the other team.","Vou alinhar com a outra equipe.","Trabalho: rotina, equipe e prioridades","browser","","","","public/data/sentences.json","Gerar primeiro"
"1350","We're sharing the workload.","Estamos dividindo a carga de trabalho.","Trabalho: rotina, equipe e prioridades","browser","","","","public/data/sentences.json","Gerar primeiro"
"1351","Let's work through it together.","Vamos resolver isso juntos.","Trabalho: rotina, equipe e prioridades","browser","","","","public/data/sentences.json","Gerar primeiro"
"1352","Can I run something by you?","Posso pedir sua opinião sobre uma coisa? [Conversacional]","Trabalho: rotina, equipe e prioridades","browser","","","","public/data/sentences.json","Gerar primeiro"
"1353","I'd like a second pair of eyes on this.","Gostaria que outra pessoa também revisasse isto.","Trabalho: rotina, equipe e prioridades","browser","","","","public/data/sentences.json","Gerar primeiro"
"1354","Do you have any suggestions?","Você tem alguma sugestão?","Trabalho: rotina, equipe e prioridades","browser","","","","public/data/sentences.json","Gerar primeiro"
"1355","Let's compare notes.","Vamos comparar nossas observações.","Trabalho: rotina, equipe e prioridades","browser","","","","public/data/sentences.json","Gerar primeiro"
"1356","I think we can build on your idea.","Acho que podemos desenvolver sua ideia.","Trabalho: rotina, equipe e prioridades","browser","","","","public/data/sentences.json","Gerar primeiro"
"1357","Thanks for looping me in.","Obrigado por me incluir na conversa. [Conversacional]","Trabalho: rotina, equipe e prioridades","browser","","","","public/data/sentences.json","Gerar primeiro"
"1358","Keep me in the loop.","Me mantenha informado. [Conversacional]","Trabalho: rotina, equipe e prioridades","browser","","","","public/data/sentences.json","Gerar primeiro"
"1359","I'll bring the team up to speed.","Vou atualizar a equipe sobre a situação.","Trabalho: rotina, equipe e prioridades","browser","","","","public/data/sentences.json","Gerar primeiro"
"1360","Let's make sure nothing falls through the cracks.","Vamos garantir que nada seja esquecido.","Trabalho: rotina, equipe e prioridades","browser","","","","public/data/sentences.json","Gerar primeiro"
"1361","Can you give me some background?","Você pode me dar um pouco de contexto?","Trabalho: rotina, equipe e prioridades","browser","","","","public/data/sentences.json","Gerar primeiro"
"1362","What problem are we trying to solve?","Qual problema estamos tentando resolver?","Trabalho: rotina, equipe e prioridades","browser","","","","public/data/sentences.json","Gerar primeiro"
"1363","Who asked for this change?","Quem pediu esta mudança?","Trabalho: rotina, equipe e prioridades","browser","","","","public/data/sentences.json","Gerar primeiro"
"1364","What does success look like here?","O que seria considerado sucesso aqui?","Trabalho: rotina, equipe e prioridades","browser","","","","public/data/sentences.json","Gerar primeiro"
"1365","Is there any documentation I should read?","Há alguma documentação que eu deva ler?","Trabalho: rotina, equipe e prioridades","browser","","","","public/data/sentences.json","Gerar primeiro"
"1366","What have we tried so far?","O que já tentamos até agora?","Trabalho: rotina, equipe e prioridades","browser","","","","public/data/sentences.json","Gerar primeiro"
"1367","Are there any constraints I should know about?","Há restrições que eu deva conhecer?","Trabalho: rotina, equipe e prioridades","browser","","","","public/data/sentences.json","Gerar primeiro"
"1368","What's driving the urgency?","O que está causando a urgência?","Trabalho: rotina, equipe e prioridades","browser","","","","public/data/sentences.json","Gerar primeiro"
"1369","How does this fit into the bigger picture?","Como isto se encaixa no contexto maior?","Trabalho: rotina, equipe e prioridades","browser","","","","public/data/sentences.json","Gerar primeiro"
"1370","I need a bit more detail before I start.","Preciso de um pouco mais de detalhe antes de começar.","Trabalho: rotina, equipe e prioridades","browser","","","","public/data/sentences.json","Gerar primeiro"
"1371","I'm blocked on this task.","Estou com um impedimento nesta tarefa.","Trabalho: rotina, equipe e prioridades","browser","","","","public/data/sentences.json","Gerar primeiro"
"1372","I'm missing some information.","Está faltando alguma informação para mim.","Trabalho: rotina, equipe e prioridades","browser","","","","public/data/sentences.json","Gerar primeiro"
"1373","We need access before we can proceed.","Precisamos de acesso antes de continuar.","Trabalho: rotina, equipe e prioridades","browser","","","","public/data/sentences.json","Gerar primeiro"
"1374","This depends on another team.","Isto depende de outra equipe.","Trabalho: rotina, equipe e prioridades","browser","","","","public/data/sentences.json","Gerar primeiro"
"1375","I'm waiting for approval.","Estou aguardando aprovação.","Trabalho: rotina, equipe e prioridades","browser","","","","public/data/sentences.json","Gerar primeiro"
"1376","There's a dependency we haven't resolved.","Há uma dependência que ainda não resolvemos.","Trabalho: rotina, equipe e prioridades","browser","","","","public/data/sentences.json","Gerar primeiro"
"1377","Who can help remove this blocker?","Quem pode ajudar a remover este impedimento?","Trabalho: rotina, equipe e prioridades","browser","","","","public/data/sentences.json","Gerar primeiro"
"1378","I don't want to guess and cause rework.","Não quero adivinhar e gerar retrabalho.","Trabalho: rotina, equipe e prioridades","browser","","","","public/data/sentences.json","Gerar primeiro"
"1379","Let's escalate this if we need to.","Vamos acionar o nível responsável se for necessário.","Trabalho: rotina, equipe e prioridades","browser","","","","public/data/sentences.json","Gerar primeiro"
"1380","I'll flag the risk now.","Vou sinalizar o risco agora.","Trabalho: rotina, equipe e prioridades","browser","","","","public/data/sentences.json","Gerar primeiro"
"1381","I'm taking my lunch break.","Vou fazer meu intervalo de almoço.","Trabalho: rotina, equipe e prioridades","browser","","","","public/data/sentences.json","Gerar primeiro"
"1382","I'll be back shortly.","Volto em breve.","Trabalho: rotina, equipe e prioridades","browser","","","","public/data/sentences.json","Gerar primeiro"
"1383","I need some uninterrupted time.","Preciso de um tempo sem interrupções.","Trabalho: rotina, equipe e prioridades","browser","","","","public/data/sentences.json","Gerar primeiro"
"1384","I'm turning off notifications for an hour.","Vou desligar as notificações por uma hora.","Trabalho: rotina, equipe e prioridades","browser","","","","public/data/sentences.json","Gerar primeiro"
"1385","Can this wait until tomorrow morning?","Isto pode esperar até amanhã de manhã?","Trabalho: rotina, equipe e prioridades","browser","","","","public/data/sentences.json","Gerar primeiro"
"1386","I'm at capacity this week.","Estou sem capacidade para assumir mais nesta semana.","Trabalho: rotina, equipe e prioridades","browser","","","","public/data/sentences.json","Gerar primeiro"
"1387","I'd need to drop something else to take this on.","Para assumir isto, precisaria deixar outra coisa.","Trabalho: rotina, equipe e prioridades","browser","","","","public/data/sentences.json","Gerar primeiro"
"1388","Let's discuss the workload.","Vamos conversar sobre a carga de trabalho.","Trabalho: rotina, equipe e prioridades","browser","","","","public/data/sentences.json","Gerar primeiro"
"1389","I won't be checking messages tonight.","Não vou olhar mensagens hoje à noite.","Trabalho: rotina, equipe e prioridades","browser","","","","public/data/sentences.json","Gerar primeiro"
"1390","Please contact the on-call person for urgent issues.","Para urgências, procure a pessoa de plantão.","Trabalho: rotina, equipe e prioridades","browser","","","","public/data/sentences.json","Gerar primeiro"
"1391","I'm wrapping up for the day.","Estou encerrando o expediente.","Trabalho: rotina, equipe e prioridades","browser","","","","public/data/sentences.json","Gerar primeiro"
"1392","Here's where things stand.","Este é o ponto em que estamos.","Trabalho: rotina, equipe e prioridades","browser","","","","public/data/sentences.json","Gerar primeiro"
"1393","I'll pick this up tomorrow.","Vou retomar isto amanhã.","Trabalho: rotina, equipe e prioridades","browser","","","","public/data/sentences.json","Gerar primeiro"
"1394","Everything is documented in the ticket.","Tudo está documentado no chamado.","Trabalho: rotina, equipe e prioridades","browser","","","","public/data/sentences.json","Gerar primeiro"
"1395","I've left notes for the next shift.","Deixei anotações para o próximo turno.","Trabalho: rotina, equipe e prioridades","browser","","","","public/data/sentences.json","Gerar primeiro"
"1396","Nothing urgent is outstanding.","Não há nada urgente pendente.","Trabalho: rotina, equipe e prioridades","browser","","","","public/data/sentences.json","Gerar primeiro"
"1397","I'll hand this over to you.","Vou passar isto para você.","Trabalho: rotina, equipe e prioridades","browser","","","","public/data/sentences.json","Gerar primeiro"
"1398","Let me know if anything is unclear.","Me avise se algo não estiver claro.","Trabalho: rotina, equipe e prioridades","browser","","","","public/data/sentences.json","Gerar primeiro"
"1399","Thanks for the teamwork today.","Obrigado pelo trabalho em equipe de hoje.","Trabalho: rotina, equipe e prioridades","browser","","","","public/data/sentences.json","Gerar primeiro"
"1400","Have a good evening, everyone.","Boa noite a todos.","Trabalho: rotina, equipe e prioridades","browser","","","","public/data/sentences.json","Gerar primeiro"
"1401","Can we schedule a meeting for Thursday?","Podemos marcar uma reunião para quinta-feira?","Trabalho: reuniões, decisões e projetos","elevenlabs","Chris","eleven_multilingual_v2","/audio/elevenlabs/1401.mp3","public/data/sentences.json","Revisar apenas se houver um problema"
"1402","I'll send out an invitation.","Vou enviar um convite.","Trabalho: reuniões, decisões e projetos","elevenlabs","Chris","eleven_multilingual_v2","/audio/elevenlabs/1402.mp3","public/data/sentences.json","Revisar apenas se houver um problema"
"1403","Please include the agenda.","Por favor, inclua a pauta.","Trabalho: reuniões, decisões e projetos","elevenlabs","Chris","eleven_multilingual_v2","/audio/elevenlabs/1403.mp3","public/data/sentences.json","Revisar apenas se houver um problema"
"1404","Who needs to attend?","Quem precisa participar?","Trabalho: reuniões, decisões e projetos","elevenlabs","Chris","eleven_multilingual_v2","/audio/elevenlabs/1404.mp3","public/data/sentences.json","Revisar apenas se houver um problema"
"1405","Let's keep it to half an hour.","Vamos limitar a meia hora.","Trabalho: reuniões, decisões e projetos","elevenlabs","Chris","eleven_multilingual_v2","/audio/elevenlabs/1405.mp3","public/data/sentences.json","Revisar apenas se houver um problema"
"1406","Could we move it to the afternoon?","Podemos passar para a tarde?","Trabalho: reuniões, decisões e projetos","elevenlabs","Chris","eleven_multilingual_v2","/audio/elevenlabs/1406.mp3","public/data/sentences.json","Revisar apenas se houver um problema"
"1407","That time conflicts with another meeting.","Esse horário coincide com outra reunião.","Trabalho: reuniões, decisões e projetos","elevenlabs","Chris","eleven_multilingual_v2","/audio/elevenlabs/1407.mp3","public/data/sentences.json","Revisar apenas se houver um problema"
"1408","Is this meeting still happening?","Esta reunião continua de pé?","Trabalho: reuniões, decisões e projetos","elevenlabs","Chris","eleven_multilingual_v2","/audio/elevenlabs/1408.mp3","public/data/sentences.json","Revisar apenas se houver um problema"
"1409","Let's make it a recurring meeting.","Vamos torná-la uma reunião recorrente.","Trabalho: reuniões, decisões e projetos","elevenlabs","Chris","eleven_multilingual_v2","/audio/elevenlabs/1409.mp3","public/data/sentences.json","Revisar apenas se houver um problema"
"1410","We might be able to handle this by email.","Talvez possamos resolver isto por e-mail.","Trabalho: reuniões, decisões e projetos","elevenlabs","Chris","eleven_multilingual_v2","/audio/elevenlabs/1410.mp3","public/data/sentences.json","Revisar apenas se houver um problema"
"1411","Let's get started.","Vamos começar.","Trabalho: reuniões, decisões e projetos","elevenlabs","Chris","eleven_multilingual_v2","/audio/elevenlabs/1411.mp3","public/data/sentences.json","Revisar apenas se houver um problema"
"1412","Thanks for joining on short notice.","Obrigado por participar com tão pouca antecedência.","Trabalho: reuniões, decisões e projetos","elevenlabs","Chris","eleven_multilingual_v2","/audio/elevenlabs/1412.mp3","public/data/sentences.json","Revisar apenas se houver um problema"
"1413","The goal today is to make a decision.","O objetivo de hoje é tomar uma decisão.","Trabalho: reuniões, decisões e projetos","browser","","","","public/data/sentences.json","Gerar primeiro"
"1414","Let's quickly go through the agenda.","Vamos passar rapidamente pela pauta.","Trabalho: reuniões, decisões e projetos","browser","","","","public/data/sentences.json","Gerar primeiro"
"1415","Does anyone need to leave early?","Alguém precisa sair mais cedo?","Trabalho: reuniões, decisões e projetos","browser","","","","public/data/sentences.json","Gerar primeiro"
"1416","I'll take notes.","Vou fazer as anotações.","Trabalho: reuniões, decisões e projetos","browser","","","","public/data/sentences.json","Gerar primeiro"
"1417","Can someone keep an eye on the time?","Alguém pode controlar o tempo?","Trabalho: reuniões, decisões e projetos","browser","","","","public/data/sentences.json","Gerar primeiro"
"1418","Let's start with a brief update.","Vamos começar com uma atualização breve.","Trabalho: reuniões, decisões e projetos","browser","","","","public/data/sentences.json","Gerar primeiro"
"1419","We'll leave time for questions at the end.","Vamos reservar tempo para perguntas no final.","Trabalho: reuniões, decisões e projetos","browser","","","","public/data/sentences.json","Gerar primeiro"
"1420","Before we begin, a quick clarification.","Antes de começar, um esclarecimento rápido.","Trabalho: reuniões, decisões e projetos","browser","","","","public/data/sentences.json","Gerar primeiro"
"1421","Can I jump in here?","Posso entrar na conversa aqui? [Conversacional]","Trabalho: reuniões, decisões e projetos","browser","","","","public/data/sentences.json","Gerar primeiro"
"1422","I'd like to add something.","Gostaria de acrescentar uma coisa.","Trabalho: reuniões, decisões e projetos","browser","","","","public/data/sentences.json","Gerar primeiro"
"1423","May I finish my point?","Posso concluir meu ponto?","Trabalho: reuniões, decisões e projetos","browser","","","","public/data/sentences.json","Gerar primeiro"
"1424","Go ahead; I can wait.","Pode falar; eu espero.","Trabalho: reuniões, decisões e projetos","browser","","","","public/data/sentences.json","Gerar primeiro"
"1425","I think we spoke at the same time.","Acho que falamos ao mesmo tempo.","Trabalho: reuniões, decisões e projetos","browser","","","","public/data/sentences.json","Gerar primeiro"
"1426","Could we hear from the support team?","Podemos ouvir a equipe de suporte?","Trabalho: reuniões, decisões e projetos","browser","","","","public/data/sentences.json","Gerar primeiro"
"1427","Does anyone see it differently?","Alguém vê isso de outra forma?","Trabalho: reuniões, decisões e projetos","browser","","","","public/data/sentences.json","Gerar primeiro"
"1428","I have a question about the last point.","Tenho uma pergunta sobre o último ponto.","Trabalho: reuniões, decisões e projetos","browser","","","","public/data/sentences.json","Gerar primeiro"
"1429","Let me build on what you said.","Deixe eu complementar o que você disse.","Trabalho: reuniões, decisões e projetos","browser","","","","public/data/sentences.json","Gerar primeiro"
"1430","I'll keep this brief.","Vou ser breve.","Trabalho: reuniões, decisões e projetos","browser","","","","public/data/sentences.json","Gerar primeiro"
"1431","Can everyone hear me?","Todos conseguem me ouvir?","Trabalho: reuniões, decisões e projetos","browser","","","","public/data/sentences.json","Gerar primeiro"
"1432","You're on mute.","Seu microfone está desligado.","Trabalho: reuniões, decisões e projetos","browser","","","","public/data/sentences.json","Gerar primeiro"
"1433","Your audio is cutting out.","Seu áudio está cortando.","Trabalho: reuniões, decisões e projetos","browser","","","","public/data/sentences.json","Gerar primeiro"
"1434","My connection is unstable.","Minha conexão está instável.","Trabalho: reuniões, decisões e projetos","browser","","","","public/data/sentences.json","Gerar primeiro"
"1435","Could you repeat the last part?","Você pode repetir a última parte?","Trabalho: reuniões, decisões e projetos","browser","","","","public/data/sentences.json","Gerar primeiro"
"1436","I'm sharing my screen now.","Estou compartilhando minha tela agora.","Trabalho: reuniões, decisões e projetos","browser","","","","public/data/sentences.json","Gerar primeiro"
"1437","Can you see my screen?","Vocês conseguem ver minha tela?","Trabalho: reuniões, decisões e projetos","browser","","","","public/data/sentences.json","Gerar primeiro"
"1438","The presentation isn't moving.","A apresentação não está passando os slides.","Trabalho: reuniões, decisões e projetos","browser","","","","public/data/sentences.json","Gerar primeiro"
"1439","I'll turn my camera off to save bandwidth.","Vou desligar a câmera para economizar conexão.","Trabalho: reuniões, decisões e projetos","browser","","","","public/data/sentences.json","Gerar primeiro"
"1440","I'll reconnect in a moment.","Vou reconectar em um instante.","Trabalho: reuniões, decisões e projetos","browser","","","","public/data/sentences.json","Gerar primeiro"
"1441","Let's stay on topic.","Vamos manter o foco no assunto.","Trabalho: reuniões, decisões e projetos","browser","","","","public/data/sentences.json","Gerar primeiro"
"1442","That's important, but it's outside today's scope.","Isso é importante, mas está fora do escopo de hoje.","Trabalho: reuniões, decisões e projetos","browser","","","","public/data/sentences.json","Gerar primeiro"
"1443","Can we park that for later?","Podemos deixar esse ponto para depois? [Conversacional]","Trabalho: reuniões, decisões e projetos","browser","","","","public/data/sentences.json","Gerar primeiro"
"1444","We're getting into too much detail.","Estamos entrando em detalhes demais.","Trabalho: reuniões, decisões e projetos","browser","","","","public/data/sentences.json","Gerar primeiro"
"1445","Let's bring it back to the main question.","Vamos voltar à questão principal.","Trabalho: reuniões, decisões e projetos","browser","","","","public/data/sentences.json","Gerar primeiro"
"1446","We have ten minutes left.","Temos dez minutos restantes.","Trabalho: reuniões, decisões e projetos","browser","","","","public/data/sentences.json","Gerar primeiro"
"1447","What's the decision we need to make?","Qual é a decisão que precisamos tomar?","Trabalho: reuniões, decisões e projetos","browser","","","","public/data/sentences.json","Gerar primeiro"
"1448","Let's avoid solving a different problem.","Vamos evitar resolver um problema diferente.","Trabalho: reuniões, decisões e projetos","browser","","","","public/data/sentences.json","Gerar primeiro"
"1449","We can discuss the details separately.","Podemos discutir os detalhes separadamente.","Trabalho: reuniões, decisões e projetos","browser","","","","public/data/sentences.json","Gerar primeiro"
"1450","I think we've covered this point.","Acho que já cobrimos este ponto.","Trabalho: reuniões, decisões e projetos","browser","","","","public/data/sentences.json","Gerar primeiro"
"1451","One option would be to start small.","Uma opção seria começar pequeno.","Trabalho: reuniões, decisões e projetos","browser","","","","public/data/sentences.json","Gerar primeiro"
"1452","We could test it with a pilot.","Podemos testar com um piloto.","Trabalho: reuniões, decisões e projetos","browser","","","","public/data/sentences.json","Gerar primeiro"
"1453","I'd suggest taking a phased approach.","Eu sugeriria uma abordagem por fases.","Trabalho: reuniões, decisões e projetos","browser","","","","public/data/sentences.json","Gerar primeiro"
"1454","Let's compare the alternatives.","Vamos comparar as alternativas.","Trabalho: reuniões, decisões e projetos","browser","","","","public/data/sentences.json","Gerar primeiro"
"1455","What are the trade-offs?","Quais são as vantagens e desvantagens envolvidas?","Trabalho: reuniões, decisões e projetos","browser","","","","public/data/sentences.json","Gerar primeiro"
"1456","The simpler option may be enough.","A opção mais simples pode ser suficiente.","Trabalho: reuniões, decisões e projetos","browser","","","","public/data/sentences.json","Gerar primeiro"
"1457","We should consider the long-term impact.","Devemos considerar o impacto no longo prazo.","Trabalho: reuniões, decisões e projetos","browser","","","","public/data/sentences.json","Gerar primeiro"
"1458","What happens if we do nothing?","O que acontece se não fizermos nada?","Trabalho: reuniões, decisões e projetos","browser","","","","public/data/sentences.json","Gerar primeiro"
"1459","Let's separate what we need from what would be nice.","Vamos separar o necessário do que seria desejável.","Trabalho: reuniões, decisões e projetos","browser","","","","public/data/sentences.json","Gerar primeiro"
"1460","I'd like to propose a different approach.","Gostaria de propor uma abordagem diferente.","Trabalho: reuniões, decisões e projetos","browser","","","","public/data/sentences.json","Gerar primeiro"
"1461","Are we ready to decide?","Estamos prontos para decidir?","Trabalho: reuniões, decisões e projetos","browser","","","","public/data/sentences.json","Gerar primeiro"
"1462","Do we have enough information?","Temos informação suficiente?","Trabalho: reuniões, decisões e projetos","browser","","","","public/data/sentences.json","Gerar primeiro"
"1463","I'm comfortable moving forward with this.","Estou confortável em seguir com isto.","Trabalho: reuniões, decisões e projetos","browser","","","","public/data/sentences.json","Gerar primeiro"
"1464","Let's go with the first option.","Vamos seguir com a primeira opção.","Trabalho: reuniões, decisões e projetos","browser","","","","public/data/sentences.json","Gerar primeiro"
"1465","We need agreement from the stakeholders.","Precisamos da concordância das partes envolvidas.","Trabalho: reuniões, decisões e projetos","browser","","","","public/data/sentences.json","Gerar primeiro"
"1466","Who's the final decision-maker?","Quem dá a palavra final?","Trabalho: reuniões, decisões e projetos","browser","","","","public/data/sentences.json","Gerar primeiro"
"1467","Let's document the rationale.","Vamos documentar os motivos da decisão.","Trabalho: reuniões, decisões e projetos","browser","","","","public/data/sentences.json","Gerar primeiro"
"1468","This decision can be revisited later.","Esta decisão pode ser revista depois.","Trabalho: reuniões, decisões e projetos","browser","","","","public/data/sentences.json","Gerar primeiro"
"1469","We shouldn't leave this open-ended.","Não deveríamos deixar isto sem definição.","Trabalho: reuniões, decisões e projetos","browser","","","","public/data/sentences.json","Gerar primeiro"
"1470","Is anyone strongly opposed?","Alguém se opõe firmemente?","Trabalho: reuniões, decisões e projetos","browser","","","","public/data/sentences.json","Gerar primeiro"
"1471","What's included in the first release?","O que está incluído na primeira versão?","Trabalho: reuniões, decisões e projetos","browser","","","","public/data/sentences.json","Gerar primeiro"
"1472","That's outside the agreed scope.","Isso está fora do escopo combinado.","Trabalho: reuniões, decisões e projetos","browser","","","","public/data/sentences.json","Gerar primeiro"
"1473","We need to define the acceptance criteria.","Precisamos definir os critérios de aceite.","Trabalho: reuniões, decisões e projetos","browser","","","","public/data/sentences.json","Gerar primeiro"
"1474","Let's break it down into smaller tasks.","Vamos dividir em tarefas menores.","Trabalho: reuniões, decisões e projetos","browser","","","","public/data/sentences.json","Gerar primeiro"
"1475","We should identify the critical path.","Devemos identificar o caminho crítico.","Trabalho: reuniões, decisões e projetos","browser","","","","public/data/sentences.json","Gerar primeiro"
"1476","The estimate needs more detail.","A estimativa precisa de mais detalhe.","Trabalho: reuniões, decisões e projetos","browser","","","","public/data/sentences.json","Gerar primeiro"
"1477","Let's allow some room for unexpected issues.","Vamos reservar margem para imprevistos.","Trabalho: reuniões, decisões e projetos","browser","","","","public/data/sentences.json","Gerar primeiro"
"1478","What's the target date?","Qual é a data-alvo?","Trabalho: reuniões, decisões e projetos","browser","","","","public/data/sentences.json","Gerar primeiro"
"1479","The requirements are still changing.","Os requisitos ainda estão mudando.","Trabalho: reuniões, decisões e projetos","browser","","","","public/data/sentences.json","Gerar primeiro"
"1480","We need a shared understanding of the goal.","Precisamos de um entendimento comum do objetivo.","Trabalho: reuniões, decisões e projetos","browser","","","","public/data/sentences.json","Gerar primeiro"
"1481","What could go wrong?","O que pode dar errado?","Trabalho: reuniões, decisões e projetos","browser","","","","public/data/sentences.json","Gerar primeiro"
"1482","This is our biggest dependency.","Esta é nossa maior dependência.","Trabalho: reuniões, decisões e projetos","browser","","","","public/data/sentences.json","Gerar primeiro"
"1483","We need a backup plan.","Precisamos de um plano alternativo.","Trabalho: reuniões, decisões e projetos","browser","","","","public/data/sentences.json","Gerar primeiro"
"1484","The risk is low, but the impact could be high.","O risco é baixo, mas o impacto pode ser alto.","Trabalho: reuniões, decisões e projetos","browser","","","","public/data/sentences.json","Gerar primeiro"
"1485","Let's make the assumptions explicit.","Vamos deixar as premissas explícitas.","Trabalho: reuniões, decisões e projetos","browser","","","","public/data/sentences.json","Gerar primeiro"
"1486","Who owns the mitigation plan?","Quem é responsável pelo plano de mitigação?","Trabalho: reuniões, decisões e projetos","browser","","","","public/data/sentences.json","Gerar primeiro"
"1487","We shouldn't rely on a single person.","Não deveríamos depender de uma única pessoa.","Trabalho: reuniões, decisões e projetos","browser","","","","public/data/sentences.json","Gerar primeiro"
"1488","What would cause us to stop the rollout?","O que nos faria interromper a implantação?","Trabalho: reuniões, decisões e projetos","browser","","","","public/data/sentences.json","Gerar primeiro"
"1489","We need a clear rollback plan.","Precisamos de um plano claro de reversão.","Trabalho: reuniões, decisões e projetos","browser","","","","public/data/sentences.json","Gerar primeiro"
"1490","Let's review the risks before committing.","Vamos revisar os riscos antes de nos comprometer.","Trabalho: reuniões, decisões e projetos","browser","","","","public/data/sentences.json","Gerar primeiro"
"1491","Let's recap the decisions.","Vamos recapitular as decisões.","Trabalho: reuniões, decisões e projetos","browser","","","","public/data/sentences.json","Gerar primeiro"
"1492","What are the next steps?","Quais são os próximos passos?","Trabalho: reuniões, decisões e projetos","browser","","","","public/data/sentences.json","Gerar primeiro"
"1493","Who's responsible for each action item?","Quem é responsável por cada ação combinada?","Trabalho: reuniões, decisões e projetos","browser","","","","public/data/sentences.json","Gerar primeiro"
"1494","When should we follow up?","Quando devemos fazer o acompanhamento?","Trabalho: reuniões, decisões e projetos","browser","","","","public/data/sentences.json","Gerar primeiro"
"1495","I'll share the meeting notes.","Vou compartilhar as anotações da reunião.","Trabalho: reuniões, decisões e projetos","browser","","","","public/data/sentences.json","Gerar primeiro"
"1496","Please correct anything I missed.","Por favor, corrijam qualquer coisa que deixei passar.","Trabalho: reuniões, decisões e projetos","browser","","","","public/data/sentences.json","Gerar primeiro"
"1497","We have a clear path forward.","Temos um caminho claro para seguir.","Trabalho: reuniões, decisões e projetos","browser","","","","public/data/sentences.json","Gerar primeiro"
"1498","Let's check progress next week.","Vamos conferir o andamento na semana que vem.","Trabalho: reuniões, decisões e projetos","browser","","","","public/data/sentences.json","Gerar primeiro"
"1499","Thanks, that was a productive discussion.","Obrigado, foi uma discussão produtiva.","Trabalho: reuniões, decisões e projetos","browser","","","","public/data/sentences.json","Gerar primeiro"
"1500","Let's give everyone a few minutes back.","Vamos encerrar antes e devolver alguns minutos a todos.","Trabalho: reuniões, decisões e projetos","browser","","","","public/data/sentences.json","Gerar primeiro"
"1501","Could you give me some feedback?","Você pode me dar um retorno?","Trabalho: feedback, prazos e problemas","elevenlabs","Chris","eleven_multilingual_v2","/audio/elevenlabs/1501.mp3","public/data/sentences.json","Revisar apenas se houver um problema"
"1502","What do you think I could improve?","O que você acha que posso melhorar?","Trabalho: feedback, prazos e problemas","elevenlabs","Chris","eleven_multilingual_v2","/audio/elevenlabs/1502.mp3","public/data/sentences.json","Revisar apenas se houver um problema"
"1503","Is this heading in the right direction?","Isto está indo na direção certa?","Trabalho: feedback, prazos e problemas","elevenlabs","Chris","eleven_multilingual_v2","/audio/elevenlabs/1503.mp3","public/data/sentences.json","Revisar apenas se houver um problema"
"1504","I'd appreciate an honest assessment.","Eu agradeceria uma avaliação sincera.","Trabalho: feedback, prazos e problemas","elevenlabs","Chris","eleven_multilingual_v2","/audio/elevenlabs/1504.mp3","public/data/sentences.json","Revisar apenas se houver um problema"
"1505","What worked well from your perspective?","O que funcionou bem na sua perspectiva?","Trabalho: feedback, prazos e problemas","elevenlabs","Chris","eleven_multilingual_v2","/audio/elevenlabs/1505.mp3","public/data/sentences.json","Revisar apenas se houver um problema"
"1506","Was anything unclear?","Alguma coisa ficou pouco clara?","Trabalho: feedback, prazos e problemas","elevenlabs","Chris","eleven_multilingual_v2","/audio/elevenlabs/1506.mp3","public/data/sentences.json","Revisar apenas se houver um problema"
"1507","Could you be more specific?","Você pode ser mais específico?","Trabalho: feedback, prazos e problemas","elevenlabs","Chris","eleven_multilingual_v2","/audio/elevenlabs/1507.mp3","public/data/sentences.json","Revisar apenas se houver um problema"
"1508","Can you point me to an example?","Você pode me indicar um exemplo?","Trabalho: feedback, prazos e problemas","elevenlabs","Chris","eleven_multilingual_v2","/audio/elevenlabs/1508.mp3","public/data/sentences.json","Revisar apenas se houver um problema"
"1509","I'd like feedback before I go further.","Gostaria de um retorno antes de continuar.","Trabalho: feedback, prazos e problemas","elevenlabs","Chris","eleven_multilingual_v2","/audio/elevenlabs/1509.mp3","public/data/sentences.json","Revisar apenas se houver um problema"
"1510","What should I focus on next?","Em que devo focar agora?","Trabalho: feedback, prazos e problemas","elevenlabs","Chris","eleven_multilingual_v2","/audio/elevenlabs/1510.mp3","public/data/sentences.json","Revisar apenas se houver um problema"
"1511","You handled that really well.","Você lidou muito bem com aquilo.","Trabalho: feedback, prazos e problemas","elevenlabs","Chris","eleven_multilingual_v2","/audio/elevenlabs/1511.mp3","public/data/sentences.json","Revisar apenas se houver um problema"
"1512","Your explanation was clear and useful.","Sua explicação foi clara e útil.","Trabalho: feedback, prazos e problemas","elevenlabs","Chris","eleven_multilingual_v2","/audio/elevenlabs/1512.mp3","public/data/sentences.json","Revisar apenas se houver um problema"
"1513","I appreciate how thorough you were.","Agradeço o cuidado com os detalhes.","Trabalho: feedback, prazos e problemas","browser","","","","public/data/sentences.json","Gerar primeiro"
"1514","That was a strong presentation.","Foi uma apresentação muito boa.","Trabalho: feedback, prazos e problemas","browser","","","","public/data/sentences.json","Gerar primeiro"
"1515","You made a real difference.","Você fez uma diferença real.","Trabalho: feedback, prazos e problemas","browser","","","","public/data/sentences.json","Gerar primeiro"
"1516","Thanks for taking the initiative.","Obrigado por tomar a iniciativa.","Trabalho: feedback, prazos e problemas","browser","","","","public/data/sentences.json","Gerar primeiro"
"1517","The quality has improved a lot.","A qualidade melhorou muito.","Trabalho: feedback, prazos e problemas","browser","","","","public/data/sentences.json","Gerar primeiro"
"1518","You kept everyone informed.","Você manteve todos informados.","Trabalho: feedback, prazos e problemas","browser","","","","public/data/sentences.json","Gerar primeiro"
"1519","That was a thoughtful solution.","Foi uma solução bem pensada.","Trabalho: feedback, prazos e problemas","browser","","","","public/data/sentences.json","Gerar primeiro"
"1520","I'd like to recognize your contribution.","Gostaria de reconhecer sua contribuição.","Trabalho: feedback, prazos e problemas","browser","","","","public/data/sentences.json","Gerar primeiro"
"1521","There's room for improvement here.","Há espaço para melhorar aqui.","Trabalho: feedback, prazos e problemas","browser","","","","public/data/sentences.json","Gerar primeiro"
"1522","The main issue is the lack of clarity.","O principal problema é a falta de clareza.","Trabalho: feedback, prazos e problemas","browser","","","","public/data/sentences.json","Gerar primeiro"
"1523","I'd suggest making this more concise.","Eu sugeriria deixar isto mais conciso.","Trabalho: feedback, prazos e problemas","browser","","","","public/data/sentences.json","Gerar primeiro"
"1524","Let's focus on the behavior, not the person.","Vamos focar no comportamento, não na pessoa.","Trabalho: feedback, prazos e problemas","browser","","","","public/data/sentences.json","Gerar primeiro"
"1525","The result didn't meet the agreed standard.","O resultado não atingiu o padrão combinado.","Trabalho: feedback, prazos e problemas","browser","","","","public/data/sentences.json","Gerar primeiro"
"1526","We need more consistency.","Precisamos de mais consistência.","Trabalho: feedback, prazos e problemas","browser","","","","public/data/sentences.json","Gerar primeiro"
"1527","This part could use another review.","Esta parte merece outra revisão.","Trabalho: feedback, prazos e problemas","browser","","","","public/data/sentences.json","Gerar primeiro"
"1528","I'd like to see more examples.","Gostaria de ver mais exemplos.","Trabalho: feedback, prazos e problemas","browser","","","","public/data/sentences.json","Gerar primeiro"
"1529","Please raise concerns earlier next time.","Da próxima vez, sinalize as preocupações antes.","Trabalho: feedback, prazos e problemas","browser","","","","public/data/sentences.json","Gerar primeiro"
"1530","Let's agree on a concrete improvement.","Vamos combinar uma melhoria concreta.","Trabalho: feedback, prazos e problemas","browser","","","","public/data/sentences.json","Gerar primeiro"
"1531","Thanks for pointing that out.","Obrigado por apontar isso.","Trabalho: feedback, prazos e problemas","browser","","","","public/data/sentences.json","Gerar primeiro"
"1532","I see what you mean now.","Agora entendo o que você quer dizer.","Trabalho: feedback, prazos e problemas","browser","","","","public/data/sentences.json","Gerar primeiro"
"1533","I hadn't noticed that issue.","Eu não tinha percebido esse problema.","Trabalho: feedback, prazos e problemas","browser","","","","public/data/sentences.json","Gerar primeiro"
"1534","I'll take that into account.","Vou levar isso em conta.","Trabalho: feedback, prazos e problemas","browser","","","","public/data/sentences.json","Gerar primeiro"
"1535","Let me explain the context.","Deixe eu explicar o contexto.","Trabalho: feedback, prazos e problemas","browser","","","","public/data/sentences.json","Gerar primeiro"
"1536","I agree that this could be better.","Concordo que isto poderia estar melhor.","Trabalho: feedback, prazos e problemas","browser","","","","public/data/sentences.json","Gerar primeiro"
"1537","I have a different view on that part.","Tenho uma visão diferente sobre essa parte.","Trabalho: feedback, prazos e problemas","browser","","","","public/data/sentences.json","Gerar primeiro"
"1538","Could we discuss the expectations?","Podemos conversar sobre as expectativas?","Trabalho: feedback, prazos e problemas","browser","","","","public/data/sentences.json","Gerar primeiro"
"1539","I'll revise it based on your comments.","Vou revisar com base nos seus comentários.","Trabalho: feedback, prazos e problemas","browser","","","","public/data/sentences.json","Gerar primeiro"
"1540","Let's check back after I've made the changes.","Vamos retomar depois que eu fizer as alterações.","Trabalho: feedback, prazos e problemas","browser","","","","public/data/sentences.json","Gerar primeiro"
"1541","How soon do you need this?","Para quando você precisa disto?","Trabalho: feedback, prazos e problemas","browser","","","","public/data/sentences.json","Gerar primeiro"
"1542","What's the actual deadline?","Qual é o prazo real?","Trabalho: feedback, prazos e problemas","browser","","","","public/data/sentences.json","Gerar primeiro"
"1543","I can have it ready by Friday.","Consigo deixar pronto até sexta-feira.","Trabalho: feedback, prazos e problemas","browser","","","","public/data/sentences.json","Gerar primeiro"
"1544","That's a tight deadline.","Esse prazo é apertado.","Trabalho: feedback, prazos e problemas","browser","","","","public/data/sentences.json","Gerar primeiro"
"1545","I need more time to do it properly.","Preciso de mais tempo para fazer direito.","Trabalho: feedback, prazos e problemas","browser","","","","public/data/sentences.json","Gerar primeiro"
"1546","Could we extend the deadline?","Podemos estender o prazo?","Trabalho: feedback, prazos e problemas","browser","","","","public/data/sentences.json","Gerar primeiro"
"1547","We can reduce the scope instead.","Podemos reduzir o escopo em vez disso.","Trabalho: feedback, prazos e problemas","browser","","","","public/data/sentences.json","Gerar primeiro"
"1548","I don't want to overpromise.","Não quero prometer mais do que consigo entregar.","Trabalho: feedback, prazos e problemas","browser","","","","public/data/sentences.json","Gerar primeiro"
"1549","Let me check before I commit to a date.","Deixe eu conferir antes de me comprometer com uma data.","Trabalho: feedback, prazos e problemas","browser","","","","public/data/sentences.json","Gerar primeiro"
"1550","Here's a realistic estimate.","Aqui está uma estimativa realista.","Trabalho: feedback, prazos e problemas","browser","","","","public/data/sentences.json","Gerar primeiro"
"1551","We're running behind schedule.","Estamos atrasados em relação ao cronograma.","Trabalho: feedback, prazos e problemas","browser","","","","public/data/sentences.json","Gerar primeiro"
"1552","This is taking longer than planned.","Isto está levando mais tempo que o planejado.","Trabalho: feedback, prazos e problemas","browser","","","","public/data/sentences.json","Gerar primeiro"
"1553","I'm concerned about meeting the deadline.","Estou preocupado com o cumprimento do prazo.","Trabalho: feedback, prazos e problemas","browser","","","","public/data/sentences.json","Gerar primeiro"
"1554","I want to flag a possible delay.","Quero sinalizar um possível atraso.","Trabalho: feedback, prazos e problemas","browser","","","","public/data/sentences.json","Gerar primeiro"
"1555","The original estimate was too optimistic.","A estimativa original foi otimista demais.","Trabalho: feedback, prazos e problemas","browser","","","","public/data/sentences.json","Gerar primeiro"
"1556","Here's what's causing the delay.","Isto é o que está causando o atraso.","Trabalho: feedback, prazos e problemas","browser","","","","public/data/sentences.json","Gerar primeiro"
"1557","I'll send a revised timeline.","Vou enviar um cronograma revisado.","Trabalho: feedback, prazos e problemas","browser","","","","public/data/sentences.json","Gerar primeiro"
"1558","We need to reset expectations.","Precisamos realinhar as expectativas.","Trabalho: feedback, prazos e problemas","browser","","","","public/data/sentences.json","Gerar primeiro"
"1559","I should have raised this sooner.","Eu deveria ter sinalizado isto antes.","Trabalho: feedback, prazos e problemas","browser","","","","public/data/sentences.json","Gerar primeiro"
"1560","Let's focus on a recovery plan.","Vamos focar em um plano de recuperação.","Trabalho: feedback, prazos e problemas","browser","","","","public/data/sentences.json","Gerar primeiro"
"1561","I made an error in the report.","Cometi um erro no relatório.","Trabalho: feedback, prazos e problemas","browser","","","","public/data/sentences.json","Gerar primeiro"
"1562","I missed that requirement.","Deixei passar esse requisito.","Trabalho: feedback, prazos e problemas","browser","","","","public/data/sentences.json","Gerar primeiro"
"1563","We need to correct the numbers.","Precisamos corrigir os números.","Trabalho: feedback, prazos e problemas","browser","","","","public/data/sentences.json","Gerar primeiro"
"1564","I'm looking into what happened.","Estou investigando o que aconteceu.","Trabalho: feedback, prazos e problemas","browser","","","","public/data/sentences.json","Gerar primeiro"
"1565","Let's avoid jumping to blame.","Vamos evitar procurar culpados precipitadamente.","Trabalho: feedback, prazos e problemas","browser","","","","public/data/sentences.json","Gerar primeiro"
"1566","The process allowed this to slip through.","O processo permitiu que isto passasse despercebido.","Trabalho: feedback, prazos e problemas","browser","","","","public/data/sentences.json","Gerar primeiro"
"1567","We should understand the root cause.","Devemos entender a causa-raiz.","Trabalho: feedback, prazos e problemas","browser","","","","public/data/sentences.json","Gerar primeiro"
"1568","I've already corrected my mistake.","Já corrigi meu erro.","Trabalho: feedback, prazos e problemas","browser","","","","public/data/sentences.json","Gerar primeiro"
"1569","What can we change to prevent a repeat?","O que podemos mudar para evitar repetição?","Trabalho: feedback, prazos e problemas","browser","","","","public/data/sentences.json","Gerar primeiro"
"1570","I'll document the lessons learned.","Vou documentar o que aprendemos.","Trabalho: feedback, prazos e problemas","browser","","","","public/data/sentences.json","Gerar primeiro"
"1571","I'd like to resolve this constructively.","Gostaria de resolver isto de forma construtiva.","Trabalho: feedback, prazos e problemas","browser","","","","public/data/sentences.json","Gerar primeiro"
"1572","We seem to have different expectations.","Parece que temos expectativas diferentes.","Trabalho: feedback, prazos e problemas","browser","","","","public/data/sentences.json","Gerar primeiro"
"1573","Let's clarify the agreement.","Vamos esclarecer o combinado.","Trabalho: feedback, prazos e problemas","browser","","","","public/data/sentences.json","Gerar primeiro"
"1574","I don't think this is the right forum.","Acho que este não é o espaço adequado para isso.","Trabalho: feedback, prazos e problemas","browser","","","","public/data/sentences.json","Gerar primeiro"
"1575","Can we discuss this privately?","Podemos conversar sobre isto em particular?","Trabalho: feedback, prazos e problemas","browser","","","","public/data/sentences.json","Gerar primeiro"
"1576","I'd prefer to keep the discussion factual.","Prefiro manter a discussão baseada em fatos.","Trabalho: feedback, prazos e problemas","browser","","","","public/data/sentences.json","Gerar primeiro"
"1577","That comment felt dismissive.","Aquele comentário pareceu desconsiderar o que foi dito.","Trabalho: feedback, prazos e problemas","browser","","","","public/data/sentences.json","Gerar primeiro"
"1578","Please let me finish before responding.","Por favor, deixe eu terminar antes de responder.","Trabalho: feedback, prazos e problemas","browser","","","","public/data/sentences.json","Gerar primeiro"
"1579","We need to find a workable compromise.","Precisamos achar um acordo viável.","Trabalho: feedback, prazos e problemas","browser","","","","public/data/sentences.json","Gerar primeiro"
"1580","Let's involve someone who can help us decide.","Vamos envolver alguém que possa ajudar na decisão.","Trabalho: feedback, prazos e problemas","browser","","","","public/data/sentences.json","Gerar primeiro"
"1581","Let me confirm what you need.","Deixe eu confirmar o que você precisa.","Trabalho: feedback, prazos e problemas","browser","","","","public/data/sentences.json","Gerar primeiro"
"1582","We want to make sure we're solving the right problem.","Queremos garantir que estamos resolvendo o problema certo.","Trabalho: feedback, prazos e problemas","browser","","","","public/data/sentences.json","Gerar primeiro"
"1583","That wasn't included in the original agreement.","Isso não estava incluído no acordo original.","Trabalho: feedback, prazos e problemas","browser","","","","public/data/sentences.json","Gerar primeiro"
"1584","We can discuss an additional request.","Podemos discutir uma solicitação adicional.","Trabalho: feedback, prazos e problemas","browser","","","","public/data/sentences.json","Gerar primeiro"
"1585","I'll check what's possible.","Vou verificar o que é possível.","Trabalho: feedback, prazos e problemas","browser","","","","public/data/sentences.json","Gerar primeiro"
"1586","We need to be transparent about the limitations.","Precisamos ser transparentes sobre as limitações.","Trabalho: feedback, prazos e problemas","browser","","","","public/data/sentences.json","Gerar primeiro"
"1587","I'll keep you updated on the progress.","Vou manter você atualizado sobre o andamento.","Trabalho: feedback, prazos e problemas","browser","","","","public/data/sentences.json","Gerar primeiro"
"1588","Could you confirm this in writing?","Você pode confirmar isto por escrito?","Trabalho: feedback, prazos e problemas","browser","","","","public/data/sentences.json","Gerar primeiro"
"1589","Let's agree on what will be delivered.","Vamos combinar o que será entregue.","Trabalho: feedback, prazos e problemas","browser","","","","public/data/sentences.json","Gerar primeiro"
"1590","Thank you for bringing this to our attention.","Obrigado por chamar nossa atenção para isto.","Trabalho: feedback, prazos e problemas","browser","","","","public/data/sentences.json","Gerar primeiro"
"1591","I'd like to discuss my development goals.","Gostaria de conversar sobre meus objetivos de desenvolvimento.","Trabalho: feedback, prazos e problemas","browser","","","","public/data/sentences.json","Gerar primeiro"
"1592","What would it take to move to the next level?","O que seria necessário para avançar de nível?","Trabalho: feedback, prazos e problemas","browser","","","","public/data/sentences.json","Gerar primeiro"
"1593","I'm interested in taking on more responsibility.","Tenho interesse em assumir mais responsabilidade.","Trabalho: feedback, prazos e problemas","browser","","","","public/data/sentences.json","Gerar primeiro"
"1594","I'd like more opportunities to lead.","Gostaria de mais oportunidades de liderar.","Trabalho: feedback, prazos e problemas","browser","","","","public/data/sentences.json","Gerar primeiro"
"1595","Can we review my current responsibilities?","Podemos revisar minhas responsabilidades atuais?","Trabalho: feedback, prazos e problemas","browser","","","","public/data/sentences.json","Gerar primeiro"
"1596","I'd like to discuss my compensation.","Gostaria de conversar sobre minha remuneração.","Trabalho: feedback, prazos e problemas","browser","","","","public/data/sentences.json","Gerar primeiro"
"1597","My role has changed significantly.","Minha função mudou bastante.","Trabalho: feedback, prazos e problemas","browser","","","","public/data/sentences.json","Gerar primeiro"
"1598","I'm looking for a better work-life balance.","Estou buscando um equilíbrio melhor entre trabalho e vida pessoal.","Trabalho: feedback, prazos e problemas","browser","","","","public/data/sentences.json","Gerar primeiro"
"1599","I want to keep growing without burning out.","Quero continuar crescendo sem me esgotar.","Trabalho: feedback, prazos e problemas","browser","","","","public/data/sentences.json","Gerar primeiro"
"1600","Let's set clear goals for the next quarter.","Vamos definir metas claras para o próximo trimestre.","Trabalho: feedback, prazos e problemas","browser","","","","public/data/sentences.json","Gerar primeiro"
"1601","My computer froze.","Meu computador travou.","Tecnologia, suporte e desenvolvimento","elevenlabs","Chris","eleven_multilingual_v2","/audio/elevenlabs/1601.mp3","public/data/sentences.json","Revisar apenas se houver um problema"
"1602","The app keeps crashing.","O aplicativo fica fechando inesperadamente.","Tecnologia, suporte e desenvolvimento","elevenlabs","Chris","eleven_multilingual_v2","/audio/elevenlabs/1602.mp3","public/data/sentences.json","Revisar apenas se houver um problema"
"1603","Have you tried restarting it?","Você já tentou reiniciar?","Tecnologia, suporte e desenvolvimento","elevenlabs","Chris","eleven_multilingual_v2","/audio/elevenlabs/1603.mp3","public/data/sentences.json","Revisar apenas se houver um problema"
"1604","It's taking forever to load.","Está demorando uma eternidade para carregar. [Informal]","Tecnologia, suporte e desenvolvimento","elevenlabs","Chris","eleven_multilingual_v2","/audio/elevenlabs/1604.mp3","public/data/sentences.json","Revisar apenas se houver um problema"
"1605","I can't connect to the network.","Não consigo me conectar à rede.","Tecnologia, suporte e desenvolvimento","elevenlabs","Chris","eleven_multilingual_v2","/audio/elevenlabs/1605.mp3","public/data/sentences.json","Revisar apenas se houver um problema"
"1606","The screen went black.","A tela ficou preta.","Tecnologia, suporte e desenvolvimento","elevenlabs","Chris","eleven_multilingual_v2","/audio/elevenlabs/1606.mp3","public/data/sentences.json","Revisar apenas se houver um problema"
"1607","My keyboard isn't responding.","Meu teclado não está respondendo.","Tecnologia, suporte e desenvolvimento","elevenlabs","Chris","eleven_multilingual_v2","/audio/elevenlabs/1607.mp3","public/data/sentences.json","Revisar apenas se houver um problema"
"1608","The battery is almost dead.","A bateria está quase acabando.","Tecnologia, suporte e desenvolvimento","elevenlabs","Chris","eleven_multilingual_v2","/audio/elevenlabs/1608.mp3","public/data/sentences.json","Revisar apenas se houver um problema"
"1609","I think the cable is loose.","Acho que o cabo está solto.","Tecnologia, suporte e desenvolvimento","elevenlabs","Chris","eleven_multilingual_v2","/audio/elevenlabs/1609.mp3","public/data/sentences.json","Revisar apenas se houver um problema"
"1610","It started working again on its own.","Voltou a funcionar sozinho.","Tecnologia, suporte e desenvolvimento","elevenlabs","Chris","eleven_multilingual_v2","/audio/elevenlabs/1610.mp3","public/data/sentences.json","Revisar apenas se houver um problema"
"1611","I can't log in.","Não consigo entrar na conta.","Tecnologia, suporte e desenvolvimento","elevenlabs","Chris","eleven_multilingual_v2","/audio/elevenlabs/1611.mp3","public/data/sentences.json","Revisar apenas se houver um problema"
"1612","My password isn't working.","Minha senha não está funcionando.","Tecnologia, suporte e desenvolvimento","elevenlabs","Chris","eleven_multilingual_v2","/audio/elevenlabs/1612.mp3","public/data/sentences.json","Revisar apenas se houver um problema"
"1613","I need to reset my password.","Preciso redefinir minha senha.","Tecnologia, suporte e desenvolvimento","browser","","","","public/data/sentences.json","Gerar primeiro"
"1614","The verification code hasn't arrived.","O código de verificação não chegou.","Tecnologia, suporte e desenvolvimento","browser","","","","public/data/sentences.json","Gerar primeiro"
"1615","My account is locked.","Minha conta está bloqueada.","Tecnologia, suporte e desenvolvimento","browser","","","","public/data/sentences.json","Gerar primeiro"
"1616","I don't have permission to access this.","Não tenho permissão para acessar isto.","Tecnologia, suporte e desenvolvimento","browser","","","","public/data/sentences.json","Gerar primeiro"
"1617","Could you grant me access?","Você pode liberar meu acesso?","Tecnologia, suporte e desenvolvimento","browser","","","","public/data/sentences.json","Gerar primeiro"
"1618","The session expired.","A sessão expirou.","Tecnologia, suporte e desenvolvimento","browser","","","","public/data/sentences.json","Gerar primeiro"
"1619","I'm using the wrong account.","Estou usando a conta errada.","Tecnologia, suporte e desenvolvimento","browser","","","","public/data/sentences.json","Gerar primeiro"
"1620","Please don't share your credentials.","Por favor, não compartilhe suas credenciais.","Tecnologia, suporte e desenvolvimento","browser","","","","public/data/sentences.json","Gerar primeiro"
"1621","Where did you save the file?","Onde você salvou o arquivo?","Tecnologia, suporte e desenvolvimento","browser","","","","public/data/sentences.json","Gerar primeiro"
"1622","I can't open this attachment.","Não consigo abrir este anexo.","Tecnologia, suporte e desenvolvimento","browser","","","","public/data/sentences.json","Gerar primeiro"
"1623","The file seems to be corrupted.","O arquivo parece estar corrompido.","Tecnologia, suporte e desenvolvimento","browser","","","","public/data/sentences.json","Gerar primeiro"
"1624","Do we have a backup?","Temos um backup?","Tecnologia, suporte e desenvolvimento","browser","","","","public/data/sentences.json","Gerar primeiro"
"1625","I accidentally deleted the folder.","Apaguei a pasta sem querer.","Tecnologia, suporte e desenvolvimento","browser","","","","public/data/sentences.json","Gerar primeiro"
"1626","Can we restore the previous version?","Podemos restaurar a versão anterior?","Tecnologia, suporte e desenvolvimento","browser","","","","public/data/sentences.json","Gerar primeiro"
"1627","The changes haven't synced yet.","As alterações ainda não sincronizaram.","Tecnologia, suporte e desenvolvimento","browser","","","","public/data/sentences.json","Gerar primeiro"
"1628","I'm running out of storage.","Estou ficando sem espaço de armazenamento.","Tecnologia, suporte e desenvolvimento","browser","","","","public/data/sentences.json","Gerar primeiro"
"1629","The download failed halfway through.","O download falhou pela metade.","Tecnologia, suporte e desenvolvimento","browser","","","","public/data/sentences.json","Gerar primeiro"
"1630","Please send it in a different format.","Por favor, envie em outro formato.","Tecnologia, suporte e desenvolvimento","browser","","","","public/data/sentences.json","Gerar primeiro"
"1631","Can you reproduce the issue?","Você consegue reproduzir o problema?","Tecnologia, suporte e desenvolvimento","browser","","","","public/data/sentences.json","Gerar primeiro"
"1632","What steps did you follow?","Quais passos você seguiu?","Tecnologia, suporte e desenvolvimento","browser","","","","public/data/sentences.json","Gerar primeiro"
"1633","What did you expect to happen?","O que você esperava que acontecesse?","Tecnologia, suporte e desenvolvimento","browser","","","","public/data/sentences.json","Gerar primeiro"
"1634","What happened instead?","O que aconteceu no lugar disso?","Tecnologia, suporte e desenvolvimento","browser","","","","public/data/sentences.json","Gerar primeiro"
"1635","Does it happen every time?","Isso acontece toda vez?","Tecnologia, suporte e desenvolvimento","browser","","","","public/data/sentences.json","Gerar primeiro"
"1636","It only happens on my machine.","Isso só acontece na minha máquina.","Tecnologia, suporte e desenvolvimento","browser","","","","public/data/sentences.json","Gerar primeiro"
"1637","Could you send me the error message?","Você pode me mandar a mensagem de erro?","Tecnologia, suporte e desenvolvimento","browser","","","","public/data/sentences.json","Gerar primeiro"
"1638","A screenshot would help.","Uma captura de tela ajudaria.","Tecnologia, suporte e desenvolvimento","browser","","","","public/data/sentences.json","Gerar primeiro"
"1639","When did you first notice it?","Quando você percebeu isso pela primeira vez?","Tecnologia, suporte e desenvolvimento","browser","","","","public/data/sentences.json","Gerar primeiro"
"1640","Let's narrow down the cause.","Vamos reduzir as possibilidades até achar a causa.","Tecnologia, suporte e desenvolvimento","browser","","","","public/data/sentences.json","Gerar primeiro"
"1641","I've opened a pull request.","Abri uma solicitação de revisão de código.","Tecnologia, suporte e desenvolvimento","browser","","","","public/data/sentences.json","Gerar primeiro"
"1642","Could you review my changes?","Você pode revisar minhas alterações?","Tecnologia, suporte e desenvolvimento","browser","","","","public/data/sentences.json","Gerar primeiro"
"1643","I left a comment on that line.","Deixei um comentário nessa linha.","Tecnologia, suporte e desenvolvimento","browser","","","","public/data/sentences.json","Gerar primeiro"
"1644","This function does too many things.","Esta função faz coisas demais.","Tecnologia, suporte e desenvolvimento","browser","","","","public/data/sentences.json","Gerar primeiro"
"1645","Let's keep the naming consistent.","Vamos manter a nomenclatura consistente.","Tecnologia, suporte e desenvolvimento","browser","","","","public/data/sentences.json","Gerar primeiro"
"1646","We should handle the error explicitly.","Devemos tratar o erro explicitamente.","Tecnologia, suporte e desenvolvimento","browser","","","","public/data/sentences.json","Gerar primeiro"
"1647","There's a possible null value here.","Há um possível valor nulo aqui.","Tecnologia, suporte e desenvolvimento","browser","","","","public/data/sentences.json","Gerar primeiro"
"1648","This change breaks backward compatibility.","Esta alteração quebra a compatibilidade com versões anteriores.","Tecnologia, suporte e desenvolvimento","browser","","","","public/data/sentences.json","Gerar primeiro"
"1649","I'll address your comments.","Vou tratar seus comentários.","Tecnologia, suporte e desenvolvimento","browser","","","","public/data/sentences.json","Gerar primeiro"
"1650","The code is ready to merge.","O código está pronto para ser integrado.","Tecnologia, suporte e desenvolvimento","browser","","","","public/data/sentences.json","Gerar primeiro"
"1651","The tests are failing.","Os testes estão falhando.","Tecnologia, suporte e desenvolvimento","browser","","","","public/data/sentences.json","Gerar primeiro"
"1652","It passed locally but failed in the pipeline.","Passou localmente, mas falhou na esteira.","Tecnologia, suporte e desenvolvimento","browser","","","","public/data/sentences.json","Gerar primeiro"
"1653","We need a test for this edge case.","Precisamos de um teste para este caso-limite.","Tecnologia, suporte e desenvolvimento","browser","","","","public/data/sentences.json","Gerar primeiro"
"1654","This test is flaky.","Este teste falha de forma intermitente. [Técnico]","Tecnologia, suporte e desenvolvimento","browser","","","","public/data/sentences.json","Gerar primeiro"
"1655","Can we make the failure deterministic?","Podemos tornar a falha reproduzível de forma determinística?","Tecnologia, suporte e desenvolvimento","browser","","","","public/data/sentences.json","Gerar primeiro"
"1656","The mock doesn't match the real behavior.","O objeto simulado não corresponde ao comportamento real.","Tecnologia, suporte e desenvolvimento","browser","","","","public/data/sentences.json","Gerar primeiro"
"1657","Let's add a regression test.","Vamos acrescentar um teste de regressão.","Tecnologia, suporte e desenvolvimento","browser","","","","public/data/sentences.json","Gerar primeiro"
"1658","The integration test caught the issue.","O teste de integração detectou o problema.","Tecnologia, suporte e desenvolvimento","browser","","","","public/data/sentences.json","Gerar primeiro"
"1659","We shouldn't skip the failing test.","Não devemos simplesmente pular o teste que falha.","Tecnologia, suporte e desenvolvimento","browser","","","","public/data/sentences.json","Gerar primeiro"
"1660","The test coverage isn't the whole story.","A cobertura de testes não conta a história inteira.","Tecnologia, suporte e desenvolvimento","browser","","","","public/data/sentences.json","Gerar primeiro"
"1661","The deployment is in progress.","A implantação está em andamento.","Tecnologia, suporte e desenvolvimento","browser","","","","public/data/sentences.json","Gerar primeiro"
"1662","We're rolling out the new version.","Estamos liberando a nova versão.","Tecnologia, suporte e desenvolvimento","browser","","","","public/data/sentences.json","Gerar primeiro"
"1663","Let's check the logs.","Vamos verificar os registros de execução.","Tecnologia, suporte e desenvolvimento","browser","","","","public/data/sentences.json","Gerar primeiro"
"1664","The service is returning errors.","O serviço está retornando erros.","Tecnologia, suporte e desenvolvimento","browser","","","","public/data/sentences.json","Gerar primeiro"
"1665","We need to roll back.","Precisamos reverter a implantação.","Tecnologia, suporte e desenvolvimento","browser","","","","public/data/sentences.json","Gerar primeiro"
"1666","The health check is failing.","A verificação de saúde está falhando.","Tecnologia, suporte e desenvolvimento","browser","","","","public/data/sentences.json","Gerar primeiro"
"1667","Traffic is back to normal.","O tráfego voltou ao normal.","Tecnologia, suporte e desenvolvimento","browser","","","","public/data/sentences.json","Gerar primeiro"
"1668","Let's monitor it for a while.","Vamos monitorar por um tempo.","Tecnologia, suporte e desenvolvimento","browser","","","","public/data/sentences.json","Gerar primeiro"
"1669","The alert was triggered again.","O alerta foi acionado de novo.","Tecnologia, suporte e desenvolvimento","browser","","","","public/data/sentences.json","Gerar primeiro"
"1670","We'll write up the incident afterward.","Vamos documentar o incidente depois.","Tecnologia, suporte e desenvolvimento","browser","","","","public/data/sentences.json","Gerar primeiro"
"1671","The API is timing out.","A API está excedendo o tempo de espera.","Tecnologia, suporte e desenvolvimento","browser","","","","public/data/sentences.json","Gerar primeiro"
"1672","The response doesn't match the contract.","A resposta não corresponde ao contrato.","Tecnologia, suporte e desenvolvimento","browser","","","","public/data/sentences.json","Gerar primeiro"
"1673","We need to validate the payload.","Precisamos validar o conteúdo enviado.","Tecnologia, suporte e desenvolvimento","browser","","","","public/data/sentences.json","Gerar primeiro"
"1674","The endpoint requires authentication.","O endpoint exige autenticação.","Tecnologia, suporte e desenvolvimento","browser","","","","public/data/sentences.json","Gerar primeiro"
"1675","Is this operation idempotent?","Esta operação é idempotente?","Tecnologia, suporte e desenvolvimento","browser","","","","public/data/sentences.json","Gerar primeiro"
"1676","We should retry with a delay.","Devemos tentar novamente após um intervalo.","Tecnologia, suporte e desenvolvimento","browser","","","","public/data/sentences.json","Gerar primeiro"
"1677","The downstream service is unavailable.","O serviço chamado está indisponível.","Tecnologia, suporte e desenvolvimento","browser","","","","public/data/sentences.json","Gerar primeiro"
"1678","The request was processed twice.","A requisição foi processada duas vezes.","Tecnologia, suporte e desenvolvimento","browser","","","","public/data/sentences.json","Gerar primeiro"
"1679","Let's add a correlation identifier.","Vamos adicionar um identificador de correlação.","Tecnologia, suporte e desenvolvimento","browser","","","","public/data/sentences.json","Gerar primeiro"
"1680","We need a clear timeout policy.","Precisamos de uma política clara de tempo limite.","Tecnologia, suporte e desenvolvimento","browser","","","","public/data/sentences.json","Gerar primeiro"
"1681","What's the bottleneck?","Qual é o gargalo?","Tecnologia, suporte e desenvolvimento","browser","","","","public/data/sentences.json","Gerar primeiro"
"1682","The database query is too slow.","A consulta ao banco está lenta demais.","Tecnologia, suporte e desenvolvimento","browser","","","","public/data/sentences.json","Gerar primeiro"
"1683","We could cache this result.","Podemos guardar este resultado em cache.","Tecnologia, suporte e desenvolvimento","browser","","","","public/data/sentences.json","Gerar primeiro"
"1684","This adds unnecessary coupling.","Isto acrescenta acoplamento desnecessário.","Tecnologia, suporte e desenvolvimento","browser","","","","public/data/sentences.json","Gerar primeiro"
"1685","Let's separate the business rules from the infrastructure.","Vamos separar as regras de negócio da infraestrutura.","Tecnologia, suporte e desenvolvimento","browser","","","","public/data/sentences.json","Gerar primeiro"
"1686","We need to think about failure modes.","Precisamos pensar nas formas como isso pode falhar.","Tecnologia, suporte e desenvolvimento","browser","","","","public/data/sentences.json","Gerar primeiro"
"1687","The system should handle duplicate events.","O sistema deve tratar eventos duplicados.","Tecnologia, suporte e desenvolvimento","browser","","","","public/data/sentences.json","Gerar primeiro"
"1688","What happens if the consumer goes down?","O que acontece se o consumidor cair?","Tecnologia, suporte e desenvolvimento","browser","","","","public/data/sentences.json","Gerar primeiro"
"1689","Let's measure before we optimize.","Vamos medir antes de otimizar.","Tecnologia, suporte e desenvolvimento","browser","","","","public/data/sentences.json","Gerar primeiro"
"1690","The simpler design may be easier to maintain.","O desenho mais simples pode ser mais fácil de manter.","Tecnologia, suporte e desenvolvimento","browser","","","","public/data/sentences.json","Gerar primeiro"
"1691","Please don't paste secrets into the chat.","Por favor, não cole segredos no chat.","Tecnologia, suporte e desenvolvimento","browser","","","","public/data/sentences.json","Gerar primeiro"
"1692","Remove personal data from the example.","Remova dados pessoais do exemplo.","Tecnologia, suporte e desenvolvimento","browser","","","","public/data/sentences.json","Gerar primeiro"
"1693","We should rotate that credential.","Devemos trocar essa credencial.","Tecnologia, suporte e desenvolvimento","browser","","","","public/data/sentences.json","Gerar primeiro"
"1694","The certificate has expired.","O certificado expirou.","Tecnologia, suporte e desenvolvimento","browser","","","","public/data/sentences.json","Gerar primeiro"
"1695","I need to update the documentation.","Preciso atualizar a documentação.","Tecnologia, suporte e desenvolvimento","browser","","","","public/data/sentences.json","Gerar primeiro"
"1696","Can you explain that without the jargon?","Você pode explicar isso sem os termos técnicos?","Tecnologia, suporte e desenvolvimento","browser","","","","public/data/sentences.json","Gerar primeiro"
"1697","I'll share a minimal example.","Vou compartilhar um exemplo mínimo.","Tecnologia, suporte e desenvolvimento","browser","","","","public/data/sentences.json","Gerar primeiro"
"1698","This is a workaround, not a permanent fix.","Isto é uma solução provisória, não definitiva.","Tecnologia, suporte e desenvolvimento","browser","","","","public/data/sentences.json","Gerar primeiro"
"1699","We need to understand the trade-off.","Precisamos entender a escolha e suas consequências.","Tecnologia, suporte e desenvolvimento","browser","","","","public/data/sentences.json","Gerar primeiro"
"1700","Let's make the failure visible instead of hiding it.","Vamos tornar a falha visível em vez de escondê-la.","Tecnologia, suporte e desenvolvimento","browser","","","","public/data/sentences.json","Gerar primeiro"
"1701","I'm still learning English.","Ainda estou aprendendo inglês.","Estudos, aprendizagem e inglês","elevenlabs","Chris","eleven_multilingual_v2","/audio/elevenlabs/1701.mp3","public/data/sentences.json","Revisar apenas se houver um problema"
"1702","I understand more than I can say.","Entendo mais do que consigo falar.","Estudos, aprendizagem e inglês","elevenlabs","Chris","eleven_multilingual_v2","/audio/elevenlabs/1702.mp3","public/data/sentences.json","Revisar apenas se houver um problema"
"1703","My reading is better than my speaking.","Minha leitura é melhor que minha fala.","Estudos, aprendizagem e inglês","elevenlabs","Chris","eleven_multilingual_v2","/audio/elevenlabs/1703.mp3","public/data/sentences.json","Revisar apenas se houver um problema"
"1704","I'm comfortable with written English.","Fico à vontade com inglês escrito.","Estudos, aprendizagem e inglês","elevenlabs","Chris","eleven_multilingual_v2","/audio/elevenlabs/1704.mp3","public/data/sentences.json","Revisar apenas se houver um problema"
"1705","Fast speech is still difficult for me.","A fala rápida ainda é difícil para mim.","Estudos, aprendizagem e inglês","elevenlabs","Chris","eleven_multilingual_v2","/audio/elevenlabs/1705.mp3","public/data/sentences.json","Revisar apenas se houver um problema"
"1706","I sometimes struggle to find the right word.","Às vezes tenho dificuldade para encontrar a palavra certa.","Estudos, aprendizagem e inglês","elevenlabs","Chris","eleven_multilingual_v2","/audio/elevenlabs/1706.mp3","public/data/sentences.json","Revisar apenas se houver um problema"
"1707","I'm trying to sound more natural.","Estou tentando soar mais natural.","Estudos, aprendizagem e inglês","elevenlabs","Chris","eleven_multilingual_v2","/audio/elevenlabs/1707.mp3","public/data/sentences.json","Revisar apenas se houver um problema"
"1708","My pronunciation needs work.","Minha pronúncia precisa melhorar.","Estudos, aprendizagem e inglês","elevenlabs","Chris","eleven_multilingual_v2","/audio/elevenlabs/1708.mp3","public/data/sentences.json","Revisar apenas se houver um problema"
"1709","I'm getting more confident.","Estou ficando mais confiante.","Estudos, aprendizagem e inglês","elevenlabs","Chris","eleven_multilingual_v2","/audio/elevenlabs/1709.mp3","public/data/sentences.json","Revisar apenas se houver um problema"
"1710","I don't mind making mistakes while I learn.","Não me importo de cometer erros enquanto aprendo.","Estudos, aprendizagem e inglês","elevenlabs","Chris","eleven_multilingual_v2","/audio/elevenlabs/1710.mp3","public/data/sentences.json","Revisar apenas se houver um problema"
"1711","Could you speak a little more slowly?","Você pode falar um pouco mais devagar?","Estudos, aprendizagem e inglês","elevenlabs","Chris","eleven_multilingual_v2","/audio/elevenlabs/1711.mp3","public/data/sentences.json","Revisar apenas se houver um problema"
"1712","Could you say that in a different way?","Você pode dizer isso de outro jeito?","Estudos, aprendizagem e inglês","elevenlabs","Chris","eleven_multilingual_v2","/audio/elevenlabs/1712.mp3","public/data/sentences.json","Revisar apenas se houver um problema"
"1713","I understood most of it.","Entendi a maior parte.","Estudos, aprendizagem e inglês","browser","","","","public/data/sentences.json","Gerar primeiro"
"1714","I missed the last word.","Não entendi a última palavra.","Estudos, aprendizagem e inglês","browser","","","","public/data/sentences.json","Gerar primeiro"
"1715","Could you write it down for me?","Você pode escrever isso para mim?","Estudos, aprendizagem e inglês","browser","","","","public/data/sentences.json","Gerar primeiro"
"1716","Please give me a moment to think.","Por favor, me dê um instante para pensar.","Estudos, aprendizagem e inglês","browser","","","","public/data/sentences.json","Gerar primeiro"
"1717","I'm trying to follow the conversation.","Estou tentando acompanhar a conversa.","Estudos, aprendizagem e inglês","browser","","","","public/data/sentences.json","Gerar primeiro"
"1718","You don't need to simplify everything.","Você não precisa simplificar tudo.","Estudos, aprendizagem e inglês","browser","","","","public/data/sentences.json","Gerar primeiro"
"1719","I just need a little more time.","Só preciso de um pouco mais de tempo.","Estudos, aprendizagem e inglês","browser","","","","public/data/sentences.json","Gerar primeiro"
"1720","Could we go over that part again?","Podemos revisar aquela parte de novo?","Estudos, aprendizagem e inglês","browser","","","","public/data/sentences.json","Gerar primeiro"
"1721","How do you say this in English?","Como se diz isto em inglês?","Estudos, aprendizagem e inglês","browser","","","","public/data/sentences.json","Gerar primeiro"
"1722","What's the natural way to say it?","Qual é a forma natural de dizer isso?","Estudos, aprendizagem e inglês","browser","","","","public/data/sentences.json","Gerar primeiro"
"1723","Does this sound natural?","Isto soa natural?","Estudos, aprendizagem e inglês","browser","","","","public/data/sentences.json","Gerar primeiro"
"1724","Would a native speaker say that?","Um falante nativo diria isso?","Estudos, aprendizagem e inglês","browser","","","","public/data/sentences.json","Gerar primeiro"
"1725","Is this expression common?","Esta expressão é comum?","Estudos, aprendizagem e inglês","browser","","","","public/data/sentences.json","Gerar primeiro"
"1726","Does it sound too formal?","Isso soa formal demais?","Estudos, aprendizagem e inglês","browser","","","","public/data/sentences.json","Gerar primeiro"
"1727","Is there a more casual version?","Existe uma versão mais informal?","Estudos, aprendizagem e inglês","browser","","","","public/data/sentences.json","Gerar primeiro"
"1728","Can I say this to a friend?","Posso dizer isto a um amigo?","Estudos, aprendizagem e inglês","browser","","","","public/data/sentences.json","Gerar primeiro"
"1729","Would that sound rude?","Isso soaria grosseiro?","Estudos, aprendizagem e inglês","browser","","","","public/data/sentences.json","Gerar primeiro"
"1730","What's the difference in tone?","Qual é a diferença de tom?","Estudos, aprendizagem e inglês","browser","","","","public/data/sentences.json","Gerar primeiro"
"1731","What does this expression mean?","O que significa esta expressão?","Estudos, aprendizagem e inglês","browser","","","","public/data/sentences.json","Gerar primeiro"
"1732","Is it literal or figurative?","É literal ou figurado?","Estudos, aprendizagem e inglês","browser","","","","public/data/sentences.json","Gerar primeiro"
"1733","Can you use it in a sentence?","Você pode usar isso em uma frase?","Estudos, aprendizagem e inglês","browser","","","","public/data/sentences.json","Gerar primeiro"
"1734","What's another way to say the same thing?","Qual é outra forma de dizer a mesma coisa?","Estudos, aprendizagem e inglês","browser","","","","public/data/sentences.json","Gerar primeiro"
"1735","I know the word, but not this meaning.","Conheço a palavra, mas não este significado.","Estudos, aprendizagem e inglês","browser","","","","public/data/sentences.json","Gerar primeiro"
"1736","I've seen this expression before.","Já vi esta expressão antes.","Estudos, aprendizagem e inglês","browser","","","","public/data/sentences.json","Gerar primeiro"
"1737","It depends on the context, right?","Depende do contexto, certo?","Estudos, aprendizagem e inglês","browser","","","","public/data/sentences.json","Gerar primeiro"
"1738","Is it mainly used in American English?","Isto é usado principalmente no inglês americano?","Estudos, aprendizagem e inglês","browser","","","","public/data/sentences.json","Gerar primeiro"
"1739","I'm not sure when to use it.","Não sei bem quando usar isso.","Estudos, aprendizagem e inglês","browser","","","","public/data/sentences.json","Gerar primeiro"
"1740","That translation feels too literal.","Essa tradução parece literal demais.","Estudos, aprendizagem e inglês","browser","","","","public/data/sentences.json","Gerar primeiro"
"1741","How do you pronounce this word?","Como se pronuncia esta palavra?","Estudos, aprendizagem e inglês","browser","","","","public/data/sentences.json","Gerar primeiro"
"1742","Which syllable is stressed?","Qual sílaba é tônica?","Estudos, aprendizagem e inglês","browser","","","","public/data/sentences.json","Gerar primeiro"
"1743","Is that letter silent?","Essa letra é muda?","Estudos, aprendizagem e inglês","browser","","","","public/data/sentences.json","Gerar primeiro"
"1744","Can you say it once slowly and once naturally?","Você pode falar uma vez devagar e outra naturalmente?","Estudos, aprendizagem e inglês","browser","","","","public/data/sentences.json","Gerar primeiro"
"1745","I can't hear the difference yet.","Ainda não consigo ouvir a diferença.","Estudos, aprendizagem e inglês","browser","","","","public/data/sentences.json","Gerar primeiro"
"1746","Where should I put my tongue?","Onde devo posicionar a língua?","Estudos, aprendizagem e inglês","browser","","","","public/data/sentences.json","Gerar primeiro"
"1747","Am I adding an extra vowel?","Estou acrescentando uma vogal extra?","Estudos, aprendizagem e inglês","browser","","","","public/data/sentences.json","Gerar primeiro"
"1748","Those words seem to run together.","Essas palavras parecem se juntar na fala.","Estudos, aprendizagem e inglês","browser","","","","public/data/sentences.json","Gerar primeiro"
"1749","Could you break it into smaller parts?","Você pode dividir isso em partes menores?","Estudos, aprendizagem e inglês","browser","","","","public/data/sentences.json","Gerar primeiro"
"1750","Let me try saying it again.","Deixe eu tentar falar de novo.","Estudos, aprendizagem e inglês","browser","","","","public/data/sentences.json","Gerar primeiro"
"1751","Please correct me when I make a mistake.","Por favor, me corrija quando eu errar.","Estudos, aprendizagem e inglês","browser","","","","public/data/sentences.json","Gerar primeiro"
"1752","Could you save the corrections for the end?","Você pode deixar as correções para o final?","Estudos, aprendizagem e inglês","browser","","","","public/data/sentences.json","Gerar primeiro"
"1753","What did I say wrong?","O que eu disse errado?","Estudos, aprendizagem e inglês","browser","","","","public/data/sentences.json","Gerar primeiro"
"1754","I keep making the same mistake.","Continuo cometendo o mesmo erro.","Estudos, aprendizagem e inglês","browser","","","","public/data/sentences.json","Gerar primeiro"
"1755","I translated that directly from Portuguese.","Traduzi isso diretamente do português.","Estudos, aprendizagem e inglês","browser","","","","public/data/sentences.json","Gerar primeiro"
"1756","Let me rephrase that.","Deixe eu reformular isso.","Estudos, aprendizagem e inglês","browser","","","","public/data/sentences.json","Gerar primeiro"
"1757","I meant to use the past tense.","Eu queria usar o passado.","Estudos, aprendizagem e inglês","browser","","","","public/data/sentences.json","Gerar primeiro"
"1758","I forgot the auxiliary verb.","Esqueci o verbo auxiliar.","Estudos, aprendizagem e inglês","browser","","","","public/data/sentences.json","Gerar primeiro"
"1759","That makes sense now that you've explained it.","Agora que você explicou, faz sentido.","Estudos, aprendizagem e inglês","browser","","","","public/data/sentences.json","Gerar primeiro"
"1760","I'll try to use it in our next conversation.","Vou tentar usar isso na nossa próxima conversa.","Estudos, aprendizagem e inglês","browser","","","","public/data/sentences.json","Gerar primeiro"
"1761","It's on the tip of my tongue.","Está na ponta da língua.","Estudos, aprendizagem e inglês","browser","","","","public/data/sentences.json","Gerar primeiro"
"1762","I know I've learned this before.","Sei que já aprendi isto antes.","Estudos, aprendizagem e inglês","browser","","","","public/data/sentences.json","Gerar primeiro"
"1763","I recognize it when I hear it.","Reconheço quando ouço.","Estudos, aprendizagem e inglês","browser","","","","public/data/sentences.json","Gerar primeiro"
"1764","I can't bring it to mind right now.","Não consigo lembrar disso agora.","Estudos, aprendizagem e inglês","browser","","","","public/data/sentences.json","Gerar primeiro"
"1765","I need to practice recalling it.","Preciso praticar lembrar disso sem olhar.","Estudos, aprendizagem e inglês","browser","","","","public/data/sentences.json","Gerar primeiro"
"1766","I'll make up an example of my own.","Vou inventar um exemplo meu.","Estudos, aprendizagem e inglês","browser","","","","public/data/sentences.json","Gerar primeiro"
"1767","That example helps me remember.","Esse exemplo me ajuda a lembrar.","Estudos, aprendizagem e inglês","browser","","","","public/data/sentences.json","Gerar primeiro"
"1768","I remember the meaning, not the exact wording.","Lembro o significado, não as palavras exatas.","Estudos, aprendizagem e inglês","browser","","","","public/data/sentences.json","Gerar primeiro"
"1769","I'm trying to learn it as a whole phrase.","Estou tentando aprender isso como uma frase inteira.","Estudos, aprendizagem e inglês","browser","","","","public/data/sentences.json","Gerar primeiro"
"1770","It's starting to come naturally.","Está começando a sair naturalmente.","Estudos, aprendizagem e inglês","browser","","","","public/data/sentences.json","Gerar primeiro"
"1771","I'm taking an online course.","Estou fazendo um curso online.","Estudos, aprendizagem e inglês","browser","","","","public/data/sentences.json","Gerar primeiro"
"1772","I need to catch up on the lessons.","Preciso colocar as aulas em dia.","Estudos, aprendizagem e inglês","browser","","","","public/data/sentences.json","Gerar primeiro"
"1773","I've fallen behind on my reading.","Estou atrasado com minhas leituras.","Estudos, aprendizagem e inglês","browser","","","","public/data/sentences.json","Gerar primeiro"
"1774","Let's review the main points.","Vamos revisar os pontos principais.","Estudos, aprendizagem e inglês","browser","","","","public/data/sentences.json","Gerar primeiro"
"1775","I highlighted the parts I didn't understand.","Destaquei as partes que não entendi.","Estudos, aprendizagem e inglês","browser","","","","public/data/sentences.json","Gerar primeiro"
"1776","Could you explain it step by step?","Você pode explicar passo a passo?","Estudos, aprendizagem e inglês","browser","","","","public/data/sentences.json","Gerar primeiro"
"1777","I learn better with examples.","Aprendo melhor com exemplos.","Estudos, aprendizagem e inglês","browser","","","","public/data/sentences.json","Gerar primeiro"
"1778","I need to put this into practice.","Preciso colocar isto em prática.","Estudos, aprendizagem e inglês","browser","","","","public/data/sentences.json","Gerar primeiro"
"1779","I'll review it again tomorrow.","Vou revisar isto de novo amanhã.","Estudos, aprendizagem e inglês","browser","","","","public/data/sentences.json","Gerar primeiro"
"1780","I'm focusing on one topic at a time.","Estou focando em um assunto de cada vez.","Estudos, aprendizagem e inglês","browser","","","","public/data/sentences.json","Gerar primeiro"
"1781","I'm stuck on this exercise.","Estou travado neste exercício.","Estudos, aprendizagem e inglês","browser","","","","public/data/sentences.json","Gerar primeiro"
"1782","I understand the idea, but not the details.","Entendo a ideia, mas não os detalhes.","Estudos, aprendizagem e inglês","browser","","","","public/data/sentences.json","Gerar primeiro"
"1783","I need to go back to the basics.","Preciso voltar ao básico.","Estudos, aprendizagem e inglês","browser","","","","public/data/sentences.json","Gerar primeiro"
"1784","It's starting to click.","Está começando a fazer sentido. [Informal]","Estudos, aprendizagem e inglês","browser","","","","public/data/sentences.json","Gerar primeiro"
"1785","I finally got the hang of it.","Finalmente peguei o jeito. [Informal]","Estudos, aprendizagem e inglês","browser","","","","public/data/sentences.json","Gerar primeiro"
"1786","It took a while to sink in.","Demorou um pouco para eu assimilar. [Informal]","Estudos, aprendizagem e inglês","browser","","","","public/data/sentences.json","Gerar primeiro"
"1787","I'm making progress, even if it's slow.","Estou avançando, mesmo que devagar.","Estudos, aprendizagem e inglês","browser","","","","public/data/sentences.json","Gerar primeiro"
"1788","I don't expect to master it overnight.","Não espero dominar isso de um dia para o outro.","Estudos, aprendizagem e inglês","browser","","","","public/data/sentences.json","Gerar primeiro"
"1789","I learned something useful today.","Aprendi algo útil hoje.","Estudos, aprendizagem e inglês","browser","","","","public/data/sentences.json","Gerar primeiro"
"1790","I can explain it better than before.","Consigo explicar isso melhor do que antes.","Estudos, aprendizagem e inglês","browser","","","","public/data/sentences.json","Gerar primeiro"
"1791","Could you turn the subtitles on?","Você pode ligar as legendas?","Estudos, aprendizagem e inglês","browser","","","","public/data/sentences.json","Gerar primeiro"
"1792","Let's listen to that part again.","Vamos ouvir aquela parte de novo.","Estudos, aprendizagem e inglês","browser","","","","public/data/sentences.json","Gerar primeiro"
"1793","I want to try without subtitles.","Quero tentar sem legendas.","Estudos, aprendizagem e inglês","browser","","","","public/data/sentences.json","Gerar primeiro"
"1794","The accent is new to me.","Esse sotaque é novo para mim.","Estudos, aprendizagem e inglês","browser","","","","public/data/sentences.json","Gerar primeiro"
"1795","I missed the joke because they spoke too fast.","Não entendi a piada porque falaram rápido demais.","Estudos, aprendizagem e inglês","browser","","","","public/data/sentences.json","Gerar primeiro"
"1796","I can follow slower conversations pretty well.","Consigo acompanhar conversas mais lentas muito bem.","Estudos, aprendizagem e inglês","browser","","","","public/data/sentences.json","Gerar primeiro"
"1797","Let's keep the conversation in English.","Vamos manter a conversa em inglês.","Estudos, aprendizagem e inglês","browser","","","","public/data/sentences.json","Gerar primeiro"
"1798","I need practice with everyday expressions.","Preciso praticar expressões do dia a dia.","Estudos, aprendizagem e inglês","browser","","","","public/data/sentences.json","Gerar primeiro"
"1799","Could you give me a realistic dialogue?","Você pode me dar um diálogo realista?","Estudos, aprendizagem e inglês","browser","","","","public/data/sentences.json","Gerar primeiro"
"1800","I'd rather practice than memorize a long list.","Prefiro praticar a decorar uma lista longa.","Estudos, aprendizagem e inglês","browser","","","","public/data/sentences.json","Gerar primeiro"
"1801","I'm just looking, thanks.","Estou só olhando, obrigado.","Compras, serviços e atendimento","elevenlabs","Chris","eleven_multilingual_v2","/audio/elevenlabs/1801.mp3","public/data/sentences.json","Revisar apenas se houver um problema"
"1802","Could you help me find something?","Você pode me ajudar a encontrar uma coisa?","Compras, serviços e atendimento","elevenlabs","Chris","eleven_multilingual_v2","/audio/elevenlabs/1802.mp3","public/data/sentences.json","Revisar apenas se houver um problema"
"1803","I'm looking for a birthday present.","Estou procurando um presente de aniversário.","Compras, serviços e atendimento","elevenlabs","Chris","eleven_multilingual_v2","/audio/elevenlabs/1803.mp3","public/data/sentences.json","Revisar apenas se houver um problema"
"1804","Do you sell phone chargers?","Vocês vendem carregadores de celular?","Compras, serviços e atendimento","elevenlabs","Chris","eleven_multilingual_v2","/audio/elevenlabs/1804.mp3","public/data/sentences.json","Revisar apenas se houver um problema"
"1805","Which aisle is the coffee in?","Em qual corredor fica o café?","Compras, serviços e atendimento","elevenlabs","Chris","eleven_multilingual_v2","/audio/elevenlabs/1805.mp3","public/data/sentences.json","Revisar apenas se houver um problema"
"1806","Is there someone who can help me here?","Há alguém que possa me ajudar aqui?","Compras, serviços e atendimento","elevenlabs","Chris","eleven_multilingual_v2","/audio/elevenlabs/1806.mp3","public/data/sentences.json","Revisar apenas se houver um problema"
"1807","I'm not sure what size I need.","Não sei bem de que tamanho preciso.","Compras, serviços e atendimento","elevenlabs","Chris","eleven_multilingual_v2","/audio/elevenlabs/1807.mp3","public/data/sentences.json","Revisar apenas se houver um problema"
"1808","Do you have anything similar to this?","Vocês têm algo parecido com isto?","Compras, serviços e atendimento","elevenlabs","Chris","eleven_multilingual_v2","/audio/elevenlabs/1808.mp3","public/data/sentences.json","Revisar apenas se houver um problema"
"1809","I'm comparing a few options.","Estou comparando algumas opções.","Compras, serviços e atendimento","elevenlabs","Chris","eleven_multilingual_v2","/audio/elevenlabs/1809.mp3","public/data/sentences.json","Revisar apenas se houver um problema"
"1810","I'll let you know if I need help.","Aviso se precisar de ajuda.","Compras, serviços e atendimento","elevenlabs","Chris","eleven_multilingual_v2","/audio/elevenlabs/1810.mp3","public/data/sentences.json","Revisar apenas se houver um problema"
"1811","Do you have this in stock?","Vocês têm isto em estoque?","Compras, serviços e atendimento","elevenlabs","Chris","eleven_multilingual_v2","/audio/elevenlabs/1811.mp3","public/data/sentences.json","Revisar apenas se houver um problema"
"1812","Is there another color available?","Tem outra cor disponível?","Compras, serviços e atendimento","elevenlabs","Chris","eleven_multilingual_v2","/audio/elevenlabs/1812.mp3","public/data/sentences.json","Revisar apenas se houver um problema"
"1813","Do you have a smaller size?","Vocês têm um tamanho menor?","Compras, serviços e atendimento","browser","","","","public/data/sentences.json","Gerar primeiro"
"1814","That's the last one we have.","Essa é a última unidade que temos.","Compras, serviços e atendimento","browser","","","","public/data/sentences.json","Gerar primeiro"
"1815","When will it be back in stock?","Quando volta ao estoque?","Compras, serviços e atendimento","browser","","","","public/data/sentences.json","Gerar primeiro"
"1816","Can you check another branch?","Você pode verificar em outra unidade?","Compras, serviços e atendimento","browser","","","","public/data/sentences.json","Gerar primeiro"
"1817","Could you order it for me?","Você pode encomendar para mim?","Compras, serviços e atendimento","browser","","","","public/data/sentences.json","Gerar primeiro"
"1818","Can you hold it until tomorrow?","Você pode reservar até amanhã?","Compras, serviços e atendimento","browser","","","","public/data/sentences.json","Gerar primeiro"
"1819","Is this the display model?","Este é o modelo de mostruário?","Compras, serviços e atendimento","browser","","","","public/data/sentences.json","Gerar primeiro"
"1820","I'd prefer a sealed box.","Eu preferiria uma caixa lacrada.","Compras, serviços e atendimento","browser","","","","public/data/sentences.json","Gerar primeiro"
"1821","Can I try this on?","Posso experimentar isto?","Compras, serviços e atendimento","browser","","","","public/data/sentences.json","Gerar primeiro"
"1822","Where are the fitting rooms?","Onde ficam os provadores?","Compras, serviços e atendimento","browser","","","","public/data/sentences.json","Gerar primeiro"
"1823","This is a little too tight.","Isto está um pouco apertado demais.","Compras, serviços e atendimento","browser","","","","public/data/sentences.json","Gerar primeiro"
"1824","It's too loose around the waist.","Está largo demais na cintura.","Compras, serviços e atendimento","browser","","","","public/data/sentences.json","Gerar primeiro"
"1825","Do you have this in a medium?","Vocês têm isto no tamanho médio?","Compras, serviços e atendimento","browser","","","","public/data/sentences.json","Gerar primeiro"
"1826","The sleeves are too long.","As mangas estão compridas demais.","Compras, serviços e atendimento","browser","","","","public/data/sentences.json","Gerar primeiro"
"1827","It fits better than I expected.","Vestiu melhor do que eu esperava.","Compras, serviços e atendimento","browser","","","","public/data/sentences.json","Gerar primeiro"
"1828","I'm not sure about the color.","Não sei se gostei da cor.","Compras, serviços e atendimento","browser","","","","public/data/sentences.json","Gerar primeiro"
"1829","I'll try the other one as well.","Vou experimentar o outro também.","Compras, serviços e atendimento","browser","","","","public/data/sentences.json","Gerar primeiro"
"1830","I'll take this one.","Vou levar este.","Compras, serviços e atendimento","browser","","","","public/data/sentences.json","Gerar primeiro"
"1831","How much does this cost?","Quanto custa isto?","Compras, serviços e atendimento","browser","","","","public/data/sentences.json","Gerar primeiro"
"1832","Is that the final price?","Esse é o preço final?","Compras, serviços e atendimento","browser","","","","public/data/sentences.json","Gerar primeiro"
"1833","Is this on sale?","Isto está em promoção?","Compras, serviços e atendimento","browser","","","","public/data/sentences.json","Gerar primeiro"
"1834","Do you offer any discounts?","Vocês oferecem algum desconto?","Compras, serviços e atendimento","browser","","","","public/data/sentences.json","Gerar primeiro"
"1835","That's more than I wanted to spend.","Isso é mais do que eu queria gastar.","Compras, serviços e atendimento","browser","","","","public/data/sentences.json","Gerar primeiro"
"1836","What's the difference between these two?","Qual é a diferença entre estes dois?","Compras, serviços e atendimento","browser","","","","public/data/sentences.json","Gerar primeiro"
"1837","Is the warranty included?","A garantia está incluída?","Compras, serviços e atendimento","browser","","","","public/data/sentences.json","Gerar primeiro"
"1838","Is there a cheaper alternative?","Existe uma alternativa mais barata?","Compras, serviços e atendimento","browser","","","","public/data/sentences.json","Gerar primeiro"
"1839","I need some time to think about it.","Preciso de um tempo para pensar.","Compras, serviços e atendimento","browser","","","","public/data/sentences.json","Gerar primeiro"
"1840","I'm not ready to buy yet.","Ainda não estou pronto para comprar.","Compras, serviços e atendimento","browser","","","","public/data/sentences.json","Gerar primeiro"
"1841","Can I pay by card?","Posso pagar com cartão?","Compras, serviços e atendimento","browser","","","","public/data/sentences.json","Gerar primeiro"
"1842","Do you accept cash?","Vocês aceitam dinheiro?","Compras, serviços e atendimento","browser","","","","public/data/sentences.json","Gerar primeiro"
"1843","I'd like to pay in installments.","Gostaria de pagar em parcelas.","Compras, serviços e atendimento","browser","","","","public/data/sentences.json","Gerar primeiro"
"1844","Is there an extra charge for that?","Há uma cobrança extra por isso?","Compras, serviços e atendimento","browser","","","","public/data/sentences.json","Gerar primeiro"
"1845","Could I have a receipt, please?","Pode me dar um recibo, por favor?","Compras, serviços e atendimento","browser","","","","public/data/sentences.json","Gerar primeiro"
"1846","The card was declined.","O cartão foi recusado.","Compras, serviços e atendimento","browser","","","","public/data/sentences.json","Gerar primeiro"
"1847","Let me try another card.","Deixe eu tentar outro cartão.","Compras, serviços e atendimento","browser","","","","public/data/sentences.json","Gerar primeiro"
"1848","I think you charged me twice.","Acho que vocês me cobraram duas vezes.","Compras, serviços e atendimento","browser","","","","public/data/sentences.json","Gerar primeiro"
"1849","The price on the shelf was different.","O preço na prateleira era diferente.","Compras, serviços e atendimento","browser","","","","public/data/sentences.json","Gerar primeiro"
"1850","Keep the change.","Pode ficar com o troco.","Compras, serviços e atendimento","browser","","","","public/data/sentences.json","Gerar primeiro"
"1851","I'd like to return this.","Gostaria de devolver isto.","Compras, serviços e atendimento","browser","","","","public/data/sentences.json","Gerar primeiro"
"1852","Can I exchange it for a different size?","Posso trocar por outro tamanho?","Compras, serviços e atendimento","browser","","","","public/data/sentences.json","Gerar primeiro"
"1853","It doesn't work properly.","Isto não funciona direito.","Compras, serviços e atendimento","browser","","","","public/data/sentences.json","Gerar primeiro"
"1854","It arrived damaged.","Isto chegou danificado.","Compras, serviços e atendimento","browser","","","","public/data/sentences.json","Gerar primeiro"
"1855","I have the receipt right here.","Estou com o recibo aqui.","Compras, serviços e atendimento","browser","","","","public/data/sentences.json","Gerar primeiro"
"1856","What's your return policy?","Qual é a política de devolução de vocês?","Compras, serviços e atendimento","browser","","","","public/data/sentences.json","Gerar primeiro"
"1857","Can I get a refund?","Posso receber o dinheiro de volta?","Compras, serviços e atendimento","browser","","","","public/data/sentences.json","Gerar primeiro"
"1858","Would store credit be the only option?","Crédito na loja seria a única opção?","Compras, serviços e atendimento","browser","","","","public/data/sentences.json","Gerar primeiro"
"1859","How long will the refund take?","Quanto tempo o reembolso vai levar?","Compras, serviços e atendimento","browser","","","","public/data/sentences.json","Gerar primeiro"
"1860","I haven't used it at all.","Eu nem usei isto.","Compras, serviços e atendimento","browser","","","","public/data/sentences.json","Gerar primeiro"
"1861","I placed an order yesterday.","Fiz um pedido ontem.","Compras, serviços e atendimento","browser","","","","public/data/sentences.json","Gerar primeiro"
"1862","I haven't received a confirmation email.","Não recebi um e-mail de confirmação.","Compras, serviços e atendimento","browser","","","","public/data/sentences.json","Gerar primeiro"
"1863","Where can I track my order?","Onde posso acompanhar meu pedido?","Compras, serviços e atendimento","browser","","","","public/data/sentences.json","Gerar primeiro"
"1864","The tracking information hasn't updated.","O rastreamento não foi atualizado.","Compras, serviços e atendimento","browser","","","","public/data/sentences.json","Gerar primeiro"
"1865","The package says delivered, but it's not here.","O pacote consta como entregue, mas não chegou.","Compras, serviços e atendimento","browser","","","","public/data/sentences.json","Gerar primeiro"
"1866","I received the wrong item.","Recebi o produto errado.","Compras, serviços e atendimento","browser","","","","public/data/sentences.json","Gerar primeiro"
"1867","One item is missing from the order.","Está faltando um item no pedido.","Compras, serviços e atendimento","browser","","","","public/data/sentences.json","Gerar primeiro"
"1868","Can I change the delivery address?","Posso mudar o endereço de entrega?","Compras, serviços e atendimento","browser","","","","public/data/sentences.json","Gerar primeiro"
"1869","I'd like to cancel the order.","Gostaria de cancelar o pedido.","Compras, serviços e atendimento","browser","","","","public/data/sentences.json","Gerar primeiro"
"1870","Please don't leave it outside the gate.","Por favor, não deixe do lado de fora do portão.","Compras, serviços e atendimento","browser","","","","public/data/sentences.json","Gerar primeiro"
"1871","I'd like to book an appointment.","Gostaria de marcar um horário.","Compras, serviços e atendimento","browser","","","","public/data/sentences.json","Gerar primeiro"
"1872","Do you have anything available this afternoon?","Você tem algum horário disponível hoje à tarde?","Compras, serviços e atendimento","browser","","","","public/data/sentences.json","Gerar primeiro"
"1873","How long does the service take?","Quanto tempo leva o serviço?","Compras, serviços e atendimento","browser","","","","public/data/sentences.json","Gerar primeiro"
"1874","Could you give me an estimate?","Você pode me passar um orçamento?","Compras, serviços e atendimento","browser","","","","public/data/sentences.json","Gerar primeiro"
"1875","Is there a cancellation fee?","Há uma taxa de cancelamento?","Compras, serviços e atendimento","browser","","","","public/data/sentences.json","Gerar primeiro"
"1876","I need to reschedule my appointment.","Preciso remarcar meu horário.","Compras, serviços e atendimento","browser","","","","public/data/sentences.json","Gerar primeiro"
"1877","I'm here for my appointment.","Vim para o meu horário agendado.","Compras, serviços e atendimento","browser","","","","public/data/sentences.json","Gerar primeiro"
"1878","How long is the wait?","Quanto tempo de espera?","Compras, serviços e atendimento","browser","","","","public/data/sentences.json","Gerar primeiro"
"1879","Could you call me when it's ready?","Você pode me ligar quando estiver pronto?","Compras, serviços e atendimento","browser","","","","public/data/sentences.json","Gerar primeiro"
"1880","I'd like to confirm the total cost first.","Gostaria de confirmar o custo total antes.","Compras, serviços e atendimento","browser","","","","public/data/sentences.json","Gerar primeiro"
"1881","I'm not satisfied with the service.","Não estou satisfeito com o atendimento.","Compras, serviços e atendimento","browser","","","","public/data/sentences.json","Gerar primeiro"
"1882","This isn't what we agreed on.","Isto não foi o que combinamos.","Compras, serviços e atendimento","browser","","","","public/data/sentences.json","Gerar primeiro"
"1883","I've already explained the issue twice.","Já expliquei o problema duas vezes.","Compras, serviços e atendimento","browser","","","","public/data/sentences.json","Gerar primeiro"
"1884","Could I speak to a manager?","Posso falar com um gerente?","Compras, serviços e atendimento","browser","","","","public/data/sentences.json","Gerar primeiro"
"1885","I'd like a clear answer.","Gostaria de uma resposta clara.","Compras, serviços e atendimento","browser","","","","public/data/sentences.json","Gerar primeiro"
"1886","What can you do to resolve this?","O que vocês podem fazer para resolver isto?","Compras, serviços e atendimento","browser","","","","public/data/sentences.json","Gerar primeiro"
"1887","I've been waiting for a response.","Estou aguardando uma resposta.","Compras, serviços e atendimento","browser","","","","public/data/sentences.json","Gerar primeiro"
"1888","Please give me a reference number.","Por favor, me passe um número de protocolo.","Compras, serviços e atendimento","browser","","","","public/data/sentences.json","Gerar primeiro"
"1889","I'd like this confirmed by email.","Gostaria que isto fosse confirmado por e-mail.","Compras, serviços e atendimento","browser","","","","public/data/sentences.json","Gerar primeiro"
"1890","I'm asking for a solution, not an argument.","Estou pedindo uma solução, não uma discussão. [Firme]","Compras, serviços e atendimento","browser","","","","public/data/sentences.json","Gerar primeiro"
"1891","That's exactly what I was looking for.","É exatamente o que eu estava procurando.","Compras, serviços e atendimento","browser","","","","public/data/sentences.json","Gerar primeiro"
"1892","The quality feels good.","A qualidade parece boa.","Compras, serviços e atendimento","browser","","","","public/data/sentences.json","Gerar primeiro"
"1893","It's not quite what I expected.","Não é bem o que eu esperava.","Compras, serviços e atendimento","browser","","","","public/data/sentences.json","Gerar primeiro"
"1894","I think I'll leave it for now.","Acho que vou deixar para outra hora.","Compras, serviços e atendimento","browser","","","","public/data/sentences.json","Gerar primeiro"
"1895","Thanks for your help anyway.","Obrigado pela ajuda, de qualquer forma.","Compras, serviços e atendimento","browser","","","","public/data/sentences.json","Gerar primeiro"
"1896","I'll come back if I decide to buy it.","Volto se decidir comprar.","Compras, serviços e atendimento","browser","","","","public/data/sentences.json","Gerar primeiro"
"1897","That was easier than I thought.","Foi mais fácil do que eu pensava.","Compras, serviços e atendimento","browser","","","","public/data/sentences.json","Gerar primeiro"
"1898","I'm happy with how you handled it.","Estou satisfeito com a forma como você resolveu isso.","Compras, serviços e atendimento","browser","","","","public/data/sentences.json","Gerar primeiro"
"1899","Could you send me the details?","Você pode me enviar os detalhes?","Compras, serviços e atendimento","browser","","","","public/data/sentences.json","Gerar primeiro"
"1900","Thanks for sorting it out.","Obrigado por resolver isso.","Compras, serviços e atendimento","browser","","","","public/data/sentences.json","Gerar primeiro"
"1901","I'm trying to spend less.","Estou tentando gastar menos.","Dinheiro, contas e orçamento","elevenlabs","Chris","eleven_multilingual_v2","/audio/elevenlabs/1901.mp3","public/data/sentences.json","Revisar apenas se houver um problema"
"1902","That's outside my budget.","Isso está fora do meu orçamento.","Dinheiro, contas e orçamento","elevenlabs","Chris","eleven_multilingual_v2","/audio/elevenlabs/1902.mp3","public/data/sentences.json","Revisar apenas se houver um problema"
"1903","I can't afford that right now.","Não posso pagar por isso no momento.","Dinheiro, contas e orçamento","elevenlabs","Chris","eleven_multilingual_v2","/audio/elevenlabs/1903.mp3","public/data/sentences.json","Revisar apenas se houver um problema"
"1904","I'd rather save the money.","Prefiro guardar o dinheiro.","Dinheiro, contas e orçamento","elevenlabs","Chris","eleven_multilingual_v2","/audio/elevenlabs/1904.mp3","public/data/sentences.json","Revisar apenas se houver um problema"
"1905","It's a bit pricey.","É um pouco caro. [Informal]","Dinheiro, contas e orçamento","elevenlabs","Chris","eleven_multilingual_v2","/audio/elevenlabs/1905.mp3","public/data/sentences.json","Revisar apenas se houver um problema"
"1906","That seems like good value.","Isso parece ter um bom custo-benefício.","Dinheiro, contas e orçamento","elevenlabs","Chris","eleven_multilingual_v2","/audio/elevenlabs/1906.mp3","public/data/sentences.json","Revisar apenas se houver um problema"
"1907","I'm cutting back on unnecessary expenses.","Estou reduzindo gastos desnecessários.","Dinheiro, contas e orçamento","elevenlabs","Chris","eleven_multilingual_v2","/audio/elevenlabs/1907.mp3","public/data/sentences.json","Revisar apenas se houver um problema"
"1908","Little expenses add up.","Pequenos gastos se acumulam.","Dinheiro, contas e orçamento","elevenlabs","Chris","eleven_multilingual_v2","/audio/elevenlabs/1908.mp3","public/data/sentences.json","Revisar apenas se houver um problema"
"1909","I didn't realize how much I was spending.","Eu não tinha percebido quanto estava gastando.","Dinheiro, contas e orçamento","elevenlabs","Chris","eleven_multilingual_v2","/audio/elevenlabs/1909.mp3","public/data/sentences.json","Revisar apenas se houver um problema"
"1910","I'm keeping track of every expense.","Estou registrando todos os gastos.","Dinheiro, contas e orçamento","elevenlabs","Chris","eleven_multilingual_v2","/audio/elevenlabs/1910.mp3","public/data/sentences.json","Revisar apenas se houver um problema"
"1911","Let's split the bill.","Vamos dividir a conta.","Dinheiro, contas e orçamento","elevenlabs","Chris","eleven_multilingual_v2","/audio/elevenlabs/1911.mp3","public/data/sentences.json","Revisar apenas se houver um problema"
"1912","I'll pay for my share.","Vou pagar minha parte.","Dinheiro, contas e orçamento","elevenlabs","Chris","eleven_multilingual_v2","/audio/elevenlabs/1912.mp3","public/data/sentences.json","Revisar apenas se houver um problema"
"1913","How much do I owe you?","Quanto te devo?","Dinheiro, contas e orçamento","browser","","","","public/data/sentences.json","Gerar primeiro"
"1914","You paid last time; it's my turn.","Você pagou da última vez; agora é minha vez.","Dinheiro, contas e orçamento","browser","","","","public/data/sentences.json","Gerar primeiro"
"1915","Let's split it evenly.","Vamos dividir em partes iguais.","Dinheiro, contas e orçamento","browser","","","","public/data/sentences.json","Gerar primeiro"
"1916","I'll cover dinner; you cover the tickets.","Eu pago o jantar; você paga os ingressos.","Dinheiro, contas e orçamento","browser","","","","public/data/sentences.json","Gerar primeiro"
"1917","Can we pay separately?","Podemos pagar separadamente?","Dinheiro, contas e orçamento","browser","","","","public/data/sentences.json","Gerar primeiro"
"1918","I'll send you the money later.","Vou mandar o dinheiro depois.","Dinheiro, contas e orçamento","browser","","","","public/data/sentences.json","Gerar primeiro"
"1919","That includes your part too.","Isso inclui sua parte também.","Dinheiro, contas e orçamento","browser","","","","public/data/sentences.json","Gerar primeiro"
"1920","We can settle up tomorrow.","Podemos acertar as contas amanhã.","Dinheiro, contas e orçamento","browser","","","","public/data/sentences.json","Gerar primeiro"
"1921","The electricity bill went up.","A conta de luz aumentou.","Dinheiro, contas e orçamento","browser","","","","public/data/sentences.json","Gerar primeiro"
"1922","When is the water bill due?","Quando vence a conta de água?","Dinheiro, contas e orçamento","browser","","","","public/data/sentences.json","Gerar primeiro"
"1923","I already paid the internet bill.","Já paguei a conta de internet.","Dinheiro, contas e orçamento","browser","","","","public/data/sentences.json","Gerar primeiro"
"1924","We should set up automatic payments.","Deveríamos cadastrar os pagamentos automáticos.","Dinheiro, contas e orçamento","browser","","","","public/data/sentences.json","Gerar primeiro"
"1925","I missed the payment date.","Perdi a data do pagamento.","Dinheiro, contas e orçamento","browser","","","","public/data/sentences.json","Gerar primeiro"
"1926","There's a late fee on this bill.","Há uma multa por atraso nesta conta.","Dinheiro, contas e orçamento","browser","","","","public/data/sentences.json","Gerar primeiro"
"1927","Why is the amount higher this month?","Por que o valor está maior neste mês?","Dinheiro, contas e orçamento","browser","","","","public/data/sentences.json","Gerar primeiro"
"1928","I need to check the statement.","Preciso conferir o extrato.","Dinheiro, contas e orçamento","browser","","","","public/data/sentences.json","Gerar primeiro"
"1929","The payment hasn't shown up yet.","O pagamento ainda não apareceu.","Dinheiro, contas e orçamento","browser","","","","public/data/sentences.json","Gerar primeiro"
"1930","Let's keep the receipts in one place.","Vamos guardar os comprovantes em um só lugar.","Dinheiro, contas e orçamento","browser","","","","public/data/sentences.json","Gerar primeiro"
"1931","Did the money go through?","O dinheiro foi transferido?","Dinheiro, contas e orçamento","browser","","","","public/data/sentences.json","Gerar primeiro"
"1932","I sent it to the wrong account.","Mandei para a conta errada.","Dinheiro, contas e orçamento","browser","","","","public/data/sentences.json","Gerar primeiro"
"1933","Can you confirm you received it?","Você pode confirmar que recebeu?","Dinheiro, contas e orçamento","browser","","","","public/data/sentences.json","Gerar primeiro"
"1934","What's the transfer fee?","Qual é a taxa de transferência?","Dinheiro, contas e orçamento","browser","","","","public/data/sentences.json","Gerar primeiro"
"1935","The transaction is still pending.","A transação ainda está pendente.","Dinheiro, contas e orçamento","browser","","","","public/data/sentences.json","Gerar primeiro"
"1936","I'll send you proof of payment.","Vou mandar o comprovante de pagamento.","Dinheiro, contas e orçamento","browser","","","","public/data/sentences.json","Gerar primeiro"
"1937","I entered the amount incorrectly.","Digitei o valor errado.","Dinheiro, contas e orçamento","browser","","","","public/data/sentences.json","Gerar primeiro"
"1938","Can this payment be reversed?","Este pagamento pode ser estornado?","Dinheiro, contas e orçamento","browser","","","","public/data/sentences.json","Gerar primeiro"
"1939","The money came out of my account.","O dinheiro saiu da minha conta.","Dinheiro, contas e orçamento","browser","","","","public/data/sentences.json","Gerar primeiro"
"1940","I don't recognize this charge.","Não reconheço esta cobrança.","Dinheiro, contas e orçamento","browser","","","","public/data/sentences.json","Gerar primeiro"
"1941","I'm saving up for a trip.","Estou juntando dinheiro para uma viagem.","Dinheiro, contas e orçamento","browser","","","","public/data/sentences.json","Gerar primeiro"
"1942","I put some money aside every month.","Guardo um pouco de dinheiro todo mês.","Dinheiro, contas e orçamento","browser","","","","public/data/sentences.json","Gerar primeiro"
"1943","I want to build an emergency fund.","Quero formar uma reserva de emergência.","Dinheiro, contas e orçamento","browser","","","","public/data/sentences.json","Gerar primeiro"
"1944","I'm trying not to touch my savings.","Estou tentando não mexer no dinheiro guardado.","Dinheiro, contas e orçamento","browser","","","","public/data/sentences.json","Gerar primeiro"
"1945","I have a long-term goal in mind.","Tenho um objetivo de longo prazo em mente.","Dinheiro, contas e orçamento","browser","","","","public/data/sentences.json","Gerar primeiro"
"1946","I'm halfway to my target.","Estou na metade da minha meta.","Dinheiro, contas e orçamento","browser","","","","public/data/sentences.json","Gerar primeiro"
"1947","I'd rather wait until I can pay in full.","Prefiro esperar até poder pagar à vista.","Dinheiro, contas e orçamento","browser","","","","public/data/sentences.json","Gerar primeiro"
"1948","I need to leave some room for unexpected costs.","Preciso deixar margem para custos inesperados.","Dinheiro, contas e orçamento","browser","","","","public/data/sentences.json","Gerar primeiro"
"1949","Small amounts can still make a difference.","Valores pequenos também podem fazer diferença.","Dinheiro, contas e orçamento","browser","","","","public/data/sentences.json","Gerar primeiro"
"1950","I want a plan I can stick to.","Quero um plano que consiga manter.","Dinheiro, contas e orçamento","browser","","","","public/data/sentences.json","Gerar primeiro"
"1951","I'm still paying this off.","Ainda estou pagando isto.","Dinheiro, contas e orçamento","browser","","","","public/data/sentences.json","Gerar primeiro"
"1952","How many payments are left?","Quantas parcelas faltam?","Dinheiro, contas e orçamento","browser","","","","public/data/sentences.json","Gerar primeiro"
"1953","I want to pay off the loan early.","Quero quitar o empréstimo antes do prazo.","Dinheiro, contas e orçamento","browser","","","","public/data/sentences.json","Gerar primeiro"
"1954","What's the outstanding balance?","Qual é o saldo devedor?","Dinheiro, contas e orçamento","browser","","","","public/data/sentences.json","Gerar primeiro"
"1955","Is there a fee for paying early?","Há uma taxa por quitar antecipadamente?","Dinheiro, contas e orçamento","browser","","","","public/data/sentences.json","Gerar primeiro"
"1956","The monthly payment is too high for me.","A parcela mensal está alta demais para mim.","Dinheiro, contas e orçamento","browser","","","","public/data/sentences.json","Gerar primeiro"
"1957","I need to renegotiate the debt.","Preciso renegociar a dívida.","Dinheiro, contas e orçamento","browser","","","","public/data/sentences.json","Gerar primeiro"
"1958","I'm trying to avoid taking on more debt.","Estou tentando evitar assumir mais dívidas.","Dinheiro, contas e orçamento","browser","","","","public/data/sentences.json","Gerar primeiro"
"1959","I fell behind on the payments.","Atrasei os pagamentos.","Dinheiro, contas e orçamento","browser","","","","public/data/sentences.json","Gerar primeiro"
"1960","I'd like to understand the total cost.","Gostaria de entender o custo total.","Dinheiro, contas e orçamento","browser","","","","public/data/sentences.json","Gerar primeiro"
"1961","I'm canceling some subscriptions.","Estou cancelando algumas assinaturas.","Dinheiro, contas e orçamento","browser","","","","public/data/sentences.json","Gerar primeiro"
"1962","I barely use this service.","Quase não uso este serviço.","Dinheiro, contas e orçamento","browser","","","","public/data/sentences.json","Gerar primeiro"
"1963","The free trial ended.","O período de teste gratuito acabou.","Dinheiro, contas e orçamento","browser","","","","public/data/sentences.json","Gerar primeiro"
"1964","I forgot to cancel before it renewed.","Esqueci de cancelar antes da renovação.","Dinheiro, contas e orçamento","browser","","","","public/data/sentences.json","Gerar primeiro"
"1965","Can I switch to a cheaper plan?","Posso mudar para um plano mais barato?","Dinheiro, contas e orçamento","browser","","","","public/data/sentences.json","Gerar primeiro"
"1966","Is this billed monthly or annually?","Isto é cobrado por mês ou por ano?","Dinheiro, contas e orçamento","browser","","","","public/data/sentences.json","Gerar primeiro"
"1967","Please turn off automatic renewal.","Por favor, desative a renovação automática.","Dinheiro, contas e orçamento","browser","","","","public/data/sentences.json","Gerar primeiro"
"1968","I was charged after canceling.","Fui cobrado depois de cancelar.","Dinheiro, contas e orçamento","browser","","","","public/data/sentences.json","Gerar primeiro"
"1969","Do I lose access immediately?","Perco o acesso imediatamente?","Dinheiro, contas e orçamento","browser","","","","public/data/sentences.json","Gerar primeiro"
"1970","I'll keep only what I actually use.","Vou manter apenas o que realmente uso.","Dinheiro, contas e orçamento","browser","","","","public/data/sentences.json","Gerar primeiro"
"1971","When do you get paid?","Quando você recebe?","Dinheiro, contas e orçamento","browser","","","","public/data/sentences.json","Gerar primeiro"
"1972","I get paid once a month.","Recebo uma vez por mês.","Dinheiro, contas e orçamento","browser","","","","public/data/sentences.json","Gerar primeiro"
"1973","That's before taxes.","Isso é antes dos impostos.","Dinheiro, contas e orçamento","browser","","","","public/data/sentences.json","Gerar primeiro"
"1974","I'm talking about take-home pay.","Estou falando do salário líquido.","Dinheiro, contas e orçamento","browser","","","","public/data/sentences.json","Gerar primeiro"
"1975","My income varies from month to month.","Minha renda varia de um mês para outro.","Dinheiro, contas e orçamento","browser","","","","public/data/sentences.json","Gerar primeiro"
"1976","I'm expecting a bonus this year.","Estou esperando um bônus neste ano.","Dinheiro, contas e orçamento","browser","","","","public/data/sentences.json","Gerar primeiro"
"1977","I need to account for irregular income.","Preciso considerar a renda irregular.","Dinheiro, contas e orçamento","browser","","","","public/data/sentences.json","Gerar primeiro"
"1978","I don't want to rely on money I haven't received.","Não quero contar com dinheiro que ainda não recebi.","Dinheiro, contas e orçamento","browser","","","","public/data/sentences.json","Gerar primeiro"
"1979","My expenses are higher than they used to be.","Meus gastos estão maiores do que antes.","Dinheiro, contas e orçamento","browser","","","","public/data/sentences.json","Gerar primeiro"
"1980","I want to live within my means.","Quero viver dentro das minhas possibilidades.","Dinheiro, contas e orçamento","browser","","","","public/data/sentences.json","Gerar primeiro"
"1981","I need to withdraw some cash.","Preciso sacar dinheiro.","Dinheiro, contas e orçamento","browser","","","","public/data/sentences.json","Gerar primeiro"
"1982","Where's the nearest ATM?","Onde fica o caixa eletrônico mais próximo?","Dinheiro, contas e orçamento","browser","","","","public/data/sentences.json","Gerar primeiro"
"1983","My card was blocked.","Meu cartão foi bloqueado.","Dinheiro, contas e orçamento","browser","","","","public/data/sentences.json","Gerar primeiro"
"1984","I lost my bank card.","Perdi meu cartão do banco.","Dinheiro, contas e orçamento","browser","","","","public/data/sentences.json","Gerar primeiro"
"1985","I need to dispute this charge.","Preciso contestar esta cobrança.","Dinheiro, contas e orçamento","browser","","","","public/data/sentences.json","Gerar primeiro"
"1986","Can you explain this fee?","Você pode explicar esta taxa?","Dinheiro, contas e orçamento","browser","","","","public/data/sentences.json","Gerar primeiro"
"1987","I'd like to lower my credit limit.","Gostaria de reduzir meu limite de crédito.","Dinheiro, contas e orçamento","browser","","","","public/data/sentences.json","Gerar primeiro"
"1988","When does the statement close?","Quando fecha a fatura?","Dinheiro, contas e orçamento","browser","","","","public/data/sentences.json","Gerar primeiro"
"1989","I want to pay the full balance.","Quero pagar o valor total da fatura.","Dinheiro, contas e orçamento","browser","","","","public/data/sentences.json","Gerar primeiro"
"1990","Please send me a copy of the statement.","Por favor, envie uma cópia do extrato.","Dinheiro, contas e orçamento","browser","","","","public/data/sentences.json","Gerar primeiro"
"1991","I'd rather not discuss my salary.","Prefiro não falar do meu salário.","Dinheiro, contas e orçamento","browser","","","","public/data/sentences.json","Gerar primeiro"
"1992","Money is a sensitive topic for me.","Dinheiro é um assunto delicado para mim.","Dinheiro, contas e orçamento","browser","","","","public/data/sentences.json","Gerar primeiro"
"1993","Let's agree on a spending limit.","Vamos combinar um limite de gastos.","Dinheiro, contas e orçamento","browser","","","","public/data/sentences.json","Gerar primeiro"
"1994","I can't lend you money this time.","Não posso emprestar dinheiro desta vez.","Dinheiro, contas e orçamento","browser","","","","public/data/sentences.json","Gerar primeiro"
"1995","I don't want money to affect our friendship.","Não quero que dinheiro afete nossa amizade.","Dinheiro, contas e orçamento","browser","","","","public/data/sentences.json","Gerar primeiro"
"1996","Can we be clear about when you'll pay it back?","Podemos definir quando você vai devolver?","Dinheiro, contas e orçamento","browser","","","","public/data/sentences.json","Gerar primeiro"
"1997","I'm not comfortable with that arrangement.","Não me sinto confortável com esse acordo.","Dinheiro, contas e orçamento","browser","","","","public/data/sentences.json","Gerar primeiro"
"1998","Let's put the agreement in writing.","Vamos registrar o acordo por escrito.","Dinheiro, contas e orçamento","browser","","","","public/data/sentences.json","Gerar primeiro"
"1999","It's not about being cheap.","Não se trata de ser pão-duro. [Informal]","Dinheiro, contas e orçamento","browser","","","","public/data/sentences.json","Gerar primeiro"
"2000","I'm being careful with my budget.","Estou sendo cuidadoso com meu orçamento.","Dinheiro, contas e orçamento","browser","","","","public/data/sentences.json","Gerar primeiro"
"2001","A table for two, please.","Uma mesa para dois, por favor.","Restaurantes, cafés e delivery","elevenlabs","Chris","eleven_multilingual_v2","/audio/elevenlabs/2001.mp3","public/data/sentences.json","Revisar apenas se houver um problema"
"2002","We have a reservation under my name.","Temos uma reserva no meu nome.","Restaurantes, cafés e delivery","elevenlabs","Chris","eleven_multilingual_v2","/audio/elevenlabs/2002.mp3","public/data/sentences.json","Revisar apenas se houver um problema"
"2003","Is there a wait for a table?","Há espera por uma mesa?","Restaurantes, cafés e delivery","elevenlabs","Chris","eleven_multilingual_v2","/audio/elevenlabs/2003.mp3","public/data/sentences.json","Revisar apenas se houver um problema"
"2004","Could we sit outside?","Podemos sentar do lado de fora?","Restaurantes, cafés e delivery","elevenlabs","Chris","eleven_multilingual_v2","/audio/elevenlabs/2004.mp3","public/data/sentences.json","Revisar apenas se houver um problema"
"2005","Do you have a quieter table?","Vocês têm uma mesa mais tranquila?","Restaurantes, cafés e delivery","elevenlabs","Chris","eleven_multilingual_v2","/audio/elevenlabs/2005.mp3","public/data/sentences.json","Revisar apenas se houver um problema"
"2006","We'd prefer a table by the window.","Preferimos uma mesa perto da janela.","Restaurantes, cafés e delivery","elevenlabs","Chris","eleven_multilingual_v2","/audio/elevenlabs/2006.mp3","public/data/sentences.json","Revisar apenas se houver um problema"
"2007","Is this table available?","Esta mesa está disponível?","Restaurantes, cafés e delivery","elevenlabs","Chris","eleven_multilingual_v2","/audio/elevenlabs/2007.mp3","public/data/sentences.json","Revisar apenas se houver um problema"
"2008","We're waiting for one more person.","Estamos esperando mais uma pessoa.","Restaurantes, cafés e delivery","elevenlabs","Chris","eleven_multilingual_v2","/audio/elevenlabs/2008.mp3","public/data/sentences.json","Revisar apenas se houver um problema"
"2009","Could we move to that table?","Podemos mudar para aquela mesa?","Restaurantes, cafés e delivery","elevenlabs","Chris","eleven_multilingual_v2","/audio/elevenlabs/2009.mp3","public/data/sentences.json","Revisar apenas se houver um problema"
"2010","We'll wait at the bar.","Vamos esperar no bar.","Restaurantes, cafés e delivery","elevenlabs","Chris","eleven_multilingual_v2","/audio/elevenlabs/2010.mp3","public/data/sentences.json","Revisar apenas se houver um problema"
"2011","Could we see the menu?","Podemos ver o cardápio?","Restaurantes, cafés e delivery","elevenlabs","Chris","eleven_multilingual_v2","/audio/elevenlabs/2011.mp3","public/data/sentences.json","Revisar apenas se houver um problema"
"2012","Do you have an English menu?","Vocês têm um cardápio em inglês?","Restaurantes, cafés e delivery","elevenlabs","Chris","eleven_multilingual_v2","/audio/elevenlabs/2012.mp3","public/data/sentences.json","Revisar apenas se houver um problema"
"2013","What do you recommend?","O que você recomenda?","Restaurantes, cafés e delivery","browser","","","","public/data/sentences.json","Gerar primeiro"
"2014","What's the special today?","Qual é o prato especial de hoje?","Restaurantes, cafés e delivery","browser","","","","public/data/sentences.json","Gerar primeiro"
"2015","What comes with this dish?","O que acompanha este prato?","Restaurantes, cafés e delivery","browser","","","","public/data/sentences.json","Gerar primeiro"
"2016","Is this enough for two people?","Isto é suficiente para duas pessoas?","Restaurantes, cafés e delivery","browser","","","","public/data/sentences.json","Gerar primeiro"
"2017","How big is the portion?","Qual é o tamanho da porção?","Restaurantes, cafés e delivery","browser","","","","public/data/sentences.json","Gerar primeiro"
"2018","Is it very spicy?","É muito apimentado?","Restaurantes, cafés e delivery","browser","","","","public/data/sentences.json","Gerar primeiro"
"2019","We're still deciding.","Ainda estamos escolhendo.","Restaurantes, cafés e delivery","browser","","","","public/data/sentences.json","Gerar primeiro"
"2020","Could you give us a few more minutes?","Pode nos dar mais alguns minutos?","Restaurantes, cafés e delivery","browser","","","","public/data/sentences.json","Gerar primeiro"
"2021","I'm ready to order.","Estou pronto para pedir.","Restaurantes, cafés e delivery","browser","","","","public/data/sentences.json","Gerar primeiro"
"2022","I'll have the grilled chicken.","Vou querer o frango grelhado.","Restaurantes, cafés e delivery","browser","","","","public/data/sentences.json","Gerar primeiro"
"2023","I'd like the pasta, please.","Gostaria da massa, por favor.","Restaurantes, cafés e delivery","browser","","","","public/data/sentences.json","Gerar primeiro"
"2024","Can I get that without onions?","Pode ser sem cebola?","Restaurantes, cafés e delivery","browser","","","","public/data/sentences.json","Gerar primeiro"
"2025","Could I have the sauce on the side?","Pode deixar o molho separado?","Restaurantes, cafés e delivery","browser","","","","public/data/sentences.json","Gerar primeiro"
"2026","I'd like my steak medium.","Quero meu bife ao ponto.","Restaurantes, cafés e delivery","browser","","","","public/data/sentences.json","Gerar primeiro"
"2027","Can I substitute the fries for a salad?","Posso trocar as fritas por uma salada?","Restaurantes, cafés e delivery","browser","","","","public/data/sentences.json","Gerar primeiro"
"2028","We'll share the appetizer.","Vamos dividir a entrada.","Restaurantes, cafés e delivery","browser","","","","public/data/sentences.json","Gerar primeiro"
"2029","That's all for now.","É só isso por enquanto.","Restaurantes, cafés e delivery","browser","","","","public/data/sentences.json","Gerar primeiro"
"2030","Could you bring everything together?","Pode trazer tudo junto?","Restaurantes, cafés e delivery","browser","","","","public/data/sentences.json","Gerar primeiro"
"2031","Does this contain peanuts?","Isto contém amendoim?","Restaurantes, cafés e delivery","browser","","","","public/data/sentences.json","Gerar primeiro"
"2032","I'm allergic to shellfish.","Tenho alergia a frutos do mar.","Restaurantes, cafés e delivery","browser","","","","public/data/sentences.json","Gerar primeiro"
"2033","Is there any dairy in this?","Há algum ingrediente derivado do leite nisto?","Restaurantes, cafés e delivery","browser","","","","public/data/sentences.json","Gerar primeiro"
"2034","Do you have vegetarian options?","Vocês têm opções vegetarianas?","Restaurantes, cafés e delivery","browser","","","","public/data/sentences.json","Gerar primeiro"
"2035","I'm looking for something without meat.","Estou procurando algo sem carne.","Restaurantes, cafés e delivery","browser","","","","public/data/sentences.json","Gerar primeiro"
"2036","Could you check with the kitchen?","Você pode confirmar com a cozinha?","Restaurantes, cafés e delivery","browser","","","","public/data/sentences.json","Gerar primeiro"
"2037","It's important that it doesn't contain nuts.","É importante que não contenha castanhas nem nozes.","Restaurantes, cafés e delivery","browser","","","","public/data/sentences.json","Gerar primeiro"
"2038","Is this made with wheat flour?","Isto é feito com farinha de trigo?","Restaurantes, cafés e delivery","browser","","","","public/data/sentences.json","Gerar primeiro"
"2039","Please let me know if you're not sure.","Por favor, me avise se não tiver certeza.","Restaurantes, cafés e delivery","browser","","","","public/data/sentences.json","Gerar primeiro"
"2040","I'd rather choose a different dish.","Prefiro escolher outro prato.","Restaurantes, cafés e delivery","browser","","","","public/data/sentences.json","Gerar primeiro"
"2041","Still water, please.","Água sem gás, por favor.","Restaurantes, cafés e delivery","browser","","","","public/data/sentences.json","Gerar primeiro"
"2042","Could I have sparkling water instead?","Pode ser água com gás em vez disso?","Restaurantes, cafés e delivery","browser","","","","public/data/sentences.json","Gerar primeiro"
"2043","No ice, please.","Sem gelo, por favor.","Restaurantes, cafés e delivery","browser","","","","public/data/sentences.json","Gerar primeiro"
"2044","Just tap water is fine.","Água da torneira está bom.","Restaurantes, cafés e delivery","browser","","","","public/data/sentences.json","Gerar primeiro"
"2045","I'd like a small coffee to go.","Gostaria de um café pequeno para viagem.","Restaurantes, cafés e delivery","browser","","","","public/data/sentences.json","Gerar primeiro"
"2046","Can you make it decaf?","Pode fazer descafeinado?","Restaurantes, cafés e delivery","browser","","","","public/data/sentences.json","Gerar primeiro"
"2047","Do you have oat milk?","Vocês têm leite de aveia?","Restaurantes, cafés e delivery","browser","","","","public/data/sentences.json","Gerar primeiro"
"2048","I'd like it less sweet.","Gostaria que fosse menos doce.","Restaurantes, cafés e delivery","browser","","","","public/data/sentences.json","Gerar primeiro"
"2049","Could I have a lid for this?","Pode me dar uma tampa para isto?","Restaurantes, cafés e delivery","browser","","","","public/data/sentences.json","Gerar primeiro"
"2050","Is this mine or yours?","Este é o meu ou o seu?","Restaurantes, cafés e delivery","browser","","","","public/data/sentences.json","Gerar primeiro"
"2051","Excuse me, we're still waiting for our food.","Com licença, ainda estamos esperando nossa comida.","Restaurantes, cafés e delivery","browser","","","","public/data/sentences.json","Gerar primeiro"
"2052","Could you check on our order?","Você pode verificar nosso pedido?","Restaurantes, cafés e delivery","browser","","","","public/data/sentences.json","Gerar primeiro"
"2053","We ordered before that table.","Fizemos o pedido antes daquela mesa.","Restaurantes, cafés e delivery","browser","","","","public/data/sentences.json","Gerar primeiro"
"2054","One of our dishes hasn't arrived.","Um dos nossos pratos não chegou.","Restaurantes, cafés e delivery","browser","","","","public/data/sentences.json","Gerar primeiro"
"2055","Could we have some extra napkins?","Pode trazer mais alguns guardanapos?","Restaurantes, cafés e delivery","browser","","","","public/data/sentences.json","Gerar primeiro"
"2056","We need another fork.","Precisamos de outro garfo.","Restaurantes, cafés e delivery","browser","","","","public/data/sentences.json","Gerar primeiro"
"2057","Could you bring some more water?","Pode trazer mais água?","Restaurantes, cafés e delivery","browser","","","","public/data/sentences.json","Gerar primeiro"
"2058","We didn't order this.","Não pedimos isto.","Restaurantes, cafés e delivery","browser","","","","public/data/sentences.json","Gerar primeiro"
"2059","I think this is for another table.","Acho que isto é de outra mesa.","Restaurantes, cafés e delivery","browser","","","","public/data/sentences.json","Gerar primeiro"
"2060","No rush; we're still eating.","Sem pressa; ainda estamos comendo.","Restaurantes, cafés e delivery","browser","","","","public/data/sentences.json","Gerar primeiro"
"2061","I'm sorry, but this is cold.","Desculpe, mas isto está frio.","Restaurantes, cafés e delivery","browser","","","","public/data/sentences.json","Gerar primeiro"
"2062","This isn't what I ordered.","Isto não foi o que pedi.","Restaurantes, cafés e delivery","browser","","","","public/data/sentences.json","Gerar primeiro"
"2063","The meat is undercooked.","A carne está malpassada demais.","Restaurantes, cafés e delivery","browser","","","","public/data/sentences.json","Gerar primeiro"
"2064","I asked for it without cheese.","Pedi sem queijo.","Restaurantes, cafés e delivery","browser","","","","public/data/sentences.json","Gerar primeiro"
"2065","There's something in my food.","Tem alguma coisa na minha comida.","Restaurantes, cafés e delivery","browser","","","","public/data/sentences.json","Gerar primeiro"
"2066","Could you replace this, please?","Você pode trocar isto, por favor?","Restaurantes, cafés e delivery","browser","","","","public/data/sentences.json","Gerar primeiro"
"2067","I don't think this tastes right.","Acho que o sabor disto não está bom.","Restaurantes, cafés e delivery","browser","","","","public/data/sentences.json","Gerar primeiro"
"2068","It's too salty for me.","Está salgado demais para mim.","Restaurantes, cafés e delivery","browser","","","","public/data/sentences.json","Gerar primeiro"
"2069","I'd rather not have another dish.","Prefiro não pedir outro prato.","Restaurantes, cafés e delivery","browser","","","","public/data/sentences.json","Gerar primeiro"
"2070","Thank you for fixing the order.","Obrigado por corrigir o pedido.","Restaurantes, cafés e delivery","browser","","","","public/data/sentences.json","Gerar primeiro"
"2071","Do you have a dessert menu?","Vocês têm um cardápio de sobremesas?","Restaurantes, cafés e delivery","browser","","","","public/data/sentences.json","Gerar primeiro"
"2072","What desserts are available today?","Quais sobremesas estão disponíveis hoje?","Restaurantes, cafés e delivery","browser","","","","public/data/sentences.json","Gerar primeiro"
"2073","Let's split a dessert.","Vamos dividir uma sobremesa.","Restaurantes, cafés e delivery","browser","","","","public/data/sentences.json","Gerar primeiro"
"2074","Just one spoon is fine.","Uma colher só está bom.","Restaurantes, cafés e delivery","browser","","","","public/data/sentences.json","Gerar primeiro"
"2075","Could we have two spoons instead?","Pode trazer duas colheres em vez de uma?","Restaurantes, cafés e delivery","browser","","","","public/data/sentences.json","Gerar primeiro"
"2076","I'm too full for dessert.","Estou cheio demais para comer sobremesa.","Restaurantes, cafés e delivery","browser","","","","public/data/sentences.json","Gerar primeiro"
"2077","Can I take the rest home?","Posso levar o restante para casa?","Restaurantes, cafés e delivery","browser","","","","public/data/sentences.json","Gerar primeiro"
"2078","Could you pack this to go?","Você pode embalar isto para viagem?","Restaurantes, cafés e delivery","browser","","","","public/data/sentences.json","Gerar primeiro"
"2079","Please keep the sauce separate.","Por favor, deixe o molho separado.","Restaurantes, cafés e delivery","browser","","","","public/data/sentences.json","Gerar primeiro"
"2080","That was a lovely meal.","Foi uma ótima refeição.","Restaurantes, cafés e delivery","browser","","","","public/data/sentences.json","Gerar primeiro"
"2081","Could we get the check, please?","Pode trazer a conta, por favor? [Americano]","Restaurantes, cafés e delivery","browser","","","","public/data/sentences.json","Gerar primeiro"
"2082","Is the service charge included?","A taxa de serviço está incluída?","Restaurantes, cafés e delivery","browser","","","","public/data/sentences.json","Gerar primeiro"
"2083","Could you check this item on the bill?","Você pode conferir este item na conta?","Restaurantes, cafés e delivery","browser","","","","public/data/sentences.json","Gerar primeiro"
"2084","We didn't have two desserts.","Não comemos duas sobremesas.","Restaurantes, cafés e delivery","browser","","","","public/data/sentences.json","Gerar primeiro"
"2085","Can you split the check three ways?","Pode dividir a conta em três partes?","Restaurantes, cafés e delivery","browser","","","","public/data/sentences.json","Gerar primeiro"
"2086","I'll pay at the counter.","Vou pagar no caixa.","Restaurantes, cafés e delivery","browser","","","","public/data/sentences.json","Gerar primeiro"
"2087","Could I get a printed receipt?","Pode me dar um recibo impresso?","Restaurantes, cafés e delivery","browser","","","","public/data/sentences.json","Gerar primeiro"
"2088","Everything was great, thank you.","Estava tudo ótimo, obrigado.","Restaurantes, cafés e delivery","browser","","","","public/data/sentences.json","Gerar primeiro"
"2089","Please thank the chef for us.","Por favor, agradeça ao cozinheiro por nós.","Restaurantes, cafés e delivery","browser","","","","public/data/sentences.json","Gerar primeiro"
"2090","We'll definitely come back.","Com certeza voltaremos.","Restaurantes, cafés e delivery","browser","","","","public/data/sentences.json","Gerar primeiro"
"2091","I'd like to place an order for delivery.","Gostaria de fazer um pedido para entrega.","Restaurantes, cafés e delivery","browser","","","","public/data/sentences.json","Gerar primeiro"
"2092","How long will delivery take?","Quanto tempo vai levar a entrega?","Restaurantes, cafés e delivery","browser","","","","public/data/sentences.json","Gerar primeiro"
"2093","I'll pick it up myself.","Vou buscar pessoalmente.","Restaurantes, cafés e delivery","browser","","","","public/data/sentences.json","Gerar primeiro"
"2094","The delivery driver can't find the address.","O entregador não consegue achar o endereço.","Restaurantes, cafés e delivery","browser","","","","public/data/sentences.json","Gerar primeiro"
"2095","I'm at the gate now.","Estou no portão agora.","Restaurantes, cafés e delivery","browser","","","","public/data/sentences.json","Gerar primeiro"
"2096","The food arrived cold.","A comida chegou fria.","Restaurantes, cafés e delivery","browser","","","","public/data/sentences.json","Gerar primeiro"
"2097","The drink spilled in the bag.","A bebida derramou dentro da sacola.","Restaurantes, cafés e delivery","browser","","","","public/data/sentences.json","Gerar primeiro"
"2098","We're missing the side dish.","Faltou o acompanhamento.","Restaurantes, cafés e delivery","browser","","","","public/data/sentences.json","Gerar primeiro"
"2099","Could you send the missing item?","Vocês podem enviar o item que faltou?","Restaurantes, cafés e delivery","browser","","","","public/data/sentences.json","Gerar primeiro"
"2100","I'd like a refund for the missing item.","Gostaria de um reembolso pelo item que faltou.","Restaurantes, cafés e delivery","browser","","","","public/data/sentences.json","Gerar primeiro"
"2101","Excuse me, how do I get to the station?","Com licença, como chego à estação?","Rua, direções e transporte","elevenlabs","Chris","eleven_multilingual_v2","/audio/elevenlabs/2101.mp3","public/data/sentences.json","Revisar apenas se houver um problema"
"2102","Is it far from here?","É longe daqui?","Rua, direções e transporte","elevenlabs","Chris","eleven_multilingual_v2","/audio/elevenlabs/2102.mp3","public/data/sentences.json","Revisar apenas se houver um problema"
"2103","Can I walk there?","Dá para ir a pé?","Rua, direções e transporte","elevenlabs","Chris","eleven_multilingual_v2","/audio/elevenlabs/2103.mp3","public/data/sentences.json","Revisar apenas se houver um problema"
"2104","Am I going the right way?","Estou indo pelo caminho certo?","Rua, direções e transporte","elevenlabs","Chris","eleven_multilingual_v2","/audio/elevenlabs/2104.mp3","public/data/sentences.json","Revisar apenas se houver um problema"
"2105","Could you show me on the map?","Você pode me mostrar no mapa?","Rua, direções e transporte","elevenlabs","Chris","eleven_multilingual_v2","/audio/elevenlabs/2105.mp3","public/data/sentences.json","Revisar apenas se houver um problema"
"2106","I'm looking for this address.","Estou procurando este endereço.","Rua, direções e transporte","elevenlabs","Chris","eleven_multilingual_v2","/audio/elevenlabs/2106.mp3","public/data/sentences.json","Revisar apenas se houver um problema"
"2107","Which way is downtown?","Para que lado fica o centro?","Rua, direções e transporte","elevenlabs","Chris","eleven_multilingual_v2","/audio/elevenlabs/2107.mp3","public/data/sentences.json","Revisar apenas se houver um problema"
"2108","Is there a shortcut?","Existe um atalho?","Rua, direções e transporte","elevenlabs","Chris","eleven_multilingual_v2","/audio/elevenlabs/2108.mp3","public/data/sentences.json","Revisar apenas se houver um problema"
"2109","How long does it take on foot?","Quanto tempo leva a pé?","Rua, direções e transporte","elevenlabs","Chris","eleven_multilingual_v2","/audio/elevenlabs/2109.mp3","public/data/sentences.json","Revisar apenas se houver um problema"
"2110","I think I'm lost.","Acho que estou perdido.","Rua, direções e transporte","elevenlabs","Chris","eleven_multilingual_v2","/audio/elevenlabs/2110.mp3","public/data/sentences.json","Revisar apenas se houver um problema"
"2111","Go straight ahead.","Siga em frente.","Rua, direções e transporte","elevenlabs","Chris","eleven_multilingual_v2","/audio/elevenlabs/2111.mp3","public/data/sentences.json","Revisar apenas se houver um problema"
"2112","Turn left at the next corner.","Vire à esquerda na próxima esquina.","Rua, direções e transporte","elevenlabs","Chris","eleven_multilingual_v2","/audio/elevenlabs/2112.mp3","public/data/sentences.json","Revisar apenas se houver um problema"
"2113","Take the second right.","Entre na segunda rua à direita.","Rua, direções e transporte","browser","","","","public/data/sentences.json","Gerar primeiro"
"2114","It's across from the supermarket.","Fica em frente ao supermercado, do outro lado da rua.","Rua, direções e transporte","browser","","","","public/data/sentences.json","Gerar primeiro"
"2115","It's next to the pharmacy.","Fica ao lado da farmácia.","Rua, direções e transporte","browser","","","","public/data/sentences.json","Gerar primeiro"
"2116","Keep going until you reach the bridge.","Continue até chegar à ponte.","Rua, direções e transporte","browser","","","","public/data/sentences.json","Gerar primeiro"
"2117","You'll see it on your left.","Você vai ver à sua esquerda.","Rua, direções e transporte","browser","","","","public/data/sentences.json","Gerar primeiro"
"2118","Go past the bank.","Passe pelo banco e continue.","Rua, direções e transporte","browser","","","","public/data/sentences.json","Gerar primeiro"
"2119","It's just around the corner.","É logo depois da esquina.","Rua, direções e transporte","browser","","","","public/data/sentences.json","Gerar primeiro"
"2120","You can't miss it.","É bem fácil de encontrar.","Rua, direções e transporte","browser","","","","public/data/sentences.json","Gerar primeiro"
"2121","Did you say left or right?","Você disse esquerda ou direita?","Rua, direções e transporte","browser","","","","public/data/sentences.json","Gerar primeiro"
"2122","So I turn after the traffic light?","Então viro depois do semáforo?","Rua, direções e transporte","browser","","","","public/data/sentences.json","Gerar primeiro"
"2123","Is it before or after the bridge?","É antes ou depois da ponte?","Rua, direções e transporte","browser","","","","public/data/sentences.json","Gerar primeiro"
"2124","Do I need to cross the street?","Preciso atravessar a rua?","Rua, direções e transporte","browser","","","","public/data/sentences.json","Gerar primeiro"
"2125","Is that the building with the blue door?","É o prédio com a porta azul?","Rua, direções e transporte","browser","","","","public/data/sentences.json","Gerar primeiro"
"2126","I think we passed it.","Acho que passamos do lugar.","Rua, direções e transporte","browser","","","","public/data/sentences.json","Gerar primeiro"
"2127","Let's turn around.","Vamos voltar.","Rua, direções e transporte","browser","","","","public/data/sentences.json","Gerar primeiro"
"2128","This doesn't look like the right street.","Esta não parece ser a rua certa.","Rua, direções e transporte","browser","","","","public/data/sentences.json","Gerar primeiro"
"2129","The map says we're close.","O mapa diz que estamos perto.","Rua, direções e transporte","browser","","","","public/data/sentences.json","Gerar primeiro"
"2130","Let's ask someone else.","Vamos perguntar a outra pessoa.","Rua, direções e transporte","browser","","","","public/data/sentences.json","Gerar primeiro"
"2131","Let's cross at the crosswalk.","Vamos atravessar na faixa de pedestres.","Rua, direções e transporte","browser","","","","public/data/sentences.json","Gerar primeiro"
"2132","Watch out for that car.","Cuidado com aquele carro.","Rua, direções e transporte","browser","","","","public/data/sentences.json","Gerar primeiro"
"2133","The sidewalk is uneven.","A calçada é irregular.","Rua, direções e transporte","browser","","","","public/data/sentences.json","Gerar primeiro"
"2134","We should stay on this side of the street.","Devemos continuar deste lado da rua.","Rua, direções e transporte","browser","","","","public/data/sentences.json","Gerar primeiro"
"2135","It's a nice area to walk around.","É uma região agradável para caminhar.","Rua, direções e transporte","browser","","","","public/data/sentences.json","Gerar primeiro"
"2136","Let's take the scenic route.","Vamos pelo caminho mais bonito.","Rua, direções e transporte","browser","","","","public/data/sentences.json","Gerar primeiro"
"2137","I need to stop and catch my breath.","Preciso parar e recuperar o fôlego.","Rua, direções e transporte","browser","","","","public/data/sentences.json","Gerar primeiro"
"2138","There's a bench over there.","Tem um banco ali.","Rua, direções e transporte","browser","","","","public/data/sentences.json","Gerar primeiro"
"2139","Let's avoid that busy road.","Vamos evitar aquela avenida movimentada.","Rua, direções e transporte","browser","","","","public/data/sentences.json","Gerar primeiro"
"2140","We're almost there.","Estamos quase chegando.","Rua, direções e transporte","browser","","","","public/data/sentences.json","Gerar primeiro"
"2141","Which bus goes to the city center?","Qual ônibus vai para o centro?","Rua, direções e transporte","browser","","","","public/data/sentences.json","Gerar primeiro"
"2142","Where's the nearest bus stop?","Onde fica o ponto de ônibus mais próximo?","Rua, direções e transporte","browser","","","","public/data/sentences.json","Gerar primeiro"
"2143","Does this bus stop near the mall?","Este ônibus para perto do shopping?","Rua, direções e transporte","browser","","","","public/data/sentences.json","Gerar primeiro"
"2144","How often does it run?","De quanto em quanto tempo ele passa?","Rua, direções e transporte","browser","","","","public/data/sentences.json","Gerar primeiro"
"2145","I think we missed the bus.","Acho que perdemos o ônibus.","Rua, direções e transporte","browser","","","","public/data/sentences.json","Gerar primeiro"
"2146","The next one should be here soon.","O próximo deve chegar em breve.","Rua, direções e transporte","browser","","","","public/data/sentences.json","Gerar primeiro"
"2147","Do I need exact change?","Preciso ter o valor exato em dinheiro?","Rua, direções e transporte","browser","","","","public/data/sentences.json","Gerar primeiro"
"2148","Could you tell me when to get off?","Você pode me avisar onde descer?","Rua, direções e transporte","browser","","","","public/data/sentences.json","Gerar primeiro"
"2149","This is our stop.","É aqui que vamos descer.","Rua, direções e transporte","browser","","","","public/data/sentences.json","Gerar primeiro"
"2150","I got on the wrong bus.","Entrei no ônibus errado.","Rua, direções e transporte","browser","","","","public/data/sentences.json","Gerar primeiro"
"2151","Which line should I take?","Qual linha devo pegar?","Rua, direções e transporte","browser","","","","public/data/sentences.json","Gerar primeiro"
"2152","Where do I change trains?","Onde faço a troca de trem?","Rua, direções e transporte","browser","","","","public/data/sentences.json","Gerar primeiro"
"2153","Is this platform for the northbound train?","Esta plataforma é para o trem sentido norte?","Rua, direções e transporte","browser","","","","public/data/sentences.json","Gerar primeiro"
"2154","How many stops is it from here?","São quantas estações a partir daqui?","Rua, direções e transporte","browser","","","","public/data/sentences.json","Gerar primeiro"
"2155","Do I need another ticket for the transfer?","Preciso de outro bilhete para a baldeação?","Rua, direções e transporte","browser","","","","public/data/sentences.json","Gerar primeiro"
"2156","The train is delayed.","O trem está atrasado.","Rua, direções e transporte","browser","","","","public/data/sentences.json","Gerar primeiro"
"2157","Please stand clear of the doors.","Por favor, mantenham distância das portas.","Rua, direções e transporte","browser","","","","public/data/sentences.json","Gerar primeiro"
"2158","Let's get into the next car.","Vamos entrar no próximo vagão.","Rua, direções e transporte","browser","","","","public/data/sentences.json","Gerar primeiro"
"2159","We went one stop too far.","Passamos uma estação.","Rua, direções e transporte","browser","","","","public/data/sentences.json","Gerar primeiro"
"2160","Is this the last train tonight?","Este é o último trem de hoje à noite?","Rua, direções e transporte","browser","","","","public/data/sentences.json","Gerar primeiro"
"2161","Could you take me to this address?","Você pode me levar a este endereço?","Rua, direções e transporte","browser","","","","public/data/sentences.json","Gerar primeiro"
"2162","How much would the ride cost?","Quanto custaria a corrida?","Rua, direções e transporte","browser","","","","public/data/sentences.json","Gerar primeiro"
"2163","I'm waiting at the main entrance.","Estou esperando na entrada principal.","Rua, direções e transporte","browser","","","","public/data/sentences.json","Gerar primeiro"
"2164","What color is your car?","De que cor é seu carro?","Rua, direções e transporte","browser","","","","public/data/sentences.json","Gerar primeiro"
"2165","I can see you now.","Agora consigo ver você.","Rua, direções e transporte","browser","","","","public/data/sentences.json","Gerar primeiro"
"2166","Could you open the trunk?","Você pode abrir o porta-malas?","Rua, direções e transporte","browser","","","","public/data/sentences.json","Gerar primeiro"
"2167","Is this the fastest route?","Este é o caminho mais rápido?","Rua, direções e transporte","browser","","","","public/data/sentences.json","Gerar primeiro"
"2168","You can drop me off here.","Pode me deixar aqui.","Rua, direções e transporte","browser","","","","public/data/sentences.json","Gerar primeiro"
"2169","Please stop on the right.","Por favor, pare à direita.","Rua, direções e transporte","browser","","","","public/data/sentences.json","Gerar primeiro"
"2170","I left something in your car.","Deixei uma coisa no seu carro.","Rua, direções e transporte","browser","","","","public/data/sentences.json","Gerar primeiro"
"2171","Can you give me a ride?","Você pode me dar uma carona?","Rua, direções e transporte","browser","","","","public/data/sentences.json","Gerar primeiro"
"2172","I'll drive this time.","Desta vez eu dirijo.","Rua, direções e transporte","browser","","","","public/data/sentences.json","Gerar primeiro"
"2173","Buckle up.","Coloque o cinto. [Direto]","Rua, direções e transporte","browser","","","","public/data/sentences.json","Gerar primeiro"
"2174","Do you know the way?","Você sabe o caminho?","Rua, direções e transporte","browser","","","","public/data/sentences.json","Gerar primeiro"
"2175","I'll handle the navigation.","Eu cuido da navegação.","Rua, direções e transporte","browser","","","","public/data/sentences.json","Gerar primeiro"
"2176","We need to get some gas.","Precisamos abastecer.","Rua, direções e transporte","browser","","","","public/data/sentences.json","Gerar primeiro"
"2177","There's a gas station ahead.","Tem um posto de gasolina adiante.","Rua, direções e transporte","browser","","","","public/data/sentences.json","Gerar primeiro"
"2178","Could you slow down a little?","Você pode diminuir um pouco a velocidade?","Rua, direções e transporte","browser","","","","public/data/sentences.json","Gerar primeiro"
"2179","Let's pull over somewhere safe.","Vamos encostar em algum lugar seguro.","Rua, direções e transporte","browser","","","","public/data/sentences.json","Gerar primeiro"
"2180","I missed the exit.","Perdi a saída.","Rua, direções e transporte","browser","","","","public/data/sentences.json","Gerar primeiro"
"2181","Is parking allowed here?","É permitido estacionar aqui?","Rua, direções e transporte","browser","","","","public/data/sentences.json","Gerar primeiro"
"2182","Do we have to pay for parking?","Precisamos pagar para estacionar?","Rua, direções e transporte","browser","","","","public/data/sentences.json","Gerar primeiro"
"2183","How long can we stay here?","Quanto tempo podemos ficar aqui?","Rua, direções e transporte","browser","","","","public/data/sentences.json","Gerar primeiro"
"2184","This spot is too tight.","Esta vaga é apertada demais.","Rua, direções e transporte","browser","","","","public/data/sentences.json","Gerar primeiro"
"2185","There's a space opening up.","Está vagando um lugar.","Rua, direções e transporte","browser","","","","public/data/sentences.json","Gerar primeiro"
"2186","Don't block the driveway.","Não bloqueie a entrada da garagem.","Rua, direções e transporte","browser","","","","public/data/sentences.json","Gerar primeiro"
"2187","I can't remember where we parked.","Não lembro onde estacionamos.","Rua, direções e transporte","browser","","","","public/data/sentences.json","Gerar primeiro"
"2188","Take a picture of the parking level.","Tire uma foto do andar do estacionamento.","Rua, direções e transporte","browser","","","","public/data/sentences.json","Gerar primeiro"
"2189","The parking meter has expired.","O tempo do parquímetro acabou.","Rua, direções e transporte","browser","","","","public/data/sentences.json","Gerar primeiro"
"2190","We're parked around the back.","Estacionamos lá atrás.","Rua, direções e transporte","browser","","","","public/data/sentences.json","Gerar primeiro"
"2191","Traffic is barely moving.","O trânsito mal está andando.","Rua, direções e transporte","browser","","","","public/data/sentences.json","Gerar primeiro"
"2192","There's an accident up ahead.","Tem um acidente mais à frente.","Rua, direções e transporte","browser","","","","public/data/sentences.json","Gerar primeiro"
"2193","The road is closed.","A estrada está fechada.","Rua, direções e transporte","browser","","","","public/data/sentences.json","Gerar primeiro"
"2194","We need to take a detour.","Precisamos fazer um desvio.","Rua, direções e transporte","browser","","","","public/data/sentences.json","Gerar primeiro"
"2195","The car won't start.","O carro não dá partida.","Rua, direções e transporte","browser","","","","public/data/sentences.json","Gerar primeiro"
"2196","I think we have a flat tire.","Acho que o pneu furou.","Rua, direções e transporte","browser","","","","public/data/sentences.json","Gerar primeiro"
"2197","We're running low on gas.","Estamos com pouco combustível.","Rua, direções e transporte","browser","","","","public/data/sentences.json","Gerar primeiro"
"2198","Let's call roadside assistance.","Vamos chamar a assistência na estrada.","Rua, direções e transporte","browser","","","","public/data/sentences.json","Gerar primeiro"
"2199","We're going to be late.","Vamos nos atrasar.","Rua, direções e transporte","browser","","","","public/data/sentences.json","Gerar primeiro"
"2200","I'd rather arrive late than rush.","Prefiro chegar atrasado a correr.","Rua, direções e transporte","browser","","","","public/data/sentences.json","Gerar primeiro"
"2201","Where would you like to go?","Para onde você gostaria de ir?","Viagens, hotéis e aeroportos","elevenlabs","Chris","eleven_multilingual_v2","/audio/elevenlabs/2201.mp3","public/data/sentences.json","Revisar apenas se houver um problema"
"2202","How long are we staying?","Por quanto tempo vamos ficar?","Viagens, hotéis e aeroportos","elevenlabs","Chris","eleven_multilingual_v2","/audio/elevenlabs/2202.mp3","public/data/sentences.json","Revisar apenas se houver um problema"
"2203","Let's compare flight options.","Vamos comparar as opções de voo.","Viagens, hotéis e aeroportos","elevenlabs","Chris","eleven_multilingual_v2","/audio/elevenlabs/2203.mp3","public/data/sentences.json","Revisar apenas se houver um problema"
"2204","I'd prefer a direct flight.","Eu preferiria um voo direto.","Viagens, hotéis e aeroportos","elevenlabs","Chris","eleven_multilingual_v2","/audio/elevenlabs/2204.mp3","public/data/sentences.json","Revisar apenas se houver um problema"
"2205","We need to book accommodation.","Precisamos reservar hospedagem.","Viagens, hotéis e aeroportos","elevenlabs","Chris","eleven_multilingual_v2","/audio/elevenlabs/2205.mp3","public/data/sentences.json","Revisar apenas se houver um problema"
"2206","Is breakfast included in the rate?","O café da manhã está incluído na diária?","Viagens, hotéis e aeroportos","elevenlabs","Chris","eleven_multilingual_v2","/audio/elevenlabs/2206.mp3","public/data/sentences.json","Revisar apenas se houver um problema"
"2207","Let's leave some free time in the itinerary.","Vamos deixar algum tempo livre no roteiro.","Viagens, hotéis e aeroportos","elevenlabs","Chris","eleven_multilingual_v2","/audio/elevenlabs/2207.mp3","public/data/sentences.json","Revisar apenas se houver um problema"
"2208","I don't want to plan every minute.","Não quero planejar cada minuto.","Viagens, hotéis e aeroportos","elevenlabs","Chris","eleven_multilingual_v2","/audio/elevenlabs/2208.mp3","public/data/sentences.json","Revisar apenas se houver um problema"
"2209","What should we book in advance?","O que devemos reservar com antecedência?","Viagens, hotéis e aeroportos","elevenlabs","Chris","eleven_multilingual_v2","/audio/elevenlabs/2209.mp3","public/data/sentences.json","Revisar apenas se houver um problema"
"2210","Let's check the cancellation terms.","Vamos conferir as condições de cancelamento.","Viagens, hotéis e aeroportos","elevenlabs","Chris","eleven_multilingual_v2","/audio/elevenlabs/2210.mp3","public/data/sentences.json","Revisar apenas se houver um problema"
"2211","I'm trying to pack light.","Estou tentando levar pouca bagagem.","Viagens, hotéis e aeroportos","elevenlabs","Chris","eleven_multilingual_v2","/audio/elevenlabs/2211.mp3","public/data/sentences.json","Revisar apenas se houver um problema"
"2212","Do I really need to bring this?","Será que preciso mesmo levar isto?","Viagens, hotéis e aeroportos","elevenlabs","Chris","eleven_multilingual_v2","/audio/elevenlabs/2212.mp3","public/data/sentences.json","Revisar apenas se houver um problema"
"2213","I always pack too much.","Sempre levo coisas demais.","Viagens, hotéis e aeroportos","browser","","","","public/data/sentences.json","Gerar primeiro"
"2214","Don't forget the travel adapter.","Não se esqueça do adaptador de tomada.","Viagens, hotéis e aeroportos","browser","","","","public/data/sentences.json","Gerar primeiro"
"2215","My suitcase is already full.","Minha mala já está cheia.","Viagens, hotéis e aeroportos","browser","","","","public/data/sentences.json","Gerar primeiro"
"2216","I'll put the essentials in my carry-on.","Vou colocar o essencial na bagagem de mão.","Viagens, hotéis e aeroportos","browser","","","","public/data/sentences.json","Gerar primeiro"
"2217","Where did I put my passport?","Onde coloquei meu passaporte?","Viagens, hotéis e aeroportos","browser","","","","public/data/sentences.json","Gerar primeiro"
"2218","I need to weigh my bag.","Preciso pesar minha mala.","Viagens, hotéis e aeroportos","browser","","","","public/data/sentences.json","Gerar primeiro"
"2219","Take an extra change of clothes.","Leve uma troca de roupa extra.","Viagens, hotéis e aeroportos","browser","","","","public/data/sentences.json","Gerar primeiro"
"2220","I think I've got everything I need.","Acho que estou com tudo de que preciso.","Viagens, hotéis e aeroportos","browser","","","","public/data/sentences.json","Gerar primeiro"
"2221","Where is the check-in counter?","Onde fica o balcão de check-in?","Viagens, hotéis e aeroportos","browser","","","","public/data/sentences.json","Gerar primeiro"
"2222","I'd like to check this bag.","Gostaria de despachar esta mala.","Viagens, hotéis e aeroportos","browser","","","","public/data/sentences.json","Gerar primeiro"
"2223","Can I keep this as carry-on luggage?","Posso levar isto como bagagem de mão?","Viagens, hotéis e aeroportos","browser","","","","public/data/sentences.json","Gerar primeiro"
"2224","Could I have an aisle seat?","Posso ficar com um assento no corredor?","Viagens, hotéis e aeroportos","browser","","","","public/data/sentences.json","Gerar primeiro"
"2225","I'd prefer a window seat.","Prefiro um assento na janela.","Viagens, hotéis e aeroportos","browser","","","","public/data/sentences.json","Gerar primeiro"
"2226","Are we seated together?","Nossos assentos são juntos?","Viagens, hotéis e aeroportos","browser","","","","public/data/sentences.json","Gerar primeiro"
"2227","Is my bag checked through to the final destination?","Minha bagagem vai direto ao destino final?","Viagens, hotéis e aeroportos","browser","","","","public/data/sentences.json","Gerar primeiro"
"2228","What time does boarding start?","A que horas começa o embarque?","Viagens, hotéis e aeroportos","browser","","","","public/data/sentences.json","Gerar primeiro"
"2229","Which gate should I go to?","Para qual portão devo ir?","Viagens, hotéis e aeroportos","browser","","","","public/data/sentences.json","Gerar primeiro"
"2230","Could you print my boarding pass?","Você pode imprimir meu cartão de embarque?","Viagens, hotéis e aeroportos","browser","","","","public/data/sentences.json","Gerar primeiro"
"2231","Do I need to take my laptop out?","Preciso tirar meu notebook da mochila?","Viagens, hotéis e aeroportos","browser","","","","public/data/sentences.json","Gerar primeiro"
"2232","Should I take my shoes off?","Devo tirar os sapatos?","Viagens, hotéis e aeroportos","browser","","","","public/data/sentences.json","Gerar primeiro"
"2233","Is this allowed in my hand luggage?","Isto é permitido na bagagem de mão?","Viagens, hotéis e aeroportos","browser","","","","public/data/sentences.json","Gerar primeiro"
"2234","I have some medication with me.","Estou levando alguns medicamentos.","Viagens, hotéis e aeroportos","browser","","","","public/data/sentences.json","Gerar primeiro"
"2235","The gate has changed.","O portão mudou.","Viagens, hotéis e aeroportos","browser","","","","public/data/sentences.json","Gerar primeiro"
"2236","Our flight is boarding now.","Nosso voo está embarcando agora.","Viagens, hotéis e aeroportos","browser","","","","public/data/sentences.json","Gerar primeiro"
"2237","Are they boarding our group yet?","Já estão embarcando nosso grupo?","Viagens, hotéis e aeroportos","browser","","","","public/data/sentences.json","Gerar primeiro"
"2238","I'm looking for gate twelve.","Estou procurando o portão doze.","Viagens, hotéis e aeroportos","browser","","","","public/data/sentences.json","Gerar primeiro"
"2239","Is this the line for this flight?","Esta é a fila deste voo?","Viagens, hotéis e aeroportos","browser","","","","public/data/sentences.json","Gerar primeiro"
"2240","I think they're making the final call.","Acho que estão fazendo a última chamada.","Viagens, hotéis e aeroportos","browser","","","","public/data/sentences.json","Gerar primeiro"
"2241","Excuse me, I think this is my seat.","Com licença, acho que este é meu assento.","Viagens, hotéis e aeroportos","browser","","","","public/data/sentences.json","Gerar primeiro"
"2242","Could you help me with my bag?","Você pode me ajudar com minha mala?","Viagens, hotéis e aeroportos","browser","","","","public/data/sentences.json","Gerar primeiro"
"2243","Can I put this under the seat?","Posso colocar isto embaixo do assento?","Viagens, hotéis e aeroportos","browser","","","","public/data/sentences.json","Gerar primeiro"
"2244","Would you mind letting me through?","Você pode me dar passagem?","Viagens, hotéis e aeroportos","browser","","","","public/data/sentences.json","Gerar primeiro"
"2245","Could I have a blanket?","Pode me dar um cobertor?","Viagens, hotéis e aeroportos","browser","","","","public/data/sentences.json","Gerar primeiro"
"2246","Do you have headphones available?","Vocês têm fones disponíveis?","Viagens, hotéis e aeroportos","browser","","","","public/data/sentences.json","Gerar primeiro"
"2247","How long until we land?","Quanto tempo falta para pousarmos?","Viagens, hotéis e aeroportos","browser","","","","public/data/sentences.json","Gerar primeiro"
"2248","I'm feeling a little airsick.","Estou um pouco enjoado com o voo.","Viagens, hotéis e aeroportos","browser","","","","public/data/sentences.json","Gerar primeiro"
"2249","Could I have some water, please?","Pode me dar um pouco de água, por favor?","Viagens, hotéis e aeroportos","browser","","","","public/data/sentences.json","Gerar primeiro"
"2250","The seat in front is pushed back quite far.","O assento da frente está bastante reclinado.","Viagens, hotéis e aeroportos","browser","","","","public/data/sentences.json","Gerar primeiro"
"2251","My flight has been canceled.","Meu voo foi cancelado.","Viagens, hotéis e aeroportos","browser","","","","public/data/sentences.json","Gerar primeiro"
"2252","I might miss my connection.","Talvez eu perca minha conexão.","Viagens, hotéis e aeroportos","browser","","","","public/data/sentences.json","Gerar primeiro"
"2253","What are my rebooking options?","Quais são minhas opções de remarcação?","Viagens, hotéis e aeroportos","browser","","","","public/data/sentences.json","Gerar primeiro"
"2254","Can you put me on a later flight?","Você pode me colocar em um voo mais tarde?","Viagens, hotéis e aeroportos","browser","","","","public/data/sentences.json","Gerar primeiro"
"2255","Where do I collect my luggage?","Onde retiro minha bagagem?","Viagens, hotéis e aeroportos","browser","","","","public/data/sentences.json","Gerar primeiro"
"2256","My suitcase hasn't arrived.","Minha mala não chegou.","Viagens, hotéis e aeroportos","browser","","","","public/data/sentences.json","Gerar primeiro"
"2257","This bag looks like mine, but it isn't.","Esta mala parece a minha, mas não é.","Viagens, hotéis e aeroportos","browser","","","","public/data/sentences.json","Gerar primeiro"
"2258","I'd like to report missing luggage.","Gostaria de informar o extravio de uma bagagem.","Viagens, hotéis e aeroportos","browser","","","","public/data/sentences.json","Gerar primeiro"
"2259","Here's my baggage claim tag.","Aqui está meu comprovante de bagagem.","Viagens, hotéis e aeroportos","browser","","","","public/data/sentences.json","Gerar primeiro"
"2260","How will you contact me when it's found?","Como vocês vão me avisar quando encontrarem?","Viagens, hotéis e aeroportos","browser","","","","public/data/sentences.json","Gerar primeiro"
"2261","I have a reservation for three nights.","Tenho uma reserva para três noites.","Viagens, hotéis e aeroportos","browser","","","","public/data/sentences.json","Gerar primeiro"
"2262","I'd like to check in.","Gostaria de fazer o check-in.","Viagens, hotéis e aeroportos","browser","","","","public/data/sentences.json","Gerar primeiro"
"2263","Is early check-in possible?","É possível entrar antes do horário de check-in?","Viagens, hotéis e aeroportos","browser","","","","public/data/sentences.json","Gerar primeiro"
"2264","Could you store my luggage until then?","Vocês podem guardar minha bagagem até lá?","Viagens, hotéis e aeroportos","browser","","","","public/data/sentences.json","Gerar primeiro"
"2265","What time is breakfast served?","A que horas é servido o café da manhã?","Viagens, hotéis e aeroportos","browser","","","","public/data/sentences.json","Gerar primeiro"
"2266","What's the Wi-Fi password?","Qual é a senha do Wi-Fi?","Viagens, hotéis e aeroportos","browser","","","","public/data/sentences.json","Gerar primeiro"
"2267","Which floor is my room on?","Em qual andar fica meu quarto?","Viagens, hotéis e aeroportos","browser","","","","public/data/sentences.json","Gerar primeiro"
"2268","Is there an elevator?","Há elevador?","Viagens, hotéis e aeroportos","browser","","","","public/data/sentences.json","Gerar primeiro"
"2269","Could I have a second key card?","Posso receber um segundo cartão-chave?","Viagens, hotéis e aeroportos","browser","","","","public/data/sentences.json","Gerar primeiro"
"2270","What time is checkout?","Qual é o horário de saída?","Viagens, hotéis e aeroportos","browser","","","","public/data/sentences.json","Gerar primeiro"
"2271","The key card isn't working.","O cartão-chave não está funcionando.","Viagens, hotéis e aeroportos","browser","","","","public/data/sentences.json","Gerar primeiro"
"2272","The room hasn't been cleaned.","O quarto não foi limpo.","Viagens, hotéis e aeroportos","browser","","","","public/data/sentences.json","Gerar primeiro"
"2273","Could we have some clean towels?","Podemos receber algumas toalhas limpas?","Viagens, hotéis e aeroportos","browser","","","","public/data/sentences.json","Gerar primeiro"
"2274","The room next door is very noisy.","O quarto ao lado está muito barulhento.","Viagens, hotéis e aeroportos","browser","","","","public/data/sentences.json","Gerar primeiro"
"2275","Could we change rooms?","Podemos trocar de quarto?","Viagens, hotéis e aeroportos","browser","","","","public/data/sentences.json","Gerar primeiro"
"2276","The air conditioning won't turn off.","O ar-condicionado não desliga.","Viagens, hotéis e aeroportos","browser","","","","public/data/sentences.json","Gerar primeiro"
"2277","There's no soap in the bathroom.","Não tem sabonete no banheiro.","Viagens, hotéis e aeroportos","browser","","","","public/data/sentences.json","Gerar primeiro"
"2278","Could you send someone to check it?","Vocês podem mandar alguém verificar?","Viagens, hotéis e aeroportos","browser","","","","public/data/sentences.json","Gerar primeiro"
"2279","I'd like a wake-up call at six.","Gostaria de uma ligação para acordar às seis.","Viagens, hotéis e aeroportos","browser","","","","public/data/sentences.json","Gerar primeiro"
"2280","Please don't disturb us this morning.","Por favor, não nos incomodem nesta manhã.","Viagens, hotéis e aeroportos","browser","","","","public/data/sentences.json","Gerar primeiro"
"2281","What would you recommend nearby?","O que você recomenda aqui perto?","Viagens, hotéis e aeroportos","browser","","","","public/data/sentences.json","Gerar primeiro"
"2282","How do we get to the old town?","Como chegamos ao centro histórico?","Viagens, hotéis e aeroportos","browser","","","","public/data/sentences.json","Gerar primeiro"
"2283","Do we need to buy tickets in advance?","Precisamos comprar ingressos com antecedência?","Viagens, hotéis e aeroportos","browser","","","","public/data/sentences.json","Gerar primeiro"
"2284","Is there a guided tour in English?","Há uma visita guiada em inglês?","Viagens, hotéis e aeroportos","browser","","","","public/data/sentences.json","Gerar primeiro"
"2285","How long does the tour last?","Quanto tempo dura o passeio?","Viagens, hotéis e aeroportos","browser","","","","public/data/sentences.json","Gerar primeiro"
"2286","Are photos allowed inside?","É permitido tirar fotos lá dentro?","Viagens, hotéis e aeroportos","browser","","","","public/data/sentences.json","Gerar primeiro"
"2287","Could you take a picture of us?","Você pode tirar uma foto nossa?","Viagens, hotéis e aeroportos","browser","","","","public/data/sentences.json","Gerar primeiro"
"2288","Let's get off the beaten path.","Vamos sair dos lugares mais turísticos. [Informal]","Viagens, hotéis e aeroportos","browser","","","","public/data/sentences.json","Gerar primeiro"
"2289","I'd like to try something local.","Gostaria de experimentar algo local.","Viagens, hotéis e aeroportos","browser","","","","public/data/sentences.json","Gerar primeiro"
"2290","Let's leave before it gets too crowded.","Vamos sair antes que fique cheio demais.","Viagens, hotéis e aeroportos","browser","","","","public/data/sentences.json","Gerar primeiro"
"2291","I'd like to check out now.","Gostaria de fazer o checkout agora.","Viagens, hotéis e aeroportos","browser","","","","public/data/sentences.json","Gerar primeiro"
"2292","Could you arrange a taxi for us?","Vocês podem chamar um táxi para nós?","Viagens, hotéis e aeroportos","browser","","","","public/data/sentences.json","Gerar primeiro"
"2293","Can we leave our bags here for a few hours?","Podemos deixar nossas malas aqui por algumas horas?","Viagens, hotéis e aeroportos","browser","","","","public/data/sentences.json","Gerar primeiro"
"2294","Could I have a copy of the invoice?","Posso receber uma cópia da nota?","Viagens, hotéis e aeroportos","browser","","","","public/data/sentences.json","Gerar primeiro"
"2295","We had a great stay.","Tivemos uma ótima estadia.","Viagens, hotéis e aeroportos","browser","","","","public/data/sentences.json","Gerar primeiro"
"2296","I'm not ready for the trip to end.","Ainda não quero que a viagem acabe.","Viagens, hotéis e aeroportos","browser","","","","public/data/sentences.json","Gerar primeiro"
"2297","It was worth the journey.","A viagem valeu a pena.","Viagens, hotéis e aeroportos","browser","","","","public/data/sentences.json","Gerar primeiro"
"2298","I need a day to recover from the trip.","Preciso de um dia para descansar da viagem.","Viagens, hotéis e aeroportos","browser","","","","public/data/sentences.json","Gerar primeiro"
"2299","I'm still getting over the jet lag.","Ainda estou me recuperando da mudança de fuso.","Viagens, hotéis e aeroportos","browser","","","","public/data/sentences.json","Gerar primeiro"
"2300","It's good to be sleeping in my own bed.","É bom dormir na minha própria cama.","Viagens, hotéis e aeroportos","browser","","","","public/data/sentences.json","Gerar primeiro"
"2301","I'm not feeling well.","Não estou me sentindo bem.","Saúde, corpo e bem-estar","elevenlabs","Chris","eleven_multilingual_v2","/audio/elevenlabs/2301.mp3","public/data/sentences.json","Revisar apenas se houver um problema"
"2302","I feel a bit off today.","Hoje estou me sentindo meio estranho.","Saúde, corpo e bem-estar","elevenlabs","Chris","eleven_multilingual_v2","/audio/elevenlabs/2302.mp3","public/data/sentences.json","Revisar apenas se houver um problema"
"2303","I think I'm coming down with something.","Acho que estou ficando doente.","Saúde, corpo e bem-estar","elevenlabs","Chris","eleven_multilingual_v2","/audio/elevenlabs/2303.mp3","public/data/sentences.json","Revisar apenas se houver um problema"
"2304","I feel dizzy.","Estou tonto.","Saúde, corpo e bem-estar","elevenlabs","Chris","eleven_multilingual_v2","/audio/elevenlabs/2304.mp3","public/data/sentences.json","Revisar apenas se houver um problema"
"2305","I'm feeling nauseous.","Estou enjoado.","Saúde, corpo e bem-estar","elevenlabs","Chris","eleven_multilingual_v2","/audio/elevenlabs/2305.mp3","public/data/sentences.json","Revisar apenas se houver um problema"
"2306","I've got a headache.","Estou com dor de cabeça.","Saúde, corpo e bem-estar","elevenlabs","Chris","eleven_multilingual_v2","/audio/elevenlabs/2306.mp3","public/data/sentences.json","Revisar apenas se houver um problema"
"2307","My stomach hurts.","Minha barriga está doendo.","Saúde, corpo e bem-estar","elevenlabs","Chris","eleven_multilingual_v2","/audio/elevenlabs/2307.mp3","public/data/sentences.json","Revisar apenas se houver um problema"
"2308","I feel weak and tired.","Estou me sentindo fraco e cansado.","Saúde, corpo e bem-estar","elevenlabs","Chris","eleven_multilingual_v2","/audio/elevenlabs/2308.mp3","public/data/sentences.json","Revisar apenas se houver um problema"
"2309","I don't have much of an appetite.","Estou sem muito apetite.","Saúde, corpo e bem-estar","elevenlabs","Chris","eleven_multilingual_v2","/audio/elevenlabs/2309.mp3","public/data/sentences.json","Revisar apenas se houver um problema"
"2310","Something doesn't feel normal.","Alguma coisa não parece normal.","Saúde, corpo e bem-estar","elevenlabs","Chris","eleven_multilingual_v2","/audio/elevenlabs/2310.mp3","public/data/sentences.json","Revisar apenas se houver um problema"
"2311","Where does it hurt?","Onde dói?","Saúde, corpo e bem-estar","elevenlabs","Chris","eleven_multilingual_v2","/audio/elevenlabs/2311.mp3","public/data/sentences.json","Revisar apenas se houver um problema"
"2312","It hurts right here.","Dói bem aqui.","Saúde, corpo e bem-estar","elevenlabs","Chris","eleven_multilingual_v2","/audio/elevenlabs/2312.mp3","public/data/sentences.json","Revisar apenas se houver um problema"
"2313","The pain comes and goes.","A dor vai e volta.","Saúde, corpo e bem-estar","browser","","","","public/data/sentences.json","Gerar primeiro"
"2314","It's a sharp pain.","É uma dor aguda.","Saúde, corpo e bem-estar","browser","","","","public/data/sentences.json","Gerar primeiro"
"2315","It's more of a dull ache.","É mais uma dor fraca e persistente.","Saúde, corpo e bem-estar","browser","","","","public/data/sentences.json","Gerar primeiro"
"2316","It gets worse when I move.","Piora quando me movimento.","Saúde, corpo e bem-estar","browser","","","","public/data/sentences.json","Gerar primeiro"
"2317","It started this morning.","Começou nesta manhã.","Saúde, corpo e bem-estar","browser","","","","public/data/sentences.json","Gerar primeiro"
"2318","I've had it for a few days.","Estou com isso há alguns dias.","Saúde, corpo e bem-estar","browser","","","","public/data/sentences.json","Gerar primeiro"
"2319","It feels better when I rest.","Melhora quando descanso.","Saúde, corpo e bem-estar","browser","","","","public/data/sentences.json","Gerar primeiro"
"2320","The pain is getting stronger.","A dor está ficando mais forte.","Saúde, corpo e bem-estar","browser","","","","public/data/sentences.json","Gerar primeiro"
"2321","I've got a sore throat.","Estou com dor de garganta.","Saúde, corpo e bem-estar","browser","","","","public/data/sentences.json","Gerar primeiro"
"2322","My nose is blocked.","Meu nariz está entupido.","Saúde, corpo e bem-estar","browser","","","","public/data/sentences.json","Gerar primeiro"
"2323","I can't stop sneezing.","Não consigo parar de espirrar.","Saúde, corpo e bem-estar","browser","","","","public/data/sentences.json","Gerar primeiro"
"2324","I've been coughing all night.","Fiquei tossindo a noite inteira.","Saúde, corpo e bem-estar","browser","","","","public/data/sentences.json","Gerar primeiro"
"2325","I think I have a fever.","Acho que estou com febre.","Saúde, corpo e bem-estar","browser","","","","public/data/sentences.json","Gerar primeiro"
"2326","I've lost my voice.","Fiquei sem voz.","Saúde, corpo e bem-estar","browser","","","","public/data/sentences.json","Gerar primeiro"
"2327","My eyes are itchy.","Meus olhos estão coçando.","Saúde, corpo e bem-estar","browser","","","","public/data/sentences.json","Gerar primeiro"
"2328","I feel short of breath.","Estou com falta de ar.","Saúde, corpo e bem-estar","browser","","","","public/data/sentences.json","Gerar primeiro"
"2329","I'm having trouble swallowing.","Estou com dificuldade para engolir.","Saúde, corpo e bem-estar","browser","","","","public/data/sentences.json","Gerar primeiro"
"2330","The symptoms haven't improved.","Os sintomas não melhoraram.","Saúde, corpo e bem-estar","browser","","","","public/data/sentences.json","Gerar primeiro"
"2331","I'd like to see a doctor.","Gostaria de passar com um médico.","Saúde, corpo e bem-estar","browser","","","","public/data/sentences.json","Gerar primeiro"
"2332","Is there an appointment available today?","Há alguma consulta disponível hoje?","Saúde, corpo e bem-estar","browser","","","","public/data/sentences.json","Gerar primeiro"
"2333","I need to see a specialist.","Preciso passar com um especialista.","Saúde, corpo e bem-estar","browser","","","","public/data/sentences.json","Gerar primeiro"
"2334","I'm here for a follow-up appointment.","Estou aqui para uma consulta de retorno.","Saúde, corpo e bem-estar","browser","","","","public/data/sentences.json","Gerar primeiro"
"2335","Do I need to fill out this form?","Preciso preencher este formulário?","Saúde, corpo e bem-estar","browser","","","","public/data/sentences.json","Gerar primeiro"
"2336","I have my test results with me.","Estou com meus resultados de exames.","Saúde, corpo e bem-estar","browser","","","","public/data/sentences.json","Gerar primeiro"
"2337","Could someone help me with the paperwork?","Alguém pode me ajudar com os formulários?","Saúde, corpo e bem-estar","browser","","","","public/data/sentences.json","Gerar primeiro"
"2338","I've been waiting for my name to be called.","Estou esperando chamarem meu nome.","Saúde, corpo e bem-estar","browser","","","","public/data/sentences.json","Gerar primeiro"
"2339","How long will the appointment take?","Quanto tempo vai durar a consulta?","Saúde, corpo e bem-estar","browser","","","","public/data/sentences.json","Gerar primeiro"
"2340","Can I bring someone in with me?","Posso entrar acompanhado?","Saúde, corpo e bem-estar","browser","","","","public/data/sentences.json","Gerar primeiro"
"2341","I take this medication every day.","Tomo este medicamento todos os dias.","Saúde, corpo e bem-estar","browser","","","","public/data/sentences.json","Gerar primeiro"
"2342","I'm allergic to this medicine.","Tenho alergia a este medicamento.","Saúde, corpo e bem-estar","browser","","","","public/data/sentences.json","Gerar primeiro"
"2343","I've had this problem before.","Já tive este problema antes.","Saúde, corpo e bem-estar","browser","","","","public/data/sentences.json","Gerar primeiro"
"2344","Could you explain the results to me?","Você pode me explicar os resultados?","Saúde, corpo e bem-estar","browser","","","","public/data/sentences.json","Gerar primeiro"
"2345","What are the possible side effects?","Quais são os possíveis efeitos colaterais?","Saúde, corpo e bem-estar","browser","","","","public/data/sentences.json","Gerar primeiro"
"2346","How should I take this medication?","Como devo tomar este medicamento?","Saúde, corpo e bem-estar","browser","","","","public/data/sentences.json","Gerar primeiro"
"2347","When should I come back?","Quando devo voltar?","Saúde, corpo e bem-estar","browser","","","","public/data/sentences.json","Gerar primeiro"
"2348","What symptoms should I watch for?","A quais sintomas devo prestar atenção?","Saúde, corpo e bem-estar","browser","","","","public/data/sentences.json","Gerar primeiro"
"2349","Could you write the instructions down?","Você pode escrever as orientações?","Saúde, corpo e bem-estar","browser","","","","public/data/sentences.json","Gerar primeiro"
"2350","I want to make sure I understood correctly.","Quero ter certeza de que entendi corretamente.","Saúde, corpo e bem-estar","browser","","","","public/data/sentences.json","Gerar primeiro"
"2351","I'd like to speak to the pharmacist.","Gostaria de falar com o farmacêutico.","Saúde, corpo e bem-estar","browser","","","","public/data/sentences.json","Gerar primeiro"
"2352","Do I need a prescription for this?","Preciso de receita para isto?","Saúde, corpo e bem-estar","browser","","","","public/data/sentences.json","Gerar primeiro"
"2353","Is there a generic version?","Existe uma versão genérica?","Saúde, corpo e bem-estar","browser","","","","public/data/sentences.json","Gerar primeiro"
"2354","I need to refill my prescription.","Preciso comprar novamente meu medicamento de uso prescrito.","Saúde, corpo e bem-estar","browser","","","","public/data/sentences.json","Gerar primeiro"
"2355","How often should I take it?","Com que frequência devo tomar?","Saúde, corpo e bem-estar","browser","","","","public/data/sentences.json","Gerar primeiro"
"2356","Should I take it with food?","Devo tomar junto com comida?","Saúde, corpo e bem-estar","browser","","","","public/data/sentences.json","Gerar primeiro"
"2357","Can I take this with my other medication?","Posso tomar isto com meu outro medicamento?","Saúde, corpo e bem-estar","browser","","","","public/data/sentences.json","Gerar primeiro"
"2358","Does this cause drowsiness?","Isto causa sonolência?","Saúde, corpo e bem-estar","browser","","","","public/data/sentences.json","Gerar primeiro"
"2359","I couldn't read the label.","Não consegui ler o rótulo.","Saúde, corpo e bem-estar","browser","","","","public/data/sentences.json","Gerar primeiro"
"2360","Could you explain the dosage again?","Você pode explicar a dosagem novamente?","Saúde, corpo e bem-estar","browser","","","","public/data/sentences.json","Gerar primeiro"
"2361","I'm taking the day off to rest.","Vou tirar o dia para descansar.","Saúde, corpo e bem-estar","browser","","","","public/data/sentences.json","Gerar primeiro"
"2362","I'm feeling a little better.","Estou me sentindo um pouco melhor.","Saúde, corpo e bem-estar","browser","","","","public/data/sentences.json","Gerar primeiro"
"2363","I'm not fully recovered yet.","Ainda não estou totalmente recuperado.","Saúde, corpo e bem-estar","browser","","","","public/data/sentences.json","Gerar primeiro"
"2364","I need to take it easy.","Preciso pegar leve.","Saúde, corpo e bem-estar","browser","","","","public/data/sentences.json","Gerar primeiro"
"2365","I don't want to overdo it.","Não quero exagerar.","Saúde, corpo e bem-estar","browser","","","","public/data/sentences.json","Gerar primeiro"
"2366","Could you bring me some water?","Você pode me trazer um pouco de água?","Saúde, corpo e bem-estar","browser","","","","public/data/sentences.json","Gerar primeiro"
"2367","I'll let you know how I'm doing.","Vou avisando como estou.","Saúde, corpo e bem-estar","browser","","","","public/data/sentences.json","Gerar primeiro"
"2368","I'm going to stay home today.","Hoje vou ficar em casa.","Saúde, corpo e bem-estar","browser","","","","public/data/sentences.json","Gerar primeiro"
"2369","I need some help with everyday things.","Preciso de ajuda com as coisas do dia a dia.","Saúde, corpo e bem-estar","browser","","","","public/data/sentences.json","Gerar primeiro"
"2370","I'm glad the worst seems to be over.","Fico feliz que o pior pareça ter passado.","Saúde, corpo e bem-estar","browser","","","","public/data/sentences.json","Gerar primeiro"
"2371","I'm trying to be more active.","Estou tentando ser mais ativo.","Saúde, corpo e bem-estar","browser","","","","public/data/sentences.json","Gerar primeiro"
"2372","Let's go for a short walk.","Vamos fazer uma caminhada curta.","Saúde, corpo e bem-estar","browser","","","","public/data/sentences.json","Gerar primeiro"
"2373","I haven't exercised in a while.","Faz tempo que não faço exercício.","Saúde, corpo e bem-estar","browser","","","","public/data/sentences.json","Gerar primeiro"
"2374","I'm out of breath.","Estou sem fôlego.","Saúde, corpo e bem-estar","browser","","","","public/data/sentences.json","Gerar primeiro"
"2375","My legs are sore from yesterday.","Minhas pernas estão doloridas por causa de ontem.","Saúde, corpo e bem-estar","browser","","","","public/data/sentences.json","Gerar primeiro"
"2376","I need to warm up first.","Preciso me aquecer primeiro.","Saúde, corpo e bem-estar","browser","","","","public/data/sentences.json","Gerar primeiro"
"2377","I'll go at my own pace.","Vou no meu ritmo.","Saúde, corpo e bem-estar","browser","","","","public/data/sentences.json","Gerar primeiro"
"2378","That workout was tougher than I expected.","Esse treino foi mais puxado do que eu esperava.","Saúde, corpo e bem-estar","browser","","","","public/data/sentences.json","Gerar primeiro"
"2379","I'm focusing on consistency.","Estou focando na constância.","Saúde, corpo e bem-estar","browser","","","","public/data/sentences.json","Gerar primeiro"
"2380","I feel better when I move around.","Sinto-me melhor quando me movimento.","Saúde, corpo e bem-estar","browser","","","","public/data/sentences.json","Gerar primeiro"
"2381","I need medical help.","Preciso de ajuda médica.","Saúde, corpo e bem-estar","browser","","","","public/data/sentences.json","Gerar primeiro"
"2382","Please call an ambulance.","Por favor, chame uma ambulância.","Saúde, corpo e bem-estar","browser","","","","public/data/sentences.json","Gerar primeiro"
"2383","I'm having chest pain.","Estou com dor no peito.","Saúde, corpo e bem-estar","browser","","","","public/data/sentences.json","Gerar primeiro"
"2384","I can't breathe properly.","Não consigo respirar direito.","Saúde, corpo e bem-estar","browser","","","","public/data/sentences.json","Gerar primeiro"
"2385","Someone has collapsed.","Alguém caiu e perdeu os sentidos.","Saúde, corpo e bem-estar","browser","","","","public/data/sentences.json","Gerar primeiro"
"2386","She's not responding.","Ela não está respondendo.","Saúde, corpo e bem-estar","browser","","","","public/data/sentences.json","Gerar primeiro"
"2387","Is there a doctor nearby?","Há um médico por perto?","Saúde, corpo e bem-estar","browser","","","","public/data/sentences.json","Gerar primeiro"
"2388","Please stay with me.","Por favor, fique comigo.","Saúde, corpo e bem-estar","browser","","","","public/data/sentences.json","Gerar primeiro"
"2389","My emergency contact is on my phone.","Meu contato de emergência está no celular.","Saúde, corpo e bem-estar","browser","","","","public/data/sentences.json","Gerar primeiro"
"2390","I don't feel safe being alone right now.","Não me sinto seguro sozinho neste momento.","Saúde, corpo e bem-estar","browser","","","","public/data/sentences.json","Gerar primeiro"
"2391","How are you feeling today?","Como você está se sentindo hoje?","Saúde, corpo e bem-estar","browser","","","","public/data/sentences.json","Gerar primeiro"
"2392","Do you need anything from me?","Você precisa de alguma coisa de mim?","Saúde, corpo e bem-estar","browser","","","","public/data/sentences.json","Gerar primeiro"
"2393","I'm trying to manage my stress.","Estou tentando lidar melhor com meu estresse.","Saúde, corpo e bem-estar","browser","","","","public/data/sentences.json","Gerar primeiro"
"2394","I need more balance in my routine.","Preciso de mais equilíbrio na rotina.","Saúde, corpo e bem-estar","browser","","","","public/data/sentences.json","Gerar primeiro"
"2395","I'm thinking about talking to a professional.","Estou pensando em conversar com um profissional.","Saúde, corpo e bem-estar","browser","","","","public/data/sentences.json","Gerar primeiro"
"2396","I don't want advice right now, just company.","Não quero conselhos agora, só companhia.","Saúde, corpo e bem-estar","browser","","","","public/data/sentences.json","Gerar primeiro"
"2397","Thanks for checking on me.","Obrigado por perguntar como estou.","Saúde, corpo e bem-estar","browser","","","","public/data/sentences.json","Gerar primeiro"
"2398","It's hard to explain how I feel.","É difícil explicar como me sinto.","Saúde, corpo e bem-estar","browser","","","","public/data/sentences.json","Gerar primeiro"
"2399","I'm taking my health more seriously.","Estou levando minha saúde mais a sério.","Saúde, corpo e bem-estar","browser","","","","public/data/sentences.json","Gerar primeiro"
"2400","I know I don't have to deal with everything alone.","Sei que não preciso lidar com tudo sozinho.","Saúde, corpo e bem-estar","browser","","","","public/data/sentences.json","Gerar primeiro"
"2401","What do you feel like watching?","O que você está com vontade de assistir?","Lazer, filmes, jogos e hobbies","elevenlabs","Chris","eleven_multilingual_v2","/audio/elevenlabs/2401.mp3","public/data/sentences.json","Revisar apenas se houver um problema"
"2402","I'm in the mood for a comedy.","Estou a fim de uma comédia.","Lazer, filmes, jogos e hobbies","elevenlabs","Chris","eleven_multilingual_v2","/audio/elevenlabs/2402.mp3","public/data/sentences.json","Revisar apenas se houver um problema"
"2403","Let's watch something light.","Vamos ver algo leve.","Lazer, filmes, jogos e hobbies","elevenlabs","Chris","eleven_multilingual_v2","/audio/elevenlabs/2403.mp3","public/data/sentences.json","Revisar apenas se houver um problema"
"2404","Have you seen this one?","Você já viu este?","Lazer, filmes, jogos e hobbies","elevenlabs","Chris","eleven_multilingual_v2","/audio/elevenlabs/2404.mp3","public/data/sentences.json","Revisar apenas se houver um problema"
"2405","I've heard good things about it.","Ouvi coisas boas sobre isso.","Lazer, filmes, jogos e hobbies","elevenlabs","Chris","eleven_multilingual_v2","/audio/elevenlabs/2405.mp3","public/data/sentences.json","Revisar apenas se houver um problema"
"2406","The trailer looks promising.","O trailer parece promissor.","Lazer, filmes, jogos e hobbies","elevenlabs","Chris","eleven_multilingual_v2","/audio/elevenlabs/2406.mp3","public/data/sentences.json","Revisar apenas se houver um problema"
"2407","I don't want anything too long.","Não quero nada longo demais.","Lazer, filmes, jogos e hobbies","elevenlabs","Chris","eleven_multilingual_v2","/audio/elevenlabs/2407.mp3","public/data/sentences.json","Revisar apenas se houver um problema"
"2408","Let's pick something we haven't seen.","Vamos escolher algo que ainda não vimos.","Lazer, filmes, jogos e hobbies","elevenlabs","Chris","eleven_multilingual_v2","/audio/elevenlabs/2408.mp3","public/data/sentences.json","Revisar apenas se houver um problema"
"2409","I'm not really into horror movies.","Não curto muito filmes de terror.","Lazer, filmes, jogos e hobbies","elevenlabs","Chris","eleven_multilingual_v2","/audio/elevenlabs/2409.mp3","public/data/sentences.json","Revisar apenas se houver um problema"
"2410","You choose the movie; I'll make the popcorn.","Você escolhe o filme; eu faço a pipoca.","Lazer, filmes, jogos e hobbies","elevenlabs","Chris","eleven_multilingual_v2","/audio/elevenlabs/2410.mp3","public/data/sentences.json","Revisar apenas se houver um problema"
"2411","Pause it for a second.","Pause um segundo.","Lazer, filmes, jogos e hobbies","elevenlabs","Chris","eleven_multilingual_v2","/audio/elevenlabs/2411.mp3","public/data/sentences.json","Revisar apenas se houver um problema"
"2412","Could you rewind that part?","Você pode voltar aquela parte?","Lazer, filmes, jogos e hobbies","elevenlabs","Chris","eleven_multilingual_v2","/audio/elevenlabs/2412.mp3","public/data/sentences.json","Revisar apenas se houver um problema"
"2413","I missed what she said.","Não ouvi o que ela disse.","Lazer, filmes, jogos e hobbies","browser","","","","public/data/sentences.json","Gerar primeiro"
"2414","Turn the volume up a little.","Aumente um pouco o volume.","Lazer, filmes, jogos e hobbies","browser","","","","public/data/sentences.json","Gerar primeiro"
"2415","Don't tell me what happens.","Não me conte o que acontece.","Lazer, filmes, jogos e hobbies","browser","","","","public/data/sentences.json","Gerar primeiro"
"2416","No spoilers, please.","Sem spoilers, por favor.","Lazer, filmes, jogos e hobbies","browser","","","","public/data/sentences.json","Gerar primeiro"
"2417","I knew that was going to happen.","Eu sabia que aquilo ia acontecer.","Lazer, filmes, jogos e hobbies","browser","","","","public/data/sentences.json","Gerar primeiro"
"2418","Who is that character again?","Quem é mesmo aquele personagem?","Lazer, filmes, jogos e hobbies","browser","","","","public/data/sentences.json","Gerar primeiro"
"2419","That scene was really well done.","Aquela cena foi muito bem-feita.","Lazer, filmes, jogos e hobbies","browser","","","","public/data/sentences.json","Gerar primeiro"
"2420","Wait, are they related?","Espere, eles são parentes?","Lazer, filmes, jogos e hobbies","browser","","","","public/data/sentences.json","Gerar primeiro"
"2421","I really enjoyed it.","Gostei muito.","Lazer, filmes, jogos e hobbies","browser","","","","public/data/sentences.json","Gerar primeiro"
"2422","It wasn't my kind of movie.","Não era meu tipo de filme.","Lazer, filmes, jogos e hobbies","browser","","","","public/data/sentences.json","Gerar primeiro"
"2423","The ending let me down.","O final me decepcionou.","Lazer, filmes, jogos e hobbies","browser","","","","public/data/sentences.json","Gerar primeiro"
"2424","It was better than the first one.","Foi melhor que o primeiro.","Lazer, filmes, jogos e hobbies","browser","","","","public/data/sentences.json","Gerar primeiro"
"2425","The acting was convincing.","A atuação foi convincente.","Lazer, filmes, jogos e hobbies","browser","","","","public/data/sentences.json","Gerar primeiro"
"2426","The plot didn't make much sense.","O enredo não fez muito sentido.","Lazer, filmes, jogos e hobbies","browser","","","","public/data/sentences.json","Gerar primeiro"
"2427","It started slowly but got better.","Começou devagar, mas melhorou.","Lazer, filmes, jogos e hobbies","browser","","","","public/data/sentences.json","Gerar primeiro"
"2428","I couldn't stop watching.","Não conseguia parar de assistir.","Lazer, filmes, jogos e hobbies","browser","","","","public/data/sentences.json","Gerar primeiro"
"2429","I'd watch it again.","Eu assistiria de novo.","Lazer, filmes, jogos e hobbies","browser","","","","public/data/sentences.json","Gerar primeiro"
"2430","It's worth watching at least once.","Vale assistir pelo menos uma vez.","Lazer, filmes, jogos e hobbies","browser","","","","public/data/sentences.json","Gerar primeiro"
"2431","What episode are you on?","Em que episódio você está?","Lazer, filmes, jogos e hobbies","browser","","","","public/data/sentences.json","Gerar primeiro"
"2432","I'm only on the first season.","Ainda estou na primeira temporada.","Lazer, filmes, jogos e hobbies","browser","","","","public/data/sentences.json","Gerar primeiro"
"2433","I watched three episodes in a row.","Assisti a três episódios seguidos.","Lazer, filmes, jogos e hobbies","browser","","","","public/data/sentences.json","Gerar primeiro"
"2434","Let's watch just one more.","Vamos assistir só mais um.","Lazer, filmes, jogos e hobbies","browser","","","","public/data/sentences.json","Gerar primeiro"
"2435","The next season isn't out yet.","A próxima temporada ainda não saiu.","Lazer, filmes, jogos e hobbies","browser","","","","public/data/sentences.json","Gerar primeiro"
"2436","I stopped watching halfway through.","Parei de assistir pela metade.","Lazer, filmes, jogos e hobbies","browser","","","","public/data/sentences.json","Gerar primeiro"
"2437","I can't remember where we left off.","Não lembro onde paramos.","Lazer, filmes, jogos e hobbies","browser","","","","public/data/sentences.json","Gerar primeiro"
"2438","Is it available on any streaming service?","Está disponível em algum serviço de streaming?","Lazer, filmes, jogos e hobbies","browser","","","","public/data/sentences.json","Gerar primeiro"
"2439","The subtitles are out of sync.","As legendas estão fora de sincronia.","Lazer, filmes, jogos e hobbies","browser","","","","public/data/sentences.json","Gerar primeiro"
"2440","The video keeps buffering.","O vídeo fica parando para carregar.","Lazer, filmes, jogos e hobbies","browser","","","","public/data/sentences.json","Gerar primeiro"
"2441","What kind of music do you like?","De que tipo de música você gosta?","Lazer, filmes, jogos e hobbies","browser","","","","public/data/sentences.json","Gerar primeiro"
"2442","I can't get this song out of my head.","Não consigo tirar esta música da cabeça.","Lazer, filmes, jogos e hobbies","browser","","","","public/data/sentences.json","Gerar primeiro"
"2443","Turn this one up.","Aumente esta música. [Informal]","Lazer, filmes, jogos e hobbies","browser","","","","public/data/sentences.json","Gerar primeiro"
"2444","I know the tune, but not the title.","Conheço a melodia, mas não o nome.","Lazer, filmes, jogos e hobbies","browser","","","","public/data/sentences.json","Gerar primeiro"
"2445","Who sings this song?","Quem canta esta música?","Lazer, filmes, jogos e hobbies","browser","","","","public/data/sentences.json","Gerar primeiro"
"2446","The lyrics are hard to understand.","É difícil entender a letra.","Lazer, filmes, jogos e hobbies","browser","","","","public/data/sentences.json","Gerar primeiro"
"2447","This reminds me of my teenage years.","Isto me lembra minha adolescência.","Lazer, filmes, jogos e hobbies","browser","","","","public/data/sentences.json","Gerar primeiro"
"2448","I've been listening to this album all week.","Estou ouvindo este álbum a semana inteira.","Lazer, filmes, jogos e hobbies","browser","","","","public/data/sentences.json","Gerar primeiro"
"2449","I'd love to see them live.","Adoraria vê-los ao vivo.","Lazer, filmes, jogos e hobbies","browser","","","","public/data/sentences.json","Gerar primeiro"
"2450","That singer has an amazing voice.","Esse cantor tem uma voz incrível.","Lazer, filmes, jogos e hobbies","browser","","","","public/data/sentences.json","Gerar primeiro"
"2451","Do you want to play a game?","Quer jogar um jogo?","Lazer, filmes, jogos e hobbies","browser","","","","public/data/sentences.json","Gerar primeiro"
"2452","Is this single-player or multiplayer?","É para um jogador ou vários?","Lazer, filmes, jogos e hobbies","browser","","","","public/data/sentences.json","Gerar primeiro"
"2453","I'm still learning the controls.","Ainda estou aprendendo os controles.","Lazer, filmes, jogos e hobbies","browser","","","","public/data/sentences.json","Gerar primeiro"
"2454","I keep losing at the same stage.","Continuo perdendo na mesma fase.","Lazer, filmes, jogos e hobbies","browser","","","","public/data/sentences.json","Gerar primeiro"
"2455","Let's try a different strategy.","Vamos tentar outra estratégia.","Lazer, filmes, jogos e hobbies","browser","","","","public/data/sentences.json","Gerar primeiro"
"2456","I finally beat the boss.","Finalmente derrotei o chefe. [Jogos]","Lazer, filmes, jogos e hobbies","browser","","","","public/data/sentences.json","Gerar primeiro"
"2457","We need one more player.","Precisamos de mais um jogador.","Lazer, filmes, jogos e hobbies","browser","","","","public/data/sentences.json","Gerar primeiro"
"2458","My controller disconnected.","Meu controle desconectou.","Lazer, filmes, jogos e hobbies","browser","","","","public/data/sentences.json","Gerar primeiro"
"2459","The game is lagging.","O jogo está com atraso nas respostas. [Jogos]","Lazer, filmes, jogos e hobbies","browser","","","","public/data/sentences.json","Gerar primeiro"
"2460","Good game; that was close.","Bom jogo; foi por pouco.","Lazer, filmes, jogos e hobbies","browser","","","","public/data/sentences.json","Gerar primeiro"
"2461","Whose turn is it?","De quem é a vez?","Lazer, filmes, jogos e hobbies","browser","","","","public/data/sentences.json","Gerar primeiro"
"2462","It's your move.","É sua jogada.","Lazer, filmes, jogos e hobbies","browser","","","","public/data/sentences.json","Gerar primeiro"
"2463","Let's go over the rules.","Vamos repassar as regras.","Lazer, filmes, jogos e hobbies","browser","","","","public/data/sentences.json","Gerar primeiro"
"2464","I didn't know that was allowed.","Não sabia que isso era permitido.","Lazer, filmes, jogos e hobbies","browser","","","","public/data/sentences.json","Gerar primeiro"
"2465","Can I take that move back?","Posso voltar essa jogada?","Lazer, filmes, jogos e hobbies","browser","","","","public/data/sentences.json","Gerar primeiro"
"2466","You caught me off guard with that move.","Essa jogada me pegou de surpresa.","Lazer, filmes, jogos e hobbies","browser","","","","public/data/sentences.json","Gerar primeiro"
"2467","I made a careless mistake.","Cometi um erro por descuido.","Lazer, filmes, jogos e hobbies","browser","","","","public/data/sentences.json","Gerar primeiro"
"2468","Let's play another round.","Vamos jogar outra rodada.","Lazer, filmes, jogos e hobbies","browser","","","","public/data/sentences.json","Gerar primeiro"
"2469","You won fair and square.","Você ganhou de forma justa.","Lazer, filmes, jogos e hobbies","browser","","","","public/data/sentences.json","Gerar primeiro"
"2470","I'm a bit rusty.","Estou um pouco enferrujado. [Informal]","Lazer, filmes, jogos e hobbies","browser","","","","public/data/sentences.json","Gerar primeiro"
"2471","I'm learning to draw.","Estou aprendendo a desenhar.","Lazer, filmes, jogos e hobbies","browser","","","","public/data/sentences.json","Gerar primeiro"
"2472","I've been working on a personal project.","Tenho trabalhado em um projeto pessoal.","Lazer, filmes, jogos e hobbies","browser","","","","public/data/sentences.json","Gerar primeiro"
"2473","I do this just for fun.","Faço isto só por diversão.","Lazer, filmes, jogos e hobbies","browser","","","","public/data/sentences.json","Gerar primeiro"
"2474","I lost track of time working on it.","Perdi a noção do tempo trabalhando nisso.","Lazer, filmes, jogos e hobbies","browser","","","","public/data/sentences.json","Gerar primeiro"
"2475","I'm trying out a new technique.","Estou experimentando uma técnica nova.","Lazer, filmes, jogos e hobbies","browser","","","","public/data/sentences.json","Gerar primeiro"
"2476","It doesn't have to be perfect.","Não precisa ser perfeito.","Lazer, filmes, jogos e hobbies","browser","","","","public/data/sentences.json","Gerar primeiro"
"2477","I like making things with my hands.","Gosto de fazer coisas com as mãos.","Lazer, filmes, jogos e hobbies","browser","","","","public/data/sentences.json","Gerar primeiro"
"2478","I'm not happy with how it turned out.","Não estou satisfeito com o resultado.","Lazer, filmes, jogos e hobbies","browser","","","","public/data/sentences.json","Gerar primeiro"
"2479","I'll give it another try.","Vou tentar de novo.","Lazer, filmes, jogos e hobbies","browser","","","","public/data/sentences.json","Gerar primeiro"
"2480","It's satisfying to see it come together.","É gratificante ver isso tomando forma.","Lazer, filmes, jogos e hobbies","browser","","","","public/data/sentences.json","Gerar primeiro"
"2481","Let's go somewhere outdoors.","Vamos a algum lugar ao ar livre.","Lazer, filmes, jogos e hobbies","browser","","","","public/data/sentences.json","Gerar primeiro"
"2482","I feel like getting out of the house.","Estou com vontade de sair de casa.","Lazer, filmes, jogos e hobbies","browser","","","","public/data/sentences.json","Gerar primeiro"
"2483","We could go for a bike ride.","Podemos dar uma volta de bicicleta.","Lazer, filmes, jogos e hobbies","browser","","","","public/data/sentences.json","Gerar primeiro"
"2484","There's an exhibition I'd like to see.","Tem uma exposição que gostaria de ver.","Lazer, filmes, jogos e hobbies","browser","","","","public/data/sentences.json","Gerar primeiro"
"2485","Let's check what's happening nearby.","Vamos ver o que está acontecendo por perto.","Lazer, filmes, jogos e hobbies","browser","","","","public/data/sentences.json","Gerar primeiro"
"2486","I'd rather avoid big crowds.","Prefiro evitar multidões.","Lazer, filmes, jogos e hobbies","browser","","","","public/data/sentences.json","Gerar primeiro"
"2487","A quiet walk sounds good.","Uma caminhada tranquila parece boa.","Lazer, filmes, jogos e hobbies","browser","","","","public/data/sentences.json","Gerar primeiro"
"2488","We don't need to spend much to have fun.","Não precisamos gastar muito para nos divertir.","Lazer, filmes, jogos e hobbies","browser","","","","public/data/sentences.json","Gerar primeiro"
"2489","Let's try something neither of us has done.","Vamos tentar algo que nenhum de nós fez.","Lazer, filmes, jogos e hobbies","browser","","","","public/data/sentences.json","Gerar primeiro"
"2490","I'm glad we got out today.","Fico feliz que saímos hoje.","Lazer, filmes, jogos e hobbies","browser","","","","public/data/sentences.json","Gerar primeiro"
"2491","What are you reading at the moment?","O que você está lendo no momento?","Lazer, filmes, jogos e hobbies","browser","","","","public/data/sentences.json","Gerar primeiro"
"2492","I couldn't put the book down.","Não conseguia largar o livro.","Lazer, filmes, jogos e hobbies","browser","","","","public/data/sentences.json","Gerar primeiro"
"2493","I'm about halfway through it.","Estou mais ou menos na metade.","Lazer, filmes, jogos e hobbies","browser","","","","public/data/sentences.json","Gerar primeiro"
"2494","The beginning was hard to get into.","Foi difícil entrar no ritmo no começo.","Lazer, filmes, jogos e hobbies","browser","","","","public/data/sentences.json","Gerar primeiro"
"2495","I'd love to hear your thoughts on it.","Adoraria ouvir suas impressões sobre isso.","Lazer, filmes, jogos e hobbies","browser","","","","public/data/sentences.json","Gerar primeiro"
"2496","I prefer the book to the movie.","Prefiro o livro ao filme.","Lazer, filmes, jogos e hobbies","browser","","","","public/data/sentences.json","Gerar primeiro"
"2497","This topic really interests me.","Este assunto me interessa muito.","Lazer, filmes, jogos e hobbies","browser","","","","public/data/sentences.json","Gerar primeiro"
"2498","I went down a rabbit hole reading about it.","Acabei mergulhando em várias leituras sobre isso. [Informal]","Lazer, filmes, jogos e hobbies","browser","","","","public/data/sentences.json","Gerar primeiro"
"2499","I could talk about this for hours.","Eu poderia falar sobre isto por horas.","Lazer, filmes, jogos e hobbies","browser","","","","public/data/sentences.json","Gerar primeiro"
"2500","It's nice to meet someone with similar interests.","É bom conhecer alguém com interesses parecidos.","Lazer, filmes, jogos e hobbies","browser","","","","public/data/sentences.json","Gerar primeiro"
"2501","I'll text you later.","Mando mensagem depois.","Celular, mensagens e conversas online","elevenlabs","Chris","eleven_multilingual_v2","/audio/elevenlabs/2501.mp3","public/data/sentences.json","Revisar apenas se houver um problema"
"2502","Did you get my message?","Você recebeu minha mensagem?","Celular, mensagens e conversas online","elevenlabs","Chris","eleven_multilingual_v2","/audio/elevenlabs/2502.mp3","public/data/sentences.json","Revisar apenas se houver um problema"
"2503","I just saw your text.","Acabei de ver sua mensagem.","Celular, mensagens e conversas online","elevenlabs","Chris","eleven_multilingual_v2","/audio/elevenlabs/2503.mp3","public/data/sentences.json","Revisar apenas se houver um problema"
"2504","I'm typing a reply.","Estou digitando uma resposta.","Celular, mensagens e conversas online","elevenlabs","Chris","eleven_multilingual_v2","/audio/elevenlabs/2504.mp3","public/data/sentences.json","Revisar apenas se houver um problema"
"2505","Send me a message when you're free.","Me mande mensagem quando estiver livre.","Celular, mensagens e conversas online","elevenlabs","Chris","eleven_multilingual_v2","/audio/elevenlabs/2505.mp3","public/data/sentences.json","Revisar apenas se houver um problema"
"2506","I sent you a voice message.","Mandei uma mensagem de voz.","Celular, mensagens e conversas online","elevenlabs","Chris","eleven_multilingual_v2","/audio/elevenlabs/2506.mp3","public/data/sentences.json","Revisar apenas se houver um problema"
"2507","I can't listen to audio right now.","Não posso ouvir áudio agora.","Celular, mensagens e conversas online","elevenlabs","Chris","eleven_multilingual_v2","/audio/elevenlabs/2507.mp3","public/data/sentences.json","Revisar apenas se houver um problema"
"2508","Could you type it out instead?","Você pode escrever em vez de mandar áudio?","Celular, mensagens e conversas online","elevenlabs","Chris","eleven_multilingual_v2","/audio/elevenlabs/2508.mp3","public/data/sentences.json","Revisar apenas se houver um problema"
"2509","I'll reply when I have a moment.","Respondo quando tiver um tempinho.","Celular, mensagens e conversas online","elevenlabs","Chris","eleven_multilingual_v2","/audio/elevenlabs/2509.mp3","public/data/sentences.json","Revisar apenas se houver um problema"
"2510","No need to reply right away.","Não precisa responder na hora.","Celular, mensagens e conversas online","elevenlabs","Chris","eleven_multilingual_v2","/audio/elevenlabs/2510.mp3","public/data/sentences.json","Revisar apenas se houver um problema"
"2511","My message didn't go through.","Minha mensagem não foi enviada.","Celular, mensagens e conversas online","elevenlabs","Chris","eleven_multilingual_v2","/audio/elevenlabs/2511.mp3","public/data/sentences.json","Revisar apenas se houver um problema"
"2512","It says the message was delivered.","Está aparecendo que a mensagem foi entregue.","Celular, mensagens e conversas online","elevenlabs","Chris","eleven_multilingual_v2","/audio/elevenlabs/2512.mp3","public/data/sentences.json","Revisar apenas se houver um problema"
"2513","I think you sent that to the wrong chat.","Acho que você mandou isso no chat errado.","Celular, mensagens e conversas online","browser","","","","public/data/sentences.json","Gerar primeiro"
"2514","The photo won't load.","A foto não carrega.","Celular, mensagens e conversas online","browser","","","","public/data/sentences.json","Gerar primeiro"
"2515","I can't open the link.","Não consigo abrir o link.","Celular, mensagens e conversas online","browser","","","","public/data/sentences.json","Gerar primeiro"
"2516","The audio is too quiet.","O áudio está baixo demais.","Celular, mensagens e conversas online","browser","","","","public/data/sentences.json","Gerar primeiro"
"2517","Could you send it again?","Você pode mandar de novo?","Celular, mensagens e conversas online","browser","","","","public/data/sentences.json","Gerar primeiro"
"2518","My phone was on silent.","Meu celular estava no silencioso.","Celular, mensagens e conversas online","browser","","","","public/data/sentences.json","Gerar primeiro"
"2519","I didn't get a notification.","Não recebi uma notificação.","Celular, mensagens e conversas online","browser","","","","public/data/sentences.json","Gerar primeiro"
"2520","The app logged me out.","O aplicativo saiu da minha conta.","Celular, mensagens e conversas online","browser","","","","public/data/sentences.json","Gerar primeiro"
"2521","Can I call you now?","Posso ligar para você agora?","Celular, mensagens e conversas online","browser","","","","public/data/sentences.json","Gerar primeiro"
"2522","I'll call you back in a few minutes.","Ligo de volta em alguns minutos.","Celular, mensagens e conversas online","browser","","","","public/data/sentences.json","Gerar primeiro"
"2523","I can't talk at the moment.","Não posso falar no momento.","Celular, mensagens e conversas online","browser","","","","public/data/sentences.json","Gerar primeiro"
"2524","You're breaking up.","Sua voz está cortando.","Celular, mensagens e conversas online","browser","","","","public/data/sentences.json","Gerar primeiro"
"2525","I can barely hear you.","Mal consigo ouvir você.","Celular, mensagens e conversas online","browser","","","","public/data/sentences.json","Gerar primeiro"
"2526","The call dropped.","A ligação caiu.","Celular, mensagens e conversas online","browser","","","","public/data/sentences.json","Gerar primeiro"
"2527","Let me move somewhere quieter.","Deixe eu ir para um lugar mais silencioso.","Celular, mensagens e conversas online","browser","","","","public/data/sentences.json","Gerar primeiro"
"2528","Are you on speakerphone?","Você está no viva-voz?","Celular, mensagens e conversas online","browser","","","","public/data/sentences.json","Gerar primeiro"
"2529","I'll put my headphones on.","Vou colocar meus fones.","Celular, mensagens e conversas online","browser","","","","public/data/sentences.json","Gerar primeiro"
"2530","Let's switch to a video call.","Vamos mudar para uma chamada de vídeo.","Celular, mensagens e conversas online","browser","","","","public/data/sentences.json","Gerar primeiro"
"2531","I meant that in a friendly way.","Eu quis dizer isso de forma amigável.","Celular, mensagens e conversas online","browser","","","","public/data/sentences.json","Gerar primeiro"
"2532","It's hard to read tone in a message.","É difícil perceber o tom de uma mensagem.","Celular, mensagens e conversas online","browser","","","","public/data/sentences.json","Gerar primeiro"
"2533","That wasn't meant to sound cold.","Não era para aquilo soar frio.","Celular, mensagens e conversas online","browser","","","","public/data/sentences.json","Gerar primeiro"
"2534","I was joking in the last message.","Eu estava brincando na última mensagem.","Celular, mensagens e conversas online","browser","","","","public/data/sentences.json","Gerar primeiro"
"2535","I think we're misunderstanding each other.","Acho que estamos nos entendendo errado.","Celular, mensagens e conversas online","browser","","","","public/data/sentences.json","Gerar primeiro"
"2536","Let me explain what I meant.","Deixe eu explicar o que quis dizer.","Celular, mensagens e conversas online","browser","","","","public/data/sentences.json","Gerar primeiro"
"2537","I'm not upset; I'm just busy.","Não estou chateado; só estou ocupado.","Celular, mensagens e conversas online","browser","","","","public/data/sentences.json","Gerar primeiro"
"2538","Sorry if that sounded abrupt.","Desculpe se isso soou seco.","Celular, mensagens e conversas online","browser","","","","public/data/sentences.json","Gerar primeiro"
"2539","I wasn't ignoring you on purpose.","Não estava ignorando você de propósito.","Celular, mensagens e conversas online","browser","","","","public/data/sentences.json","Gerar primeiro"
"2540","This might be easier to talk about by phone.","Talvez seja mais fácil conversar sobre isto por telefone.","Celular, mensagens e conversas online","browser","","","","public/data/sentences.json","Gerar primeiro"
"2541","Can you add me to the group?","Você pode me adicionar ao grupo?","Celular, mensagens e conversas online","browser","","","","public/data/sentences.json","Gerar primeiro"
"2542","I'd like to join the conversation.","Gostaria de participar da conversa.","Celular, mensagens e conversas online","browser","","","","public/data/sentences.json","Gerar primeiro"
"2543","Is there a channel for this topic?","Há um canal para este assunto?","Celular, mensagens e conversas online","browser","","","","public/data/sentences.json","Gerar primeiro"
"2544","I'm new here, so I'm still finding my way.","Sou novo aqui e ainda estou me situando.","Celular, mensagens e conversas online","browser","","","","public/data/sentences.json","Gerar primeiro"
"2545","Where should I post this question?","Onde devo publicar esta pergunta?","Celular, mensagens e conversas online","browser","","","","public/data/sentences.json","Gerar primeiro"
"2546","I don't want to interrupt the discussion.","Não quero interromper a discussão.","Celular, mensagens e conversas online","browser","","","","public/data/sentences.json","Gerar primeiro"
"2547","I've been following the conversation quietly.","Tenho acompanhado a conversa em silêncio.","Celular, mensagens e conversas online","browser","","","","public/data/sentences.json","Gerar primeiro"
"2548","Please read the pinned message.","Por favor, leia a mensagem fixada.","Celular, mensagens e conversas online","browser","","","","public/data/sentences.json","Gerar primeiro"
"2549","Let's move this to a separate thread.","Vamos levar isto para uma conversa separada.","Celular, mensagens e conversas online","browser","","","","public/data/sentences.json","Gerar primeiro"
"2550","Thanks for making me feel welcome.","Obrigado por me fazer sentir acolhido.","Celular, mensagens e conversas online","browser","","","","public/data/sentences.json","Gerar primeiro"
"2551","Did you see what I posted?","Você viu o que publiquei?","Celular, mensagens e conversas online","browser","","","","public/data/sentences.json","Gerar primeiro"
"2552","Can I tag you in this photo?","Posso marcar você nesta foto?","Celular, mensagens e conversas online","browser","","","","public/data/sentences.json","Gerar primeiro"
"2553","I'd rather not be tagged.","Prefiro não ser marcado.","Celular, mensagens e conversas online","browser","","","","public/data/sentences.json","Gerar primeiro"
"2554","Please don't post that picture of me.","Por favor, não publique essa foto minha.","Celular, mensagens e conversas online","browser","","","","public/data/sentences.json","Gerar primeiro"
"2555","I shared it with a few friends.","Compartilhei com alguns amigos.","Celular, mensagens e conversas online","browser","","","","public/data/sentences.json","Gerar primeiro"
"2556","I'm taking a break from social media.","Estou dando um tempo das redes sociais.","Celular, mensagens e conversas online","browser","","","","public/data/sentences.json","Gerar primeiro"
"2557","I don't post much anymore.","Não publico muita coisa mais.","Celular, mensagens e conversas online","browser","","","","public/data/sentences.json","Gerar primeiro"
"2558","I follow them for the tutorials.","Sigo essa pessoa pelos tutoriais.","Celular, mensagens e conversas online","browser","","","","public/data/sentences.json","Gerar primeiro"
"2559","The comments got out of hand.","Os comentários saíram do controle.","Celular, mensagens e conversas online","browser","","","","public/data/sentences.json","Gerar primeiro"
"2560","I'm not going to argue in the comments.","Não vou discutir nos comentários.","Celular, mensagens e conversas online","browser","","","","public/data/sentences.json","Gerar primeiro"
"2561","Please don't forward this message.","Por favor, não encaminhe esta mensagem.","Celular, mensagens e conversas online","browser","","","","public/data/sentences.json","Gerar primeiro"
"2562","This is a private conversation.","Esta é uma conversa privada.","Celular, mensagens e conversas online","browser","","","","public/data/sentences.json","Gerar primeiro"
"2563","I'd rather keep my number private.","Prefiro manter meu número em privado.","Celular, mensagens e conversas online","browser","","","","public/data/sentences.json","Gerar primeiro"
"2564","Can you remove my name from that screenshot?","Você pode remover meu nome dessa captura de tela?","Celular, mensagens e conversas online","browser","","","","public/data/sentences.json","Gerar primeiro"
"2565","I hid my online status.","Ocultei meu status online.","Celular, mensagens e conversas online","browser","","","","public/data/sentences.json","Gerar primeiro"
"2566","I don't check my phone all the time.","Não fico olhando o celular o tempo todo.","Celular, mensagens e conversas online","browser","","","","public/data/sentences.json","Gerar primeiro"
"2567","Please don't expect an immediate response.","Por favor, não espere uma resposta imediata.","Celular, mensagens e conversas online","browser","","","","public/data/sentences.json","Gerar primeiro"
"2568","I'm muting the group for a while.","Vou silenciar o grupo por um tempo.","Celular, mensagens e conversas online","browser","","","","public/data/sentences.json","Gerar primeiro"
"2569","I need fewer notifications.","Preciso de menos notificações.","Celular, mensagens e conversas online","browser","","","","public/data/sentences.json","Gerar primeiro"
"2570","Let's respect each other's time offline.","Vamos respeitar o tempo que cada um passa desconectado.","Celular, mensagens e conversas online","browser","","","","public/data/sentences.json","Gerar primeiro"
"2571","Send me the original photo.","Me mande a foto original.","Celular, mensagens e conversas online","browser","","","","public/data/sentences.json","Gerar primeiro"
"2572","The image looks blurry.","A imagem está desfocada.","Celular, mensagens e conversas online","browser","","","","public/data/sentences.json","Gerar primeiro"
"2573","Could you crop the background out?","Você pode cortar o fundo da imagem?","Celular, mensagens e conversas online","browser","","","","public/data/sentences.json","Gerar primeiro"
"2574","This file is too large to send.","Este arquivo é grande demais para enviar.","Celular, mensagens e conversas online","browser","","","","public/data/sentences.json","Gerar primeiro"
"2575","I'll share a folder instead.","Vou compartilhar uma pasta em vez disso.","Celular, mensagens e conversas online","browser","","","","public/data/sentences.json","Gerar primeiro"
"2576","Do you have a higher-resolution version?","Você tem uma versão em resolução maior?","Celular, mensagens e conversas online","browser","","","","public/data/sentences.json","Gerar primeiro"
"2577","The video has no sound.","O vídeo está sem som.","Celular, mensagens e conversas online","browser","","","","public/data/sentences.json","Gerar primeiro"
"2578","I accidentally recorded it sideways.","Gravei de lado sem querer.","Celular, mensagens e conversas online","browser","","","","public/data/sentences.json","Gerar primeiro"
"2579","Can you send it as a document?","Você pode mandar como documento?","Celular, mensagens e conversas online","browser","","","","public/data/sentences.json","Gerar primeiro"
"2580","I saved it to my phone.","Salvei no celular.","Celular, mensagens e conversas online","browser","","","","public/data/sentences.json","Gerar primeiro"
"2581","My phone is about to die.","Meu celular está quase sem bateria. [Informal]","Celular, mensagens e conversas online","browser","","","","public/data/sentences.json","Gerar primeiro"
"2582","Do you have a charger I can use?","Você tem um carregador que eu possa usar?","Celular, mensagens e conversas online","browser","","","","public/data/sentences.json","Gerar primeiro"
"2583","I'm running out of mobile data.","Meus dados móveis estão acabando.","Celular, mensagens e conversas online","browser","","","","public/data/sentences.json","Gerar primeiro"
"2584","There's no signal in here.","Não tem sinal aqui.","Celular, mensagens e conversas online","browser","","","","public/data/sentences.json","Gerar primeiro"
"2585","I'm connected to the Wi-Fi.","Estou conectado ao Wi-Fi.","Celular, mensagens e conversas online","browser","","","","public/data/sentences.json","Gerar primeiro"
"2586","Could you turn on your hotspot?","Você pode ligar seu ponto de acesso?","Celular, mensagens e conversas online","browser","","","","public/data/sentences.json","Gerar primeiro"
"2587","I put my phone in airplane mode.","Coloquei o celular no modo avião.","Celular, mensagens e conversas online","browser","","","","public/data/sentences.json","Gerar primeiro"
"2588","The screen is cracked.","A tela está rachada.","Celular, mensagens e conversas online","browser","","","","public/data/sentences.json","Gerar primeiro"
"2589","I need to free up some space.","Preciso liberar espaço.","Celular, mensagens e conversas online","browser","","","","public/data/sentences.json","Gerar primeiro"
"2590","I forgot my phone at the office.","Esqueci meu celular no escritório.","Celular, mensagens e conversas online","browser","","","","public/data/sentences.json","Gerar primeiro"
"2591","Anyone around?","Tem alguém por aí? [Informal]","Celular, mensagens e conversas online","browser","","","","public/data/sentences.json","Gerar primeiro"
"2592","Is anyone up for a chat?","Alguém topa conversar? [Informal]","Celular, mensagens e conversas online","browser","","","","public/data/sentences.json","Gerar primeiro"
"2593","I'm just dropping in to say hi.","Só passei para dar um oi. [Informal]","Celular, mensagens e conversas online","browser","","","","public/data/sentences.json","Gerar primeiro"
"2594","I'll be right back.","Já volto.","Celular, mensagens e conversas online","browser","","","","public/data/sentences.json","Gerar primeiro"
"2595","I got disconnected for a moment.","Fiquei desconectado por um instante.","Celular, mensagens e conversas online","browser","","","","public/data/sentences.json","Gerar primeiro"
"2596","Sorry, I got distracted by another tab.","Desculpe, me distraí com outra aba.","Celular, mensagens e conversas online","browser","","","","public/data/sentences.json","Gerar primeiro"
"2597","That message made me laugh.","Essa mensagem me fez rir.","Celular, mensagens e conversas online","browser","","","","public/data/sentences.json","Gerar primeiro"
"2598","I need to log off for a while.","Preciso sair por um tempo.","Celular, mensagens e conversas online","browser","","","","public/data/sentences.json","Gerar primeiro"
"2599","I'll catch up on the messages later.","Vou ler as mensagens que perdi depois.","Celular, mensagens e conversas online","browser","","","","public/data/sentences.json","Gerar primeiro"
"2600","It was nice chatting with you all.","Foi bom conversar com vocês.","Celular, mensagens e conversas online","browser","","","","public/data/sentences.json","Gerar primeiro"
"2601","What time is it?","Que horas são?","Tempo, clima e organização de planos","elevenlabs","Chris","eleven_multilingual_v2","/audio/elevenlabs/2601.mp3","public/data/sentences.json","Revisar apenas se houver um problema"
"2602","It's just after six.","Passou um pouco das seis.","Tempo, clima e organização de planos","elevenlabs","Chris","eleven_multilingual_v2","/audio/elevenlabs/2602.mp3","public/data/sentences.json","Revisar apenas se houver um problema"
"2603","It's almost noon.","É quase meio-dia.","Tempo, clima e organização de planos","elevenlabs","Chris","eleven_multilingual_v2","/audio/elevenlabs/2603.mp3","public/data/sentences.json","Revisar apenas se houver um problema"
"2604","We're a few minutes early.","Estamos alguns minutos adiantados.","Tempo, clima e organização de planos","elevenlabs","Chris","eleven_multilingual_v2","/audio/elevenlabs/2604.mp3","public/data/sentences.json","Revisar apenas se houver um problema"
"2605","I thought it was later.","Achei que fosse mais tarde.","Tempo, clima e organização de planos","elevenlabs","Chris","eleven_multilingual_v2","/audio/elevenlabs/2605.mp3","public/data/sentences.json","Revisar apenas se houver um problema"
"2606","My clock is a little fast.","Meu relógio está um pouco adiantado.","Tempo, clima e organização de planos","elevenlabs","Chris","eleven_multilingual_v2","/audio/elevenlabs/2606.mp3","public/data/sentences.json","Revisar apenas se houver um problema"
"2607","Your watch is five minutes slow.","Seu relógio está cinco minutos atrasado.","Tempo, clima e organização de planos","elevenlabs","Chris","eleven_multilingual_v2","/audio/elevenlabs/2607.mp3","public/data/sentences.json","Revisar apenas se houver um problema"
"2608","What time should we leave?","A que horas devemos sair?","Tempo, clima e organização de planos","elevenlabs","Chris","eleven_multilingual_v2","/audio/elevenlabs/2608.mp3","public/data/sentences.json","Revisar apenas se houver um problema"
"2609","Let's leave at around seven.","Vamos sair por volta das sete.","Tempo, clima e organização de planos","elevenlabs","Chris","eleven_multilingual_v2","/audio/elevenlabs/2609.mp3","public/data/sentences.json","Revisar apenas se houver um problema"
"2610","I'll be ready in ten minutes.","Estarei pronto em dez minutos.","Tempo, clima e organização de planos","elevenlabs","Chris","eleven_multilingual_v2","/audio/elevenlabs/2610.mp3","public/data/sentences.json","Revisar apenas se houver um problema"
"2611","How long have you been waiting?","Há quanto tempo você está esperando?","Tempo, clima e organização de planos","elevenlabs","Chris","eleven_multilingual_v2","/audio/elevenlabs/2611.mp3","public/data/sentences.json","Revisar apenas se houver um problema"
"2612","It only takes a few minutes.","Leva só alguns minutos.","Tempo, clima e organização de planos","elevenlabs","Chris","eleven_multilingual_v2","/audio/elevenlabs/2612.mp3","public/data/sentences.json","Revisar apenas se houver um problema"
"2613","I do it once in a while.","Faço isso de vez em quando.","Tempo, clima e organização de planos","browser","","","","public/data/sentences.json","Gerar primeiro"
"2614","We meet every other week.","Nós nos encontramos a cada duas semanas.","Tempo, clima e organização de planos","browser","","","","public/data/sentences.json","Gerar primeiro"
"2615","It's been a while since we last talked.","Faz um tempo desde nossa última conversa.","Tempo, clima e organização de planos","browser","","","","public/data/sentences.json","Gerar primeiro"
"2616","That happens from time to time.","Isso acontece de tempos em tempos.","Tempo, clima e organização de planos","browser","","","","public/data/sentences.json","Gerar primeiro"
"2617","I haven't done it in ages.","Faz uma eternidade que não faço isso.","Tempo, clima e organização de planos","browser","","","","public/data/sentences.json","Gerar primeiro"
"2618","Let's check in once a month.","Vamos conversar uma vez por mês para acompanhar.","Tempo, clima e organização de planos","browser","","","","public/data/sentences.json","Gerar primeiro"
"2619","How often do you go there?","Com que frequência você vai lá?","Tempo, clima e organização de planos","browser","","","","public/data/sentences.json","Gerar primeiro"
"2620","It took the whole afternoon.","Levou a tarde inteira.","Tempo, clima e organização de planos","browser","","","","public/data/sentences.json","Gerar primeiro"
"2621","What day is it today?","Que dia da semana é hoje?","Tempo, clima e organização de planos","browser","","","","public/data/sentences.json","Gerar primeiro"
"2622","Is that this Friday or next Friday?","É nesta sexta ou na próxima?","Tempo, clima e organização de planos","browser","","","","public/data/sentences.json","Gerar primeiro"
"2623","I mixed up the dates.","Confundi as datas.","Tempo, clima e organização de planos","browser","","","","public/data/sentences.json","Gerar primeiro"
"2624","I thought it was on Wednesday.","Achei que fosse na quarta-feira.","Tempo, clima e organização de planos","browser","","","","public/data/sentences.json","Gerar primeiro"
"2625","Let's set a date.","Vamos marcar uma data.","Tempo, clima e organização de planos","browser","","","","public/data/sentences.json","Gerar primeiro"
"2626","The deadline is at the end of the month.","O prazo é no fim do mês.","Tempo, clima e organização de planos","browser","","","","public/data/sentences.json","Gerar primeiro"
"2627","I'm away for the first week of the month.","Vou estar fora na primeira semana do mês.","Tempo, clima e organização de planos","browser","","","","public/data/sentences.json","Gerar primeiro"
"2628","We can do it the following day.","Podemos fazer no dia seguinte.","Tempo, clima e organização de planos","browser","","","","public/data/sentences.json","Gerar primeiro"
"2629","Mark it on your calendar.","Marque na agenda.","Tempo, clima e organização de planos","browser","","","","public/data/sentences.json","Gerar primeiro"
"2630","Please confirm the date in writing.","Por favor, confirme a data por escrito.","Tempo, clima e organização de planos","browser","","","","public/data/sentences.json","Gerar primeiro"
"2631","Let me see what I've got planned.","Deixe eu ver o que já tenho marcado.","Tempo, clima e organização de planos","browser","","","","public/data/sentences.json","Gerar primeiro"
"2632","I'm free on Saturday morning.","Estou livre no sábado de manhã.","Tempo, clima e organização de planos","browser","","","","public/data/sentences.json","Gerar primeiro"
"2633","Sunday afternoon would be better.","Domingo à tarde seria melhor.","Tempo, clima e organização de planos","browser","","","","public/data/sentences.json","Gerar primeiro"
"2634","Can we make it a little earlier?","Podemos marcar um pouco mais cedo?","Tempo, clima e organização de planos","browser","","","","public/data/sentences.json","Gerar primeiro"
"2635","I need to be home by nine.","Preciso estar em casa até as nove.","Tempo, clima e organização de planos","browser","","","","public/data/sentences.json","Gerar primeiro"
"2636","Let's keep the evening free.","Vamos deixar a noite livre.","Tempo, clima e organização de planos","browser","","","","public/data/sentences.json","Gerar primeiro"
"2637","I don't want to overbook the weekend.","Não quero encher demais a agenda do fim de semana.","Tempo, clima e organização de planos","browser","","","","public/data/sentences.json","Gerar primeiro"
"2638","We can play it by ear.","Podemos decidir conforme as coisas acontecerem. [Informal]","Tempo, clima e organização de planos","browser","","","","public/data/sentences.json","Gerar primeiro"
"2639","Let's leave some room for changes.","Vamos deixar espaço para mudanças.","Tempo, clima e organização de planos","browser","","","","public/data/sentences.json","Gerar primeiro"
"2640","I'll pencil it in for now.","Vou deixar marcado provisoriamente.","Tempo, clima e organização de planos","browser","","","","public/data/sentences.json","Gerar primeiro"
"2641","We're running out of time.","Estamos ficando sem tempo.","Tempo, clima e organização de planos","browser","","","","public/data/sentences.json","Gerar primeiro"
"2642","There's still plenty of time.","Ainda temos bastante tempo.","Tempo, clima e organização de planos","browser","","","","public/data/sentences.json","Gerar primeiro"
"2643","What's the hurry?","Qual é a pressa?","Tempo, clima e organização de planos","browser","","","","public/data/sentences.json","Gerar primeiro"
"2644","Take your time; I'm not in a rush.","Faça com calma; não estou com pressa.","Tempo, clima e organização de planos","browser","","","","public/data/sentences.json","Gerar primeiro"
"2645","We'd better get moving.","É melhor começarmos a nos mexer.","Tempo, clima e organização de planos","browser","","","","public/data/sentences.json","Gerar primeiro"
"2646","I can't wait much longer.","Não posso esperar muito mais.","Tempo, clima e organização de planos","browser","","","","public/data/sentences.json","Gerar primeiro"
"2647","Give it a little more time.","Dê mais um pouco de tempo.","Tempo, clima e organização de planos","browser","","","","public/data/sentences.json","Gerar primeiro"
"2648","Let's not leave it until the last minute.","Vamos evitar deixar para a última hora.","Tempo, clima e organização de planos","browser","","","","public/data/sentences.json","Gerar primeiro"
"2649","Time got away from me.","Perdi a noção do tempo.","Tempo, clima e organização de planos","browser","","","","public/data/sentences.json","Gerar primeiro"
"2650","I need a moment to catch my breath.","Preciso de um instante para respirar.","Tempo, clima e organização de planos","browser","","","","public/data/sentences.json","Gerar primeiro"
"2651","It's really hot today.","Está muito quente hoje.","Tempo, clima e organização de planos","browser","","","","public/data/sentences.json","Gerar primeiro"
"2652","I'm melting in this heat.","Estou derretendo com este calor. [Figurado]","Tempo, clima e organização de planos","browser","","","","public/data/sentences.json","Gerar primeiro"
"2653","It's humid and sticky.","Está úmido e abafado.","Tempo, clima e organização de planos","browser","","","","public/data/sentences.json","Gerar primeiro"
"2654","There's a chill in the air.","Está fazendo um friozinho.","Tempo, clima e organização de planos","browser","","","","public/data/sentences.json","Gerar primeiro"
"2655","I didn't expect it to be this cold.","Não esperava que estivesse tão frio.","Tempo, clima e organização de planos","browser","","","","public/data/sentences.json","Gerar primeiro"
"2656","Bring a jacket just in case.","Leve uma jaqueta por precaução.","Tempo, clima e organização de planos","browser","","","","public/data/sentences.json","Gerar primeiro"
"2657","It gets cooler after sunset.","Fica mais fresco depois do pôr do sol.","Tempo, clima e organização de planos","browser","","","","public/data/sentences.json","Gerar primeiro"
"2658","I'm freezing.","Estou congelando de frio. [Figurado]","Tempo, clima e organização de planos","browser","","","","public/data/sentences.json","Gerar primeiro"
"2659","The sun is really strong.","O sol está muito forte.","Tempo, clima e organização de planos","browser","","","","public/data/sentences.json","Gerar primeiro"
"2660","Let's find some shade.","Vamos achar uma sombra.","Tempo, clima e organização de planos","browser","","","","public/data/sentences.json","Gerar primeiro"
"2661","It looks like rain.","Parece que vai chover.","Tempo, clima e organização de planos","browser","","","","public/data/sentences.json","Gerar primeiro"
"2662","It's starting to drizzle.","Está começando a garoar.","Tempo, clima e organização de planos","browser","","","","public/data/sentences.json","Gerar primeiro"
"2663","It's pouring outside.","Está chovendo muito lá fora.","Tempo, clima e organização de planos","browser","","","","public/data/sentences.json","Gerar primeiro"
"2664","I got caught in the rain.","Fui pego pela chuva.","Tempo, clima e organização de planos","browser","","","","public/data/sentences.json","Gerar primeiro"
"2665","Did you bring an umbrella?","Você trouxe um guarda-chuva?","Tempo, clima e organização de planos","browser","","","","public/data/sentences.json","Gerar primeiro"
"2666","The rain seems to be letting up.","Parece que a chuva está diminuindo.","Tempo, clima e organização de planos","browser","","","","public/data/sentences.json","Gerar primeiro"
"2667","It's really windy out there.","Está ventando muito lá fora.","Tempo, clima e organização de planos","browser","","","","public/data/sentences.json","Gerar primeiro"
"2668","Hold on to your hat.","Segure seu chapéu.","Tempo, clima e organização de planos","browser","","","","public/data/sentences.json","Gerar primeiro"
"2669","There's a storm on the way.","Está vindo uma tempestade.","Tempo, clima e organização de planos","browser","","","","public/data/sentences.json","Gerar primeiro"
"2670","Let's wait until the rain stops.","Vamos esperar a chuva parar.","Tempo, clima e organização de planos","browser","","","","public/data/sentences.json","Gerar primeiro"
"2671","Should we check the forecast?","Vamos conferir a previsão?","Tempo, clima e organização de planos","browser","","","","public/data/sentences.json","Gerar primeiro"
"2672","We may need an indoor backup plan.","Talvez precisemos de uma alternativa em ambiente fechado.","Tempo, clima e organização de planos","browser","","","","public/data/sentences.json","Gerar primeiro"
"2673","Let's go while the weather is nice.","Vamos enquanto o tempo está bom.","Tempo, clima e organização de planos","browser","","","","public/data/sentences.json","Gerar primeiro"
"2674","The weather might change later.","O tempo pode mudar mais tarde.","Tempo, clima e organização de planos","browser","","","","public/data/sentences.json","Gerar primeiro"
"2675","I don't mind a little rain.","Não me importo com uma chuvinha.","Tempo, clima e organização de planos","browser","","","","public/data/sentences.json","Gerar primeiro"
"2676","It's not a great day for a picnic.","Hoje não é um bom dia para um piquenique.","Tempo, clima e organização de planos","browser","","","","public/data/sentences.json","Gerar primeiro"
"2677","We can move it indoors.","Podemos levar a atividade para dentro.","Tempo, clima e organização de planos","browser","","","","public/data/sentences.json","Gerar primeiro"
"2678","Let's not cancel just yet.","Vamos não cancelar ainda.","Tempo, clima e organização de planos","browser","","","","public/data/sentences.json","Gerar primeiro"
"2679","It's clearing up.","O tempo está abrindo.","Tempo, clima e organização de planos","browser","","","","public/data/sentences.json","Gerar primeiro"
"2680","We picked a good day for this.","Escolhemos um bom dia para isto.","Tempo, clima e organização de planos","browser","","","","public/data/sentences.json","Gerar primeiro"
"2681","The plan has changed.","O plano mudou.","Tempo, clima e organização de planos","browser","","","","public/data/sentences.json","Gerar primeiro"
"2682","We need to work around your schedule.","Precisamos nos adaptar à sua agenda.","Tempo, clima e organização de planos","browser","","","","public/data/sentences.json","Gerar primeiro"
"2683","Let's leave it open for now.","Vamos deixar em aberto por enquanto.","Tempo, clima e organização de planos","browser","","","","public/data/sentences.json","Gerar primeiro"
"2684","I'll confirm closer to the date.","Confirmo mais perto da data.","Tempo, clima e organização de planos","browser","","","","public/data/sentences.json","Gerar primeiro"
"2685","Something else came up that day.","Surgiu outro compromisso naquele dia.","Tempo, clima e organização de planos","browser","","","","public/data/sentences.json","Gerar primeiro"
"2686","Can we move it forward by an hour?","Podemos adiantar uma hora?","Tempo, clima e organização de planos","browser","","","","public/data/sentences.json","Gerar primeiro"
"2687","Let's be explicit: earlier, not later.","Vamos esclarecer: mais cedo, não mais tarde.","Tempo, clima e organização de planos","browser","","","","public/data/sentences.json","Gerar primeiro"
"2688","I'd rather postpone than rush it.","Prefiro adiar a fazer correndo.","Tempo, clima e organização de planos","browser","","","","public/data/sentences.json","Gerar primeiro"
"2689","We're still deciding between two dates.","Ainda estamos decidindo entre duas datas.","Tempo, clima e organização de planos","browser","","","","public/data/sentences.json","Gerar primeiro"
"2690","I'll send a reminder the day before.","Vou mandar um lembrete na véspera.","Tempo, clima e organização de planos","browser","","","","public/data/sentences.json","Gerar primeiro"
"2691","The week flew by.","A semana voou.","Tempo, clima e organização de planos","browser","","","","public/data/sentences.json","Gerar primeiro"
"2692","This day feels endless.","Este dia parece não acabar.","Tempo, clima e organização de planos","browser","","","","public/data/sentences.json","Gerar primeiro"
"2693","Time flies when you're having fun.","O tempo voa quando estamos nos divertindo.","Tempo, clima e organização de planos","browser","","","","public/data/sentences.json","Gerar primeiro"
"2694","It feels like yesterday.","Parece que foi ontem.","Tempo, clima e organização de planos","browser","","","","public/data/sentences.json","Gerar primeiro"
"2695","A lot can change in a year.","Muita coisa pode mudar em um ano.","Tempo, clima e organização de planos","browser","","","","public/data/sentences.json","Gerar primeiro"
"2696","I wish I had more time for this.","Queria ter mais tempo para isto.","Tempo, clima e organização de planos","browser","","","","public/data/sentences.json","Gerar primeiro"
"2697","I'm trying to make time for what matters.","Estou tentando reservar tempo para o que importa.","Tempo, clima e organização de planos","browser","","","","public/data/sentences.json","Gerar primeiro"
"2698","I don't want to waste the whole day.","Não quero desperdiçar o dia inteiro.","Tempo, clima e organização de planos","browser","","","","public/data/sentences.json","Gerar primeiro"
"2699","Let's make the most of the time we have.","Vamos aproveitar o tempo que temos.","Tempo, clima e organização de planos","browser","","","","public/data/sentences.json","Gerar primeiro"
"2700","There's no better time than now.","Não há momento melhor que agora.","Tempo, clima e organização de planos","browser","","","","public/data/sentences.json","Gerar primeiro"
"2701","Something went wrong.","Alguma coisa deu errado.","Problemas, imprevistos e soluções","elevenlabs","Chris","eleven_multilingual_v2","/audio/elevenlabs/2701.mp3","public/data/sentences.json","Revisar apenas se houver um problema"
"2702","This isn't working the way it should.","Isto não está funcionando como deveria.","Problemas, imprevistos e soluções","elevenlabs","Chris","eleven_multilingual_v2","/audio/elevenlabs/2702.mp3","public/data/sentences.json","Revisar apenas se houver um problema"
"2703","We've run into a problem.","Encontramos um problema.","Problemas, imprevistos e soluções","elevenlabs","Chris","eleven_multilingual_v2","/audio/elevenlabs/2703.mp3","public/data/sentences.json","Revisar apenas se houver um problema"
"2704","There's a snag we need to deal with.","Há um contratempo que precisamos resolver. [Informal]","Problemas, imprevistos e soluções","elevenlabs","Chris","eleven_multilingual_v2","/audio/elevenlabs/2704.mp3","public/data/sentences.json","Revisar apenas se houver um problema"
"2705","I think we're missing something important.","Acho que estamos deixando passar algo importante.","Problemas, imprevistos e soluções","elevenlabs","Chris","eleven_multilingual_v2","/audio/elevenlabs/2705.mp3","public/data/sentences.json","Revisar apenas se houver um problema"
"2706","That doesn't look right to me.","Isso não me parece certo.","Problemas, imprevistos e soluções","elevenlabs","Chris","eleven_multilingual_v2","/audio/elevenlabs/2706.mp3","public/data/sentences.json","Revisar apenas se houver um problema"
"2707","We need to stop and check.","Precisamos parar e conferir.","Problemas, imprevistos e soluções","elevenlabs","Chris","eleven_multilingual_v2","/audio/elevenlabs/2707.mp3","public/data/sentences.json","Revisar apenas se houver um problema"
"2708","I noticed something unusual.","Percebi algo incomum.","Problemas, imprevistos e soluções","elevenlabs","Chris","eleven_multilingual_v2","/audio/elevenlabs/2708.mp3","public/data/sentences.json","Revisar apenas se houver um problema"
"2709","This is more complicated than it looked.","Isto é mais complicado do que parecia.","Problemas, imprevistos e soluções","elevenlabs","Chris","eleven_multilingual_v2","/audio/elevenlabs/2709.mp3","public/data/sentences.json","Revisar apenas se houver um problema"
"2710","Let's not ignore the warning signs.","Vamos evitar ignorar os sinais de alerta.","Problemas, imprevistos e soluções","elevenlabs","Chris","eleven_multilingual_v2","/audio/elevenlabs/2710.mp3","public/data/sentences.json","Revisar apenas se houver um problema"
"2711","Let's retrace our steps.","Vamos refazer mentalmente o caminho que seguimos.","Problemas, imprevistos e soluções","elevenlabs","Chris","eleven_multilingual_v2","/audio/elevenlabs/2711.mp3","public/data/sentences.json","Revisar apenas se houver um problema"
"2712","When was the last time it worked?","Quando foi a última vez que funcionou?","Problemas, imprevistos e soluções","browser","","","","public/data/sentences.json","Gerar primeiro"
"2713","What changed before the problem started?","O que mudou antes de o problema começar?","Problemas, imprevistos e soluções","browser","","","","public/data/sentences.json","Gerar primeiro"
"2714","Can you show me exactly what happened?","Você pode mostrar exatamente o que aconteceu?","Problemas, imprevistos e soluções","browser","","","","public/data/sentences.json","Gerar primeiro"
"2715","Let's check one thing at a time.","Vamos verificar uma coisa de cada vez.","Problemas, imprevistos e soluções","browser","","","","public/data/sentences.json","Gerar primeiro"
"2716","We may be looking in the wrong place.","Talvez estejamos procurando no lugar errado.","Problemas, imprevistos e soluções","browser","","","","public/data/sentences.json","Gerar primeiro"
"2717","There's probably a simple explanation.","Provavelmente existe uma explicação simples.","Problemas, imprevistos e soluções","browser","","","","public/data/sentences.json","Gerar primeiro"
"2718","Let's not make assumptions yet.","Vamos evitar suposições por enquanto.","Problemas, imprevistos e soluções","browser","","","","public/data/sentences.json","Gerar primeiro"
"2719","The details don't quite add up.","Os detalhes não estão batendo.","Problemas, imprevistos e soluções","browser","","","","public/data/sentences.json","Gerar primeiro"
"2720","We need the whole picture.","Precisamos entender o quadro completo.","Problemas, imprevistos e soluções","browser","","","","public/data/sentences.json","Gerar primeiro"
"2721","I must have left it somewhere.","Devo ter deixado isso em algum lugar.","Problemas, imprevistos e soluções","browser","","","","public/data/sentences.json","Gerar primeiro"
"2722","I've misplaced my wallet.","Não sei onde coloquei minha carteira.","Problemas, imprevistos e soluções","browser","","","","public/data/sentences.json","Gerar primeiro"
"2723","Let's check the lost and found.","Vamos conferir o setor de achados e perdidos.","Problemas, imprevistos e soluções","browser","","","","public/data/sentences.json","Gerar primeiro"
"2724","I remember having it this morning.","Lembro que estava com isso hoje de manhã.","Problemas, imprevistos e soluções","browser","","","","public/data/sentences.json","Gerar primeiro"
"2725","Could it be in your other bag?","Será que está na sua outra bolsa?","Problemas, imprevistos e soluções","browser","","","","public/data/sentences.json","Gerar primeiro"
"2726","I forgot all about the appointment.","Esqueci completamente do compromisso.","Problemas, imprevistos e soluções","browser","","","","public/data/sentences.json","Gerar primeiro"
"2727","It completely escaped my attention.","Isso passou totalmente despercebido por mim.","Problemas, imprevistos e soluções","browser","","","","public/data/sentences.json","Gerar primeiro"
"2728","I wrote it down in the wrong place.","Anotei no lugar errado.","Problemas, imprevistos e soluções","browser","","","","public/data/sentences.json","Gerar primeiro"
"2729","I'll put a reminder on my phone.","Vou colocar um lembrete no celular.","Problemas, imprevistos e soluções","browser","","","","public/data/sentences.json","Gerar primeiro"
"2730","Let's make a checklist for next time.","Vamos fazer uma lista de verificação para a próxima vez.","Problemas, imprevistos e soluções","browser","","","","public/data/sentences.json","Gerar primeiro"
"2731","I dropped it by accident.","Deixei cair sem querer.","Problemas, imprevistos e soluções","browser","","","","public/data/sentences.json","Gerar primeiro"
"2732","The handle came off.","A alça soltou.","Problemas, imprevistos e soluções","browser","","","","public/data/sentences.json","Gerar primeiro"
"2733","I knocked the glass over.","Esbarrei no copo e o derrubei.","Problemas, imprevistos e soluções","browser","","","","public/data/sentences.json","Gerar primeiro"
"2734","There's broken glass on the floor.","Tem vidro quebrado no chão.","Problemas, imprevistos e soluções","browser","","","","public/data/sentences.json","Gerar primeiro"
"2735","Don't move; I'll clean it up.","Não se mova; vou limpar.","Problemas, imprevistos e soluções","browser","","","","public/data/sentences.json","Gerar primeiro"
"2736","Did you hurt yourself?","Você se machucou?","Problemas, imprevistos e soluções","browser","","","","public/data/sentences.json","Gerar primeiro"
"2737","It slipped out of my hand.","Escorregou da minha mão.","Problemas, imprevistos e soluções","browser","","","","public/data/sentences.json","Gerar primeiro"
"2738","I'm sorry; I'll replace it.","Desculpe; vou comprar outro para repor.","Problemas, imprevistos e soluções","browser","","","","public/data/sentences.json","Gerar primeiro"
"2739","Luckily, nothing important was damaged.","Por sorte, nada importante foi danificado.","Problemas, imprevistos e soluções","browser","","","","public/data/sentences.json","Gerar primeiro"
"2740","It could have been a lot worse.","Poderia ter sido muito pior.","Problemas, imprevistos e soluções","browser","","","","public/data/sentences.json","Gerar primeiro"
"2741","Okay, let's think this through.","Certo, vamos pensar nisto com cuidado.","Problemas, imprevistos e soluções","browser","","","","public/data/sentences.json","Gerar primeiro"
"2742","Panicking won't help.","Entrar em pânico não vai ajudar.","Problemas, imprevistos e soluções","browser","","","","public/data/sentences.json","Gerar primeiro"
"2743","Let's deal with the immediate problem first.","Vamos resolver primeiro o problema imediato.","Problemas, imprevistos e soluções","browser","","","","public/data/sentences.json","Gerar primeiro"
"2744","We still have options.","Ainda temos opções.","Problemas, imprevistos e soluções","browser","","","","public/data/sentences.json","Gerar primeiro"
"2745","It's frustrating, but it's manageable.","É frustrante, mas dá para lidar.","Problemas, imprevistos e soluções","browser","","","","public/data/sentences.json","Gerar primeiro"
"2746","Let's take a breath and start again.","Vamos respirar e começar de novo.","Problemas, imprevistos e soluções","browser","","","","public/data/sentences.json","Gerar primeiro"
"2747","One problem at a time.","Um problema de cada vez.","Problemas, imprevistos e soluções","browser","","","","public/data/sentences.json","Gerar primeiro"
"2748","We don't need to solve everything right now.","Não precisamos resolver tudo agora.","Problemas, imprevistos e soluções","browser","","","","public/data/sentences.json","Gerar primeiro"
"2749","Let's focus on what we can change.","Vamos focar no que podemos mudar.","Problemas, imprevistos e soluções","browser","","","","public/data/sentences.json","Gerar primeiro"
"2750","We'll get through this.","Vamos superar isto.","Problemas, imprevistos e soluções","browser","","","","public/data/sentences.json","Gerar primeiro"
"2751","What if we tried it the other way?","E se tentássemos do outro jeito?","Problemas, imprevistos e soluções","browser","","","","public/data/sentences.json","Gerar primeiro"
"2752","Maybe we can work around it.","Talvez possamos contornar isso.","Problemas, imprevistos e soluções","browser","","","","public/data/sentences.json","Gerar primeiro"
"2753","Let's start with the easiest fix.","Vamos começar pela solução mais simples.","Problemas, imprevistos e soluções","browser","","","","public/data/sentences.json","Gerar primeiro"
"2754","We could use this as a temporary solution.","Podemos usar isto como solução temporária.","Problemas, imprevistos e soluções","browser","","","","public/data/sentences.json","Gerar primeiro"
"2755","Have we considered replacing it?","Já consideramos substituir isso?","Problemas, imprevistos e soluções","browser","","","","public/data/sentences.json","Gerar primeiro"
"2756","Let's ask someone with more experience.","Vamos perguntar a alguém com mais experiência.","Problemas, imprevistos e soluções","browser","","","","public/data/sentences.json","Gerar primeiro"
"2757","There must be another way.","Deve haver outro jeito.","Problemas, imprevistos e soluções","browser","","","","public/data/sentences.json","Gerar primeiro"
"2758","We can simplify the plan.","Podemos simplificar o plano.","Problemas, imprevistos e soluções","browser","","","","public/data/sentences.json","Gerar primeiro"
"2759","I'd try a smaller change first.","Eu tentaria uma mudança menor primeiro.","Problemas, imprevistos e soluções","browser","","","","public/data/sentences.json","Gerar primeiro"
"2760","Let's see whether this helps.","Vamos ver se isto ajuda.","Problemas, imprevistos e soluções","browser","","","","public/data/sentences.json","Gerar primeiro"
"2761","Did that solve the problem?","Isso resolveu o problema?","Problemas, imprevistos e soluções","browser","","","","public/data/sentences.json","Gerar primeiro"
"2762","It's working better now.","Está funcionando melhor agora.","Problemas, imprevistos e soluções","browser","","","","public/data/sentences.json","Gerar primeiro"
"2763","The issue is still there.","O problema continua.","Problemas, imprevistos e soluções","browser","","","","public/data/sentences.json","Gerar primeiro"
"2764","Let's give it another test.","Vamos testar de novo.","Problemas, imprevistos e soluções","browser","","","","public/data/sentences.json","Gerar primeiro"
"2765","That fixed one part, but not the other.","Isso resolveu uma parte, mas não a outra.","Problemas, imprevistos e soluções","browser","","","","public/data/sentences.json","Gerar primeiro"
"2766","We need to make sure it stays fixed.","Precisamos garantir que continue resolvido.","Problemas, imprevistos e soluções","browser","","","","public/data/sentences.json","Gerar primeiro"
"2767","Try it again from the beginning.","Tente novamente desde o começo.","Problemas, imprevistos e soluções","browser","","","","public/data/sentences.json","Gerar primeiro"
"2768","I can't tell whether it made a difference.","Não consigo dizer se fez diferença.","Problemas, imprevistos e soluções","browser","","","","public/data/sentences.json","Gerar primeiro"
"2769","Let's compare it with the original.","Vamos comparar com o original.","Problemas, imprevistos e soluções","browser","","","","public/data/sentences.json","Gerar primeiro"
"2770","That seems to have done the trick.","Parece que isso resolveu. [Informal]","Problemas, imprevistos e soluções","browser","","","","public/data/sentences.json","Gerar primeiro"
"2771","I need a little time to sort this out.","Preciso de um pouco de tempo para resolver isto.","Problemas, imprevistos e soluções","browser","","","","public/data/sentences.json","Gerar primeiro"
"2772","Let's adjust the plan accordingly.","Vamos ajustar o plano de acordo com a situação.","Problemas, imprevistos e soluções","browser","","","","public/data/sentences.json","Gerar primeiro"
"2773","We may need to start over.","Talvez precisemos começar de novo.","Problemas, imprevistos e soluções","browser","","","","public/data/sentences.json","Gerar primeiro"
"2774","Some of this can still be used.","Ainda dá para aproveitar uma parte disto.","Problemas, imprevistos e soluções","browser","","","","public/data/sentences.json","Gerar primeiro"
"2775","Let's salvage what we can.","Vamos salvar o que for possível.","Problemas, imprevistos e soluções","browser","","","","public/data/sentences.json","Gerar primeiro"
"2776","I don't want to make the problem worse.","Não quero piorar o problema.","Problemas, imprevistos e soluções","browser","","","","public/data/sentences.json","Gerar primeiro"
"2777","We should pause before making another change.","Devemos parar um pouco antes de outra alteração.","Problemas, imprevistos e soluções","browser","","","","public/data/sentences.json","Gerar primeiro"
"2778","I'll deal with the urgent part today.","Vou cuidar da parte urgente hoje.","Problemas, imprevistos e soluções","browser","","","","public/data/sentences.json","Gerar primeiro"
"2779","The rest can wait until we know more.","O restante pode esperar até sabermos mais.","Problemas, imprevistos e soluções","browser","","","","public/data/sentences.json","Gerar primeiro"
"2780","Let's set a realistic next step.","Vamos definir um próximo passo realista.","Problemas, imprevistos e soluções","browser","","","","public/data/sentences.json","Gerar primeiro"
"2781","At least we know what not to do.","Pelo menos sabemos o que não fazer.","Problemas, imprevistos e soluções","browser","","","","public/data/sentences.json","Gerar primeiro"
"2782","That was a lesson learned the hard way.","Foi uma lição aprendida na prática, com dificuldade.","Problemas, imprevistos e soluções","browser","","","","public/data/sentences.json","Gerar primeiro"
"2783","We won't make that mistake twice.","Não vamos cometer esse erro duas vezes.","Problemas, imprevistos e soluções","browser","","","","public/data/sentences.json","Gerar primeiro"
"2784","Let's write down what worked.","Vamos anotar o que funcionou.","Problemas, imprevistos e soluções","browser","","","","public/data/sentences.json","Gerar primeiro"
"2785","I should have checked before doing it.","Eu deveria ter conferido antes de fazer.","Problemas, imprevistos e soluções","browser","","","","public/data/sentences.json","Gerar primeiro"
"2786","Next time, we'll leave more room for error.","Da próxima vez, vamos deixar mais margem para erros.","Problemas, imprevistos e soluções","browser","","","","public/data/sentences.json","Gerar primeiro"
"2787","We need a better way to catch this early.","Precisamos de uma forma melhor de detectar isto cedo.","Problemas, imprevistos e soluções","browser","","","","public/data/sentences.json","Gerar primeiro"
"2788","It's useful to know where the weak points are.","É útil saber onde estão os pontos fracos.","Problemas, imprevistos e soluções","browser","","","","public/data/sentences.json","Gerar primeiro"
"2789","The experience wasn't a complete waste.","A experiência não foi um desperdício completo.","Problemas, imprevistos e soluções","browser","","","","public/data/sentences.json","Gerar primeiro"
"2790","We're better prepared now.","Agora estamos mais preparados.","Problemas, imprevistos e soluções","browser","","","","public/data/sentences.json","Gerar primeiro"
"2791","It is what it is.","É o que temos. [Informal; resignado]","Problemas, imprevistos e soluções","browser","","","","public/data/sentences.json","Gerar primeiro"
"2792","These things happen sometimes.","Essas coisas acontecem às vezes.","Problemas, imprevistos e soluções","browser","","","","public/data/sentences.json","Gerar primeiro"
"2793","There's no point dwelling on it forever.","Não adianta ficar remoendo isso para sempre.","Problemas, imprevistos e soluções","browser","","","","public/data/sentences.json","Gerar primeiro"
"2794","We'll have to make the best of it.","Vamos ter que aproveitar o que der.","Problemas, imprevistos e soluções","browser","","","","public/data/sentences.json","Gerar primeiro"
"2795","It's not ideal, but it'll do.","Não é o ideal, mas serve.","Problemas, imprevistos e soluções","browser","","","","public/data/sentences.json","Gerar primeiro"
"2796","Let's not let this ruin the whole day.","Vamos evitar que isto estrague o dia inteiro.","Problemas, imprevistos e soluções","browser","","","","public/data/sentences.json","Gerar primeiro"
"2797","We did what we could with what we had.","Fizemos o possível com o que tínhamos.","Problemas, imprevistos e soluções","browser","","","","public/data/sentences.json","Gerar primeiro"
"2798","Some things are outside our control.","Algumas coisas estão fora do nosso controle.","Problemas, imprevistos e soluções","browser","","","","public/data/sentences.json","Gerar primeiro"
"2799","I'm disappointed, but I'm moving on.","Estou decepcionado, mas vou seguir em frente.","Problemas, imprevistos e soluções","browser","","","","public/data/sentences.json","Gerar primeiro"
"2800","We'll know better next time.","Da próxima vez, vamos saber agir melhor.","Problemas, imprevistos e soluções","browser","","","","public/data/sentences.json","Gerar primeiro"
"2801","He got chewed out.","Ele levou um esporro. [Informal; bronca forte]","Humor, broncas e linguagem informal","elevenlabs","Chris","eleven_multilingual_v2","/audio/elevenlabs/2801.mp3","public/data/sentences.json","Revisar apenas se houver um problema"
"2802","He's gonna get chewed out.","Ele vai levar um esporro. [Informal; bronca forte]","Humor, broncas e linguagem informal","elevenlabs","Chris","eleven_multilingual_v2","/audio/elevenlabs/2802.mp3","public/data/sentences.json","Revisar apenas se houver um problema"
"2803","His boss chewed him out.","O chefe dele deu um esporro nele. [Informal; bronca forte]","Humor, broncas e linguagem informal","elevenlabs","Chris","eleven_multilingual_v2","/audio/elevenlabs/2803.mp3","public/data/sentences.json","Revisar apenas se houver um problema"
"2804","He's going to get an earful.","Ele vai ouvir um belo sermão. [Informal]","Humor, broncas e linguagem informal","elevenlabs","Chris","eleven_multilingual_v2","/audio/elevenlabs/2804.mp3","public/data/sentences.json","Revisar apenas se houver um problema"
"2805","She gave him an earful.","Ela deu uma bronca longa nele. [Informal]","Humor, broncas e linguagem informal","elevenlabs","Chris","eleven_multilingual_v2","/audio/elevenlabs/2805.mp3","public/data/sentences.json","Revisar apenas se houver um problema"
"2806","He's still gonna hear about it.","Ele ainda vai ouvir reclamação por causa disso. [Informal; contexto de bronca]","Humor, broncas e linguagem informal","elevenlabs","Chris","eleven_multilingual_v2","/audio/elevenlabs/2806.mp3","public/data/sentences.json","Revisar apenas se houver um problema"
"2807","His girlfriend's gonna give him hell.","A namorada dele vai dar um esporro nele. [Forte; pode ser brincadeira]","Humor, broncas e linguagem informal","elevenlabs","Chris","eleven_multilingual_v2","/audio/elevenlabs/2807.mp3","public/data/sentences.json","Revisar apenas se houver um problema"
"2808","He got told off for leaving a mess.","Ele levou bronca por deixar bagunça. [Informal]","Humor, broncas e linguagem informal","elevenlabs","Chris","eleven_multilingual_v2","/audio/elevenlabs/2808.mp3","public/data/sentences.json","Revisar apenas se houver um problema"
"2809","He's in for a telling-off.","Uma bronca está esperando por ele. [Informal; mais britânico]","Humor, broncas e linguagem informal","elevenlabs","Chris","eleven_multilingual_v2","/audio/elevenlabs/2809.mp3","public/data/sentences.json","Revisar apenas se houver um problema"
"2810","He forgot to dry the cup, so he's still in trouble.","Ele esqueceu de secar a xícara, então ainda vai se dar mal. [Brincadeira; contexto doméstico]","Humor, broncas e linguagem informal","elevenlabs","Chris","eleven_multilingual_v2","/audio/elevenlabs/2810.mp3","public/data/sentences.json","Revisar apenas se houver um problema"
"2811","How many times do I have to tell you?","Quantas vezes tenho que dizer isso a você? [Bronca]","Humor, broncas e linguagem informal","elevenlabs","Chris","eleven_multilingual_v2","/audio/elevenlabs/2811.mp3","public/data/sentences.json","Revisar apenas se houver um problema"
"2812","I shouldn't have to ask twice.","Eu não deveria precisar pedir duas vezes. [Firme]","Humor, broncas e linguagem informal","browser","","","","public/data/sentences.json","Gerar primeiro"
"2813","You're really pushing it.","Você está abusando da paciência. [Firme]","Humor, broncas e linguagem informal","browser","","","","public/data/sentences.json","Gerar primeiro"
"2814","Don't test my patience.","Não teste minha paciência. [Bronca]","Humor, broncas e linguagem informal","browser","","","","public/data/sentences.json","Gerar primeiro"
"2815","I'm not going to clean up after you forever.","Não vou ficar limpando sua bagunça para sempre. [Bronca]","Humor, broncas e linguagem informal","browser","","","","public/data/sentences.json","Gerar primeiro"
"2816","That's not good enough.","Isso não está bom o suficiente. [Direto]","Humor, broncas e linguagem informal","browser","","","","public/data/sentences.json","Gerar primeiro"
"2817","You could have at least told me.","Você poderia pelo menos ter me avisado. [Cobrança]","Humor, broncas e linguagem informal","browser","","","","public/data/sentences.json","Gerar primeiro"
"2818","Don't make me come over there.","Não me faça ir aí. [Pode ser brincadeira ou ameaça; cuidado]","Humor, broncas e linguagem informal","browser","","","","public/data/sentences.json","Gerar primeiro"
"2819","You've got some explaining to do.","Você tem muita coisa para explicar. [Cobrança]","Humor, broncas e linguagem informal","browser","","","","public/data/sentences.json","Gerar primeiro"
"2820","You're not off the hook yet.","Você ainda não se livrou da responsabilidade. [Informal]","Humor, broncas e linguagem informal","browser","","","","public/data/sentences.json","Gerar primeiro"
"2821","I'm only kidding.","Estou só brincando. [Informal]","Humor, broncas e linguagem informal","browser","","","","public/data/sentences.json","Gerar primeiro"
"2822","I'm pulling your leg.","Estou tirando uma com você. [Informal]","Humor, broncas e linguagem informal","browser","","","","public/data/sentences.json","Gerar primeiro"
"2823","Can't you take a joke?","Você não sabe levar uma brincadeira? [Pode soar desrespeitoso]","Humor, broncas e linguagem informal","browser","","","","public/data/sentences.json","Gerar primeiro"
"2824","You've got to be kidding me.","Você só pode estar brincando. [Informal; surpresa ou irritação]","Humor, broncas e linguagem informal","browser","","","","public/data/sentences.json","Gerar primeiro"
"2825","Don't give me that look.","Não me olhe com essa cara. [Brincadeira ou cobrança]","Humor, broncas e linguagem informal","browser","","","","public/data/sentences.json","Gerar primeiro"
"2826","Look who's talking.","Olha quem está falando. [Irônico]","Humor, broncas e linguagem informal","browser","","","","public/data/sentences.json","Gerar primeiro"
"2827","Says the person who's always late.","Diz a pessoa que está sempre atrasada. [Irônico]","Humor, broncas e linguagem informal","browser","","","","public/data/sentences.json","Gerar primeiro"
"2828","You make it sound so easy.","Falando assim, até parece fácil.","Humor, broncas e linguagem informal","browser","","","","public/data/sentences.json","Gerar primeiro"
"2829","Very funny.","Muito engraçado. [Literal ou irônico]","Humor, broncas e linguagem informal","browser","","","","public/data/sentences.json","Gerar primeiro"
"2830","I'll get you back for that.","Vou dar o troco por essa. [Brincadeira entre íntimos; cuidado]","Humor, broncas e linguagem informal","browser","","","","public/data/sentences.json","Gerar primeiro"
"2831","Come on, seriously?","Ah, fala sério. [Informal]","Humor, broncas e linguagem informal","browser","","","","public/data/sentences.json","Gerar primeiro"
"2832","Give me a break.","Ah, me poupe. [Informal; impaciente]","Humor, broncas e linguagem informal","browser","","","","public/data/sentences.json","Gerar primeiro"
"2833","That's a bit much.","Isso já é exagero.","Humor, broncas e linguagem informal","browser","","","","public/data/sentences.json","Gerar primeiro"
"2834","You're making a mountain out of a molehill.","Você está fazendo tempestade em copo d'água. [Informal]","Humor, broncas e linguagem informal","browser","","","","public/data/sentences.json","Gerar primeiro"
"2835","Let's not get carried away.","Vamos não nos empolgar além da conta.","Humor, broncas e linguagem informal","browser","","","","public/data/sentences.json","Gerar primeiro"
"2836","Don't blow it out of proportion.","Não exagere a dimensão disso. [Direto]","Humor, broncas e linguagem informal","browser","","","","public/data/sentences.json","Gerar primeiro"
"2837","You're being dramatic.","Você está fazendo drama. [Pode soar invalidante]","Humor, broncas e linguagem informal","browser","","","","public/data/sentences.json","Gerar primeiro"
"2838","That's quite a stretch.","Essa interpretação está bem forçada. [Informal]","Humor, broncas e linguagem informal","browser","","","","public/data/sentences.json","Gerar primeiro"
"2839","I'm not buying it.","Não estou acreditando nessa história. [Informal]","Humor, broncas e linguagem informal","browser","","","","public/data/sentences.json","Gerar primeiro"
"2840","That sounds fishy.","Isso parece suspeito. [Informal]","Humor, broncas e linguagem informal","browser","","","","public/data/sentences.json","Gerar primeiro"
"2841","Cut me some slack.","Pegue mais leve comigo. [Informal]","Humor, broncas e linguagem informal","browser","","","","public/data/sentences.json","Gerar primeiro"
"2842","Go easy on him.","Pegue leve com ele.","Humor, broncas e linguagem informal","browser","","","","public/data/sentences.json","Gerar primeiro"
"2843","Don't be so hard on yourself.","Não seja tão duro consigo mesmo.","Humor, broncas e linguagem informal","browser","","","","public/data/sentences.json","Gerar primeiro"
"2844","Give it a rest.","Dê um tempo com esse assunto. [Informal; impaciente]","Humor, broncas e linguagem informal","browser","","","","public/data/sentences.json","Gerar primeiro"
"2845","Let it go already.","Largue isso de uma vez. [Informal; pode soar grosseiro]","Humor, broncas e linguagem informal","browser","","","","public/data/sentences.json","Gerar primeiro"
"2846","Get off my back.","Pare de pegar no meu pé. [Informal; ríspido]","Humor, broncas e linguagem informal","browser","","","","public/data/sentences.json","Gerar primeiro"
"2847","Stop giving me a hard time.","Pare de me atormentar ou dificultar as coisas. [Informal]","Humor, broncas e linguagem informal","browser","","","","public/data/sentences.json","Gerar primeiro"
"2848","You're wearing me out.","Você está me esgotando. [Direto]","Humor, broncas e linguagem informal","browser","","","","public/data/sentences.json","Gerar primeiro"
"2849","Let's not make a big deal out of it.","Vamos não fazer disso um grande problema.","Humor, broncas e linguagem informal","browser","","","","public/data/sentences.json","Gerar primeiro"
"2850","Can we drop it now?","Podemos encerrar esse assunto agora? [Firme]","Humor, broncas e linguagem informal","browser","","","","public/data/sentences.json","Gerar primeiro"
"2851","I messed up.","Fiz besteira. [Informal]","Humor, broncas e linguagem informal","browser","","","","public/data/sentences.json","Gerar primeiro"
"2852","I screwed up.","Fiz uma bela besteira. [Informal; mais forte]","Humor, broncas e linguagem informal","browser","","","","public/data/sentences.json","Gerar primeiro"
"2853","I blew it.","Estraguei minha chance. [Informal]","Humor, broncas e linguagem informal","browser","","","","public/data/sentences.json","Gerar primeiro"
"2854","That one's on me.","Essa foi culpa minha. [Informal]","Humor, broncas e linguagem informal","browser","","","","public/data/sentences.json","Gerar primeiro"
"2855","My bad.","Foi mal. [Muito informal]","Humor, broncas e linguagem informal","browser","","","","public/data/sentences.json","Gerar primeiro"
"2856","I really dropped the ball.","Eu falhei feio na minha responsabilidade. [Informal]","Humor, broncas e linguagem informal","browser","","","","public/data/sentences.json","Gerar primeiro"
"2857","I got carried away.","Me empolguei demais.","Humor, broncas e linguagem informal","browser","","","","public/data/sentences.json","Gerar primeiro"
"2858","I took it too far.","Fui longe demais.","Humor, broncas e linguagem informal","browser","","","","public/data/sentences.json","Gerar primeiro"
"2859","I made a mess of it.","Fiz uma bagunça com isso. [Informal]","Humor, broncas e linguagem informal","browser","","","","public/data/sentences.json","Gerar primeiro"
"2860","I should've known better.","Eu deveria ter tido mais juízo.","Humor, broncas e linguagem informal","browser","","","","public/data/sentences.json","Gerar primeiro"
"2861","What the heck is going on?","Que diabos está acontecendo? [Informal; suavizado]","Humor, broncas e linguagem informal","browser","","","","public/data/sentences.json","Gerar primeiro"
"2862","What the hell happened here?","Que diabos aconteceu aqui? [Forte]","Humor, broncas e linguagem informal","browser","","","","public/data/sentences.json","Gerar primeiro"
"2863","This is a pain in the neck.","Isto é uma chatice enorme. [Informal]","Humor, broncas e linguagem informal","browser","","","","public/data/sentences.json","Gerar primeiro"
"2864","This is a pain in the ass.","Isto é uma merda de resolver ou aguentar. [Vulgar]","Humor, broncas e linguagem informal","browser","","","","public/data/sentences.json","Gerar primeiro"
"2865","I'm pissed off about it.","Estou muito puto com isso. [Vulgar; americano]","Humor, broncas e linguagem informal","browser","","","","public/data/sentences.json","Gerar primeiro"
"2866","That's bullshit.","Isso é conversa fiada ou besteira. [Vulgar; agressivo]","Humor, broncas e linguagem informal","browser","","","","public/data/sentences.json","Gerar primeiro"
"2867","I don't give a damn.","Não estou nem aí. [Forte]","Humor, broncas e linguagem informal","browser","","","","public/data/sentences.json","Gerar primeiro"
"2868","Oh crap, I forgot.","Droga, esqueci. [Informal; palavrão leve]","Humor, broncas e linguagem informal","browser","","","","public/data/sentences.json","Gerar primeiro"
"2869","For crying out loud!","Pelo amor de Deus! [Informal; irritação]","Humor, broncas e linguagem informal","browser","","","","public/data/sentences.json","Gerar primeiro"
"2870","You've got to be freaking kidding me.","Você só pode estar de sacanagem. [Forte; intensificado]","Humor, broncas e linguagem informal","browser","","","","public/data/sentences.json","Gerar primeiro"
"2871","That's awesome.","Isso é muito legal. [Informal]","Humor, broncas e linguagem informal","browser","","","","public/data/sentences.json","Gerar primeiro"
"2872","You nailed it.","Você acertou em cheio. [Informal]","Humor, broncas e linguagem informal","browser","","","","public/data/sentences.json","Gerar primeiro"
"2873","That was spot on.","Aquilo foi certeiro. [Informal]","Humor, broncas e linguagem informal","browser","","","","public/data/sentences.json","Gerar primeiro"
"2874","You're on fire today.","Hoje você está arrasando. [Figurado; informal]","Humor, broncas e linguagem informal","browser","","","","public/data/sentences.json","Gerar primeiro"
"2875","Way to go!","Boa! É isso aí! [Informal]","Humor, broncas e linguagem informal","browser","","","","public/data/sentences.json","Gerar primeiro"
"2876","That's the spirit.","Esse é o espírito.","Humor, broncas e linguagem informal","browser","","","","public/data/sentences.json","Gerar primeiro"
"2877","You crushed it.","Você arrasou. [Informal]","Humor, broncas e linguagem informal","browser","","","","public/data/sentences.json","Gerar primeiro"
"2878","That was smooth.","Essa foi bem executada. [Informal; também irônico]","Humor, broncas e linguagem informal","browser","","","","public/data/sentences.json","Gerar primeiro"
"2879","Not too shabby.","Nada mal. [Informal; elogio discreto]","Humor, broncas e linguagem informal","browser","","","","public/data/sentences.json","Gerar primeiro"
"2880","I'm sold.","Você me convenceu. [Informal]","Humor, broncas e linguagem informal","browser","","","","public/data/sentences.json","Gerar primeiro"
"2881","He's full of himself.","Ele se acha demais. [Crítico; informal]","Humor, broncas e linguagem informal","browser","","","","public/data/sentences.json","Gerar primeiro"
"2882","She's down to earth.","Ela é uma pessoa pé no chão.","Humor, broncas e linguagem informal","browser","","","","public/data/sentences.json","Gerar primeiro"
"2883","He talks a big game.","Ele fala como se fosse fazer grandes coisas. [Crítico; informal]","Humor, broncas e linguagem informal","browser","","","","public/data/sentences.json","Gerar primeiro"
"2884","She's got a good head on her shoulders.","Ela tem juízo e bom senso.","Humor, broncas e linguagem informal","browser","","","","public/data/sentences.json","Gerar primeiro"
"2885","He's all talk.","Ele só fala e não faz. [Crítico; informal]","Humor, broncas e linguagem informal","browser","","","","public/data/sentences.json","Gerar primeiro"
"2886","She's not one to hold a grudge.","Ela não é de guardar rancor.","Humor, broncas e linguagem informal","browser","","","","public/data/sentences.json","Gerar primeiro"
"2887","He means well, but he can be pushy.","Ele tem boa intenção, mas pode ser insistente demais.","Humor, broncas e linguagem informal","browser","","","","public/data/sentences.json","Gerar primeiro"
"2888","She's got a soft spot for him.","Ela tem um carinho especial por ele.","Humor, broncas e linguagem informal","browser","","","","public/data/sentences.json","Gerar primeiro"
"2889","He's a bit of a know-it-all.","Ele é meio sabe-tudo. [Crítico; informal]","Humor, broncas e linguagem informal","browser","","","","public/data/sentences.json","Gerar primeiro"
"2890","She's the life of the party.","Ela é a pessoa que anima a festa. [Informal]","Humor, broncas e linguagem informal","browser","","","","public/data/sentences.json","Gerar primeiro"
"2891","No big deal.","Não é nada demais. [Informal]","Humor, broncas e linguagem informal","browser","","","","public/data/sentences.json","Gerar primeiro"
"2892","Fair enough.","Justo; faz sentido. [Informal]","Humor, broncas e linguagem informal","browser","","","","public/data/sentences.json","Gerar primeiro"
"2893","Suit yourself.","Você que sabe. [Pode soar frio]","Humor, broncas e linguagem informal","browser","","","","public/data/sentences.json","Gerar primeiro"
"2894","Beats me.","Não faço ideia. [Informal]","Humor, broncas e linguagem informal","browser","","","","public/data/sentences.json","Gerar primeiro"
"2895","Tell me about it.","Nem me fale; eu sei bem. [Concordância, não pedido literal]","Humor, broncas e linguagem informal","browser","","","","public/data/sentences.json","Gerar primeiro"
"2896","You can say that again.","Pode apostar; concordo plenamente. [Não pede repetição literal]","Humor, broncas e linguagem informal","browser","","","","public/data/sentences.json","Gerar primeiro"
"2897","That's more like it.","Agora sim; assim está melhor. [Informal]","Humor, broncas e linguagem informal","browser","","","","public/data/sentences.json","Gerar primeiro"
"2898","Don't get your hopes up.","Não crie muitas expectativas.","Humor, broncas e linguagem informal","browser","","","","public/data/sentences.json","Gerar primeiro"
"2899","I wouldn't hold my breath.","Eu não contaria muito com isso. [Figurado; informal]","Humor, broncas e linguagem informal","browser","","","","public/data/sentences.json","Gerar primeiro"
"2900","Well, what do you know!","Ora, quem diria! [Informal; surpresa]","Humor, broncas e linguagem informal","browser","","","","public/data/sentences.json","Gerar primeiro"
"2901","First things first, let's define the problem.","Antes de tudo, vamos definir o problema.","Expressões coringa, conectores e conversa avançada","elevenlabs","Chris","eleven_multilingual_v2","/audio/elevenlabs/2901.mp3","public/data/sentences.json","Revisar apenas se houver um problema"
"2902","To begin with, we need more context.","Para começar, precisamos de mais contexto.","Expressões coringa, conectores e conversa avançada","elevenlabs","Chris","eleven_multilingual_v2","/audio/elevenlabs/2902.mp3","public/data/sentences.json","Revisar apenas se houver um problema"
"2903","The main thing is to stay consistent.","O principal é manter a constância.","Expressões coringa, conectores e conversa avançada","elevenlabs","Chris","eleven_multilingual_v2","/audio/elevenlabs/2903.mp3","public/data/sentences.json","Revisar apenas se houver um problema"
"2904","There are a couple of things to consider.","Há algumas coisas a considerar.","Expressões coringa, conectores e conversa avançada","elevenlabs","Chris","eleven_multilingual_v2","/audio/elevenlabs/2904.mp3","public/data/sentences.json","Revisar apenas se houver um problema"
"2905","Let me put it another way.","Deixe eu colocar de outra forma.","Expressões coringa, conectores e conversa avançada","elevenlabs","Chris","eleven_multilingual_v2","/audio/elevenlabs/2905.mp3","public/data/sentences.json","Revisar apenas se houver um problema"
"2906","Here's the thing: we don't have much time.","A questão é a seguinte: não temos muito tempo. [Conversacional]","Expressões coringa, conectores e conversa avançada","elevenlabs","Chris","eleven_multilingual_v2","/audio/elevenlabs/2906.mp3","public/data/sentences.json","Revisar apenas se houver um problema"
"2907","The point I'm trying to make is simple.","O ponto que estou tentando apresentar é simples.","Expressões coringa, conectores e conversa avançada","elevenlabs","Chris","eleven_multilingual_v2","/audio/elevenlabs/2907.mp3","public/data/sentences.json","Revisar apenas se houver um problema"
"2908","Let's start with what we know.","Vamos começar pelo que sabemos.","Expressões coringa, conectores e conversa avançada","elevenlabs","Chris","eleven_multilingual_v2","/audio/elevenlabs/2908.mp3","public/data/sentences.json","Revisar apenas se houver um problema"
"2909","I'll come back to that in a moment.","Vou voltar a esse ponto daqui a pouco.","Expressões coringa, conectores e conversa avançada","elevenlabs","Chris","eleven_multilingual_v2","/audio/elevenlabs/2909.mp3","public/data/sentences.json","Revisar apenas se houver um problema"
"2910","For now, let's focus on the basics.","Por enquanto, vamos focar no básico.","Expressões coringa, conectores e conversa avançada","elevenlabs","Chris","eleven_multilingual_v2","/audio/elevenlabs/2910.mp3","public/data/sentences.json","Revisar apenas se houver um problema"
"2911","On top of that, the price went up.","Além disso, o preço aumentou.","Expressões coringa, conectores e conversa avançada","elevenlabs","Chris","eleven_multilingual_v2","/audio/elevenlabs/2911.mp3","public/data/sentences.json","Revisar apenas se houver um problema"
"2912","What's more, we already have an alternative.","Além do mais, já temos uma alternativa.","Expressões coringa, conectores e conversa avançada","browser","","","","public/data/sentences.json","Gerar primeiro"
"2913","That said, I still have concerns.","Dito isso, ainda tenho preocupações.","Expressões coringa, conectores e conversa avançada","browser","","","","public/data/sentences.json","Gerar primeiro"
"2914","On the other hand, it might save time.","Por outro lado, isso pode economizar tempo.","Expressões coringa, conectores e conversa avançada","browser","","","","public/data/sentences.json","Gerar primeiro"
"2915","Even so, I'd like to try.","Mesmo assim, gostaria de tentar.","Expressões coringa, conectores e conversa avançada","browser","","","","public/data/sentences.json","Gerar primeiro"
"2916","Then again, we could be wrong.","Por outro lado, podemos estar errados.","Expressões coringa, conectores e conversa avançada","browser","","","","public/data/sentences.json","Gerar primeiro"
"2917","At the same time, we need to be realistic.","Ao mesmo tempo, precisamos ser realistas.","Expressões coringa, conectores e conversa avançada","browser","","","","public/data/sentences.json","Gerar primeiro"
"2918","By contrast, the second option is simpler.","Em contraste, a segunda opção é mais simples.","Expressões coringa, conectores e conversa avançada","browser","","","","public/data/sentences.json","Gerar primeiro"
"2919","Still, that doesn't solve everything.","Ainda assim, isso não resolve tudo.","Expressões coringa, conectores e conversa avançada","browser","","","","public/data/sentences.json","Gerar primeiro"
"2920","It's not only cheaper; it's easier to maintain.","Não é só mais barato; é mais fácil de manter.","Expressões coringa, conectores e conversa avançada","browser","","","","public/data/sentences.json","Gerar primeiro"
"2921","That's why I brought it up.","Foi por isso que toquei no assunto.","Expressões coringa, conectores e conversa avançada","browser","","","","public/data/sentences.json","Gerar primeiro"
"2922","That's how we ended up here.","Foi assim que chegamos a este ponto.","Expressões coringa, conectores e conversa avançada","browser","","","","public/data/sentences.json","Gerar primeiro"
"2923","As a result, we had to change the plan.","Como resultado, tivemos de mudar o plano.","Expressões coringa, conectores e conversa avançada","browser","","","","public/data/sentences.json","Gerar primeiro"
"2924","It all comes down to timing.","No fim, tudo se resume ao momento certo.","Expressões coringa, conectores e conversa avançada","browser","","","","public/data/sentences.json","Gerar primeiro"
"2925","The reason is simpler than it seems.","O motivo é mais simples do que parece.","Expressões coringa, conectores e conversa avançada","browser","","","","public/data/sentences.json","Gerar primeiro"
"2926","That explains a lot.","Isso explica muita coisa.","Expressões coringa, conectores e conversa avançada","browser","","","","public/data/sentences.json","Gerar primeiro"
"2927","No wonder you're tired.","Não é de admirar que você esteja cansado.","Expressões coringa, conectores e conversa avançada","browser","","","","public/data/sentences.json","Gerar primeiro"
"2928","That doesn't mean it was a bad idea.","Isso não significa que foi uma má ideia.","Expressões coringa, conectores e conversa avançada","browser","","","","public/data/sentences.json","Gerar primeiro"
"2929","The problem stems from a misunderstanding.","O problema tem origem em um mal-entendido.","Expressões coringa, conectores e conversa avançada","browser","","","","public/data/sentences.json","Gerar primeiro"
"2930","One thing led to another.","Uma coisa levou à outra.","Expressões coringa, conectores e conversa avançada","browser","","","","public/data/sentences.json","Gerar primeiro"
"2931","Take this situation, for example.","Veja esta situação, por exemplo.","Expressões coringa, conectores e conversa avançada","browser","","","","public/data/sentences.json","Gerar primeiro"
"2932","A good example would be our last project.","Um bom exemplo seria nosso último projeto.","Expressões coringa, conectores e conversa avançada","browser","","","","public/data/sentences.json","Gerar primeiro"
"2933","In other words, we need more time.","Em outras palavras, precisamos de mais tempo.","Expressões coringa, conectores e conversa avançada","browser","","","","public/data/sentences.json","Gerar primeiro"
"2934","What I mean is, we should check first.","O que quero dizer é que devemos conferir primeiro.","Expressões coringa, conectores e conversa avançada","browser","","","","public/data/sentences.json","Gerar primeiro"
"2935","To put it simply, it doesn't fit.","Simplificando, isso não se encaixa.","Expressões coringa, conectores e conversa avançada","browser","","","","public/data/sentences.json","Gerar primeiro"
"2936","It's like trying to run before you can walk.","É como tentar correr antes de saber andar.","Expressões coringa, conectores e conversa avançada","browser","","","","public/data/sentences.json","Gerar primeiro"
"2937","Think of it as a starting point.","Pense nisto como um ponto de partida.","Expressões coringa, conectores e conversa avançada","browser","","","","public/data/sentences.json","Gerar primeiro"
"2938","That's one way of looking at it.","Essa é uma forma de olhar para isso.","Expressões coringa, conectores e conversa avançada","browser","","","","public/data/sentences.json","Gerar primeiro"
"2939","Let me give you a concrete example.","Deixe eu dar um exemplo concreto.","Expressões coringa, conectores e conversa avançada","browser","","","","public/data/sentences.json","Gerar primeiro"
"2940","I'm using that word in a broad sense.","Estou usando essa palavra em sentido amplo.","Expressões coringa, conectores e conversa avançada","browser","","","","public/data/sentences.json","Gerar primeiro"
"2941","For what it's worth, I think you did well.","De qualquer forma, acho que você se saiu bem.","Expressões coringa, conectores e conversa avançada","browser","","","","public/data/sentences.json","Gerar primeiro"
"2942","As far as I'm concerned, that's settled.","No que me diz respeito, isso está resolvido.","Expressões coringa, conectores e conversa avançada","browser","","","","public/data/sentences.json","Gerar primeiro"
"2943","From what I can tell, it's working.","Pelo que consigo perceber, está funcionando.","Expressões coringa, conectores e conversa avançada","browser","","","","public/data/sentences.json","Gerar primeiro"
"2944","To the best of my knowledge, that's accurate.","Até onde vai meu conhecimento, isso está correto.","Expressões coringa, conectores e conversa avançada","browser","","","","public/data/sentences.json","Gerar primeiro"
"2945","I'm not an expert, but I have a question.","Não sou especialista, mas tenho uma pergunta.","Expressões coringa, conectores e conversa avançada","browser","","","","public/data/sentences.json","Gerar primeiro"
"2946","Roughly speaking, we're halfway there.","Grosso modo, estamos na metade do caminho.","Expressões coringa, conectores e conversa avançada","browser","","","","public/data/sentences.json","Gerar primeiro"
"2947","More often than not, the simple option works.","Na maioria das vezes, a opção simples funciona.","Expressões coringa, conectores e conversa avançada","browser","","","","public/data/sentences.json","Gerar primeiro"
"2948","At least in this case, it makes sense.","Pelo menos neste caso, faz sentido.","Expressões coringa, conectores e conversa avançada","browser","","","","public/data/sentences.json","Gerar primeiro"
"2949","I don't mean that as a criticism.","Não digo isso como crítica.","Expressões coringa, conectores e conversa avançada","browser","","","","public/data/sentences.json","Gerar primeiro"
"2950","There's only so much we can do.","Há um limite para o que podemos fazer.","Expressões coringa, conectores e conversa avançada","browser","","","","public/data/sentences.json","Gerar primeiro"
"2951","As long as we're clear about the risks, I'm okay with it.","Desde que os riscos estejam claros, estou de acordo.","Expressões coringa, conectores e conversa avançada","browser","","","","public/data/sentences.json","Gerar primeiro"
"2952","Unless something changes, I'll be there.","A menos que algo mude, estarei lá.","Expressões coringa, conectores e conversa avançada","browser","","","","public/data/sentences.json","Gerar primeiro"
"2953","Even if it fails, we'll learn something.","Mesmo se falhar, vamos aprender algo.","Expressões coringa, conectores e conversa avançada","browser","","","","public/data/sentences.json","Gerar primeiro"
"2954","Whether we like it or not, we need to decide.","Gostando ou não, precisamos decidir.","Expressões coringa, conectores e conversa avançada","browser","","","","public/data/sentences.json","Gerar primeiro"
"2955","If all goes well, we'll finish today.","Se tudo correr bem, terminaremos hoje.","Expressões coringa, conectores e conversa avançada","browser","","","","public/data/sentences.json","Gerar primeiro"
"2956","Worst-case scenario, we start again.","No pior cenário, começamos de novo.","Expressões coringa, conectores e conversa avançada","browser","","","","public/data/sentences.json","Gerar primeiro"
"2957","Best-case scenario, it solves both problems.","No melhor cenário, resolve os dois problemas.","Expressões coringa, conectores e conversa avançada","browser","","","","public/data/sentences.json","Gerar primeiro"
"2958","Just in case, I'll bring a spare.","Por precaução, vou levar um extra.","Expressões coringa, conectores e conversa avançada","browser","","","","public/data/sentences.json","Gerar primeiro"
"2959","Assuming that's true, what follows?","Supondo que isso seja verdade, o que decorre daí?","Expressões coringa, conectores e conversa avançada","browser","","","","public/data/sentences.json","Gerar primeiro"
"2960","Either way, we need a plan.","De qualquer maneira, precisamos de um plano.","Expressões coringa, conectores e conversa avançada","browser","","","","public/data/sentences.json","Gerar primeiro"
"2961","Don't get me wrong; I like the idea.","Não me entenda mal; gosto da ideia.","Expressões coringa, conectores e conversa avançada","browser","","","","public/data/sentences.json","Gerar primeiro"
"2962","That's not to say we should give up.","Isso não quer dizer que devamos desistir.","Expressões coringa, conectores e conversa avançada","browser","","","","public/data/sentences.json","Gerar primeiro"
"2963","I'm not suggesting we ignore the problem.","Não estou sugerindo que ignoremos o problema.","Expressões coringa, conectores e conversa avançada","browser","","","","public/data/sentences.json","Gerar primeiro"
"2964","You're taking my words out of context.","Você está tirando minhas palavras do contexto. [Direto]","Expressões coringa, conectores e conversa avançada","browser","","","","public/data/sentences.json","Gerar primeiro"
"2965","Let's not confuse the goal with the method.","Vamos não confundir o objetivo com o método.","Expressões coringa, conectores e conversa avançada","browser","","","","public/data/sentences.json","Gerar primeiro"
"2966","That's beside the point.","Isso não é o ponto em discussão.","Expressões coringa, conectores e conversa avançada","browser","","","","public/data/sentences.json","Gerar primeiro"
"2967","We're talking past each other.","Estamos falando sem entender o ponto um do outro.","Expressões coringa, conectores e conversa avançada","browser","","","","public/data/sentences.json","Gerar primeiro"
"2968","I think we're saying the same thing differently.","Acho que estamos dizendo a mesma coisa de modos diferentes.","Expressões coringa, conectores e conversa avançada","browser","","","","public/data/sentences.json","Gerar primeiro"
"2969","That's a stronger claim than the one I made.","Essa é uma afirmação mais forte do que a que fiz.","Expressões coringa, conectores e conversa avançada","browser","","","","public/data/sentences.json","Gerar primeiro"
"2970","I'm making a narrower point.","Estou apresentando um ponto mais restrito.","Expressões coringa, conectores e conversa avançada","browser","","","","public/data/sentences.json","Gerar primeiro"
"2971","It all started with a simple question.","Tudo começou com uma pergunta simples.","Expressões coringa, conectores e conversa avançada","browser","","","","public/data/sentences.json","Gerar primeiro"
"2972","At first, I didn't think much of it.","No começo, não dei muita importância.","Expressões coringa, conectores e conversa avançada","browser","","","","public/data/sentences.json","Gerar primeiro"
"2973","Before I knew it, an hour had passed.","Quando percebi, uma hora tinha passado.","Expressões coringa, conectores e conversa avançada","browser","","","","public/data/sentences.json","Gerar primeiro"
"2974","Out of nowhere, he changed the subject.","Do nada, ele mudou de assunto.","Expressões coringa, conectores e conversa avançada","browser","","","","public/data/sentences.json","Gerar primeiro"
"2975","To make matters worse, it started raining.","Para piorar, começou a chover.","Expressões coringa, conectores e conversa avançada","browser","","","","public/data/sentences.json","Gerar primeiro"
"2976","As it turned out, we were both mistaken.","No fim das contas, descobrimos que os dois estavam errados.","Expressões coringa, conectores e conversa avançada","browser","","","","public/data/sentences.json","Gerar primeiro"
"2977","In the end, it was worth the effort.","No fim, valeu o esforço.","Expressões coringa, conectores e conversa avançada","browser","","","","public/data/sentences.json","Gerar primeiro"
"2978","Looking back, I should have asked sooner.","Olhando para trás, eu deveria ter perguntado antes.","Expressões coringa, conectores e conversa avançada","browser","","","","public/data/sentences.json","Gerar primeiro"
"2979","At the time, it seemed reasonable.","Na época, parecia razoável.","Expressões coringa, conectores e conversa avançada","browser","","","","public/data/sentences.json","Gerar primeiro"
"2980","Long story short, we missed the train.","Resumindo a história, perdemos o trem. [Informal]","Expressões coringa, conectores e conversa avançada","browser","","","","public/data/sentences.json","Gerar primeiro"
"2981","All things considered, it went well.","Considerando tudo, foi bem.","Expressões coringa, conectores e conversa avançada","browser","","","","public/data/sentences.json","Gerar primeiro"
"2982","By and large, I'm satisfied.","De modo geral, estou satisfeito.","Expressões coringa, conectores e conversa avançada","browser","","","","public/data/sentences.json","Gerar primeiro"
"2983","For the most part, it worked as expected.","Na maior parte, funcionou como esperado.","Expressões coringa, conectores e conversa avançada","browser","","","","public/data/sentences.json","Gerar primeiro"
"2984","The bottom line is that we need clarity.","O essencial é que precisamos de clareza.","Expressões coringa, conectores e conversa avançada","browser","","","","public/data/sentences.json","Gerar primeiro"
"2985","At the end of the day, it's your choice.","No fim das contas, a escolha é sua. [Figurado]","Expressões coringa, conectores e conversa avançada","browser","","","","public/data/sentences.json","Gerar primeiro"
"2986","In a nutshell, we need to simplify.","Resumindo, precisamos simplificar.","Expressões coringa, conectores e conversa avançada","browser","","","","public/data/sentences.json","Gerar primeiro"
"2987","To sum up, there are three main concerns.","Em resumo, há três preocupações principais.","Expressões coringa, conectores e conversa avançada","browser","","","","public/data/sentences.json","Gerar primeiro"
"2988","That's about the size of it.","É basicamente isso. [Informal]","Expressões coringa, conectores e conversa avançada","browser","","","","public/data/sentences.json","Gerar primeiro"
"2989","It wasn't perfect, but it was a start.","Não foi perfeito, mas foi um começo.","Expressões coringa, conectores e conversa avançada","browser","","","","public/data/sentences.json","Gerar primeiro"
"2990","We learned more than we expected.","Aprendemos mais do que esperávamos.","Expressões coringa, conectores e conversa avançada","browser","","","","public/data/sentences.json","Gerar primeiro"
"2991","Let's cross that bridge when we come to it.","Vamos lidar com esse problema quando ele surgir. [Figurado]","Expressões coringa, conectores e conversa avançada","browser","","","","public/data/sentences.json","Gerar primeiro"
"2992","We'll see how it goes.","Vamos ver como as coisas andam.","Expressões coringa, conectores e conversa avançada","browser","","","","public/data/sentences.json","Gerar primeiro"
"2993","Only time will tell.","Só o tempo dirá.","Expressões coringa, conectores e conversa avançada","browser","","","","public/data/sentences.json","Gerar primeiro"
"2994","There's more to it than meets the eye.","Há mais coisas aí do que parece à primeira vista.","Expressões coringa, conectores e conversa avançada","browser","","","","public/data/sentences.json","Gerar primeiro"
"2995","That's easier said than done.","É mais fácil falar do que fazer.","Expressões coringa, conectores e conversa avançada","browser","","","","public/data/sentences.json","Gerar primeiro"
"2996","It's a matter of finding the right balance.","É uma questão de encontrar o equilíbrio certo.","Expressões coringa, conectores e conversa avançada","browser","","","","public/data/sentences.json","Gerar primeiro"
"2997","You win some, you lose some.","Às vezes se ganha, às vezes se perde. [Informal]","Expressões coringa, conectores e conversa avançada","browser","","","","public/data/sentences.json","Gerar primeiro"
"2998","There's no one-size-fits-all answer.","Não há uma resposta única que sirva para todos.","Expressões coringa, conectores e conversa avançada","browser","","","","public/data/sentences.json","Gerar primeiro"
"2999","Let's keep things in perspective.","Vamos manter a noção das proporções.","Expressões coringa, conectores e conversa avançada","browser","","","","public/data/sentences.json","Gerar primeiro"
"3000","The important thing is to keep the conversation going.","O importante é manter a conversa acontecendo.","Expressões coringa, conectores e conversa avançada","browser","","","","public/data/sentences.json","Gerar primeiro"
"E001","Could you leave the window cracked?","Você pode deixar a janela entreaberta?","Casa: limpeza e organização","browser","","","","public/data/extras.json","Gerar primeiro"
"E002","I'll pack lunch for tomorrow.","Vou preparar o almoço de amanhã para levar.","Cozinha e refeições em casa","browser","","","","public/data/extras.json","Gerar primeiro"
"E003","I need a little more time to wake up.","Preciso de mais um tempinho para acordar.","Rotina pessoal, sono e cuidados diários","browser","","","","public/data/extras.json","Gerar primeiro"
"E004","The faucet keeps dripping.","A torneira não para de pingar.","Moradia, reparos e vizinhança","browser","","","","public/data/extras.json","Gerar primeiro"
"E005","I love the way you think.","Eu adoro o seu jeito de pensar.","Relacionamento: carinho, namoro e planos","browser","","","","public/data/extras.json","Gerar primeiro"
"E006","Let's take a breath and start over.","Vamos respirar e começar de novo.","Relacionamento: conflitos, limites e reconciliação","browser","","","","public/data/extras.json","Gerar primeiro"
"E007","She gets that smile from her mother.","Ela puxou o sorriso da mãe.","Família, crianças e parentes","browser","","","","public/data/extras.json","Gerar primeiro"
"E008","Do you feel like hanging out later?","Você está a fim de sair mais tarde?","Amigos, convites e vida social","browser","","","","public/data/extras.json","Gerar primeiro"
"E009","I don't think we've met.","Acho que a gente ainda não se conhece.","Cumprimentos, apresentações e conversa casual","browser","","","","public/data/extras.json","Gerar primeiro"
"E010","I'm feeling a little overwhelmed.","Estou me sentindo um pouco sobrecarregado.","Emoções, reações e desabafos","browser","","","","public/data/extras.json","Gerar primeiro"
"E011","I see where you're coming from.","Eu entendo o seu ponto de vista.","Opiniões, concordância e discordância","browser","","","","public/data/extras.json","Gerar primeiro"
"E012","Would you mind holding the door?","Você se importaria de segurar a porta?","Pedidos, ajuda e favores","browser","","","","public/data/extras.json","Gerar primeiro"
"E013","I really appreciate your patience.","Eu agradeço muito a sua paciência.","Desculpas, agradecimentos e educação","browser","","","","public/data/extras.json","Gerar primeiro"
"E014","Let's tackle the hardest thing first.","Vamos encarar primeiro a parte mais difícil.","Trabalho: rotina, equipe e prioridades","browser","","","","public/data/extras.json","Gerar primeiro"
"E015","Can we circle back to this tomorrow?","Podemos retomar isso amanhã?","Trabalho: reuniões, decisões e projetos","browser","","","","public/data/extras.json","Gerar primeiro"
"E016","What would a realistic deadline look like?","Como seria um prazo realista?","Trabalho: feedback, prazos e problemas","browser","","","","public/data/extras.json","Gerar primeiro"
"E017","The update should fix the issue.","A atualização deve corrigir o problema.","Tecnologia, suporte e desenvolvimento","browser","","","","public/data/extras.json","Gerar primeiro"
"E018","I finally got the hang of it.","Finalmente peguei o jeito.","Estudos, aprendizagem e inglês","browser","","","","public/data/extras.json","Gerar primeiro"
"E019","Is there a discount if I pay today?","Tem desconto se eu pagar hoje?","Compras, serviços e atendimento","browser","","","","public/data/extras.json","Gerar primeiro"
"E020","I'm trying to cut back on subscriptions.","Estou tentando reduzir as assinaturas.","Dinheiro, contas e orçamento","browser","","","","public/data/extras.json","Gerar primeiro"
"E021","Could we get separate checks, please?","Podemos pedir contas separadas, por favor?","Restaurantes, cafés e delivery","browser","","","","public/data/extras.json","Gerar primeiro"
"E022","Is this the right platform for downtown?","Esta é a plataforma certa para o centro?","Rua, direções e transporte","browser","","","","public/data/extras.json","Gerar primeiro"
"E023","Could I get a room away from the elevator?","Posso pegar um quarto longe do elevador?","Viagens, hotéis e aeroportos","browser","","","","public/data/extras.json","Gerar primeiro"
"E024","My throat has been sore since yesterday.","Minha garganta está doendo desde ontem.","Saúde, corpo e bem-estar","browser","","","","public/data/extras.json","Gerar primeiro"
"E025","That ending caught me completely off guard.","Aquele final me pegou completamente de surpresa.","Lazer, filmes, jogos e hobbies","browser","","","","public/data/extras.json","Gerar primeiro"
"E026","I'll send you the details in a minute.","Vou te mandar os detalhes em um minuto.","Celular, mensagens e conversas online","browser","","","","public/data/extras.json","Gerar primeiro"
"E027","Let's keep Saturday flexible for now.","Vamos deixar o sábado em aberto por enquanto.","Tempo, clima e organização de planos","browser","","","","public/data/extras.json","Gerar primeiro"
"E028","We found a workaround for the problem.","Encontramos uma solução alternativa para o problema.","Problemas, imprevistos e soluções","browser","","","","public/data/extras.json","Gerar primeiro"
"E029","You're really pushing your luck.","Você está mesmo abusando da sorte.","Humor, broncas e linguagem informal","browser","","","","public/data/extras.json","Gerar primeiro"
"E030","That being said, I think it's worth trying.","Dito isso, acho que vale a pena tentar.","Expressões coringa, conectores e conversa avançada","browser","","","","public/data/extras.json","Gerar primeiro"
"I001","Break a leg!","Boa sorte!","Expressões populares e idiomáticas","browser","","","","public/data/idioms.json","Gerar primeiro"
"I002","That's a piece of cake.","Isso é muito fácil.","Expressões populares e idiomáticas","browser","","","","public/data/idioms.json","Gerar primeiro"
"I003","I'm on the fence.","Estou indeciso.","Expressões populares e idiomáticas","browser","","","","public/data/idioms.json","Gerar primeiro"
"I004","It blew my mind.","Isso me impressionou demais.","Expressões populares e idiomáticas","browser","","","","public/data/idioms.json","Gerar primeiro"
"I005","I couldn't care less.","Eu não poderia me importar menos.","Expressões populares e idiomáticas","browser","","","","public/data/idioms.json","Gerar primeiro"
"I006","That's not my cup of tea.","Isso não faz meu estilo.","Expressões populares e idiomáticas","browser","","","","public/data/idioms.json","Gerar primeiro"
"I007","I'm over the moon.","Estou feliz da vida.","Expressões populares e idiomáticas","browser","","","","public/data/idioms.json","Gerar primeiro"
"I008","It rings a bell.","Isso me soa familiar.","Expressões populares e idiomáticas","browser","","","","public/data/idioms.json","Gerar primeiro"
"I009","You nailed it.","Você acertou em cheio.","Expressões populares e idiomáticas","browser","","","","public/data/idioms.json","Gerar primeiro"
"I010","I'm not buying it.","Não estou acreditando nisso.","Expressões populares e idiomáticas","browser","","","","public/data/idioms.json","Gerar primeiro"
"I011","That hit the spot.","Era exatamente o que eu precisava.","Expressões populares e idiomáticas","browser","","","","public/data/idioms.json","Gerar primeiro"
"I012","It's a no-brainer.","É uma decisão óbvia.","Expressões populares e idiomáticas","browser","","","","public/data/idioms.json","Gerar primeiro"
"I013","Let's call it a day.","Vamos encerrar por hoje.","Expressões populares e idiomáticas","browser","","","","public/data/idioms.json","Gerar primeiro"
"I014","We need to get the ball rolling.","Precisamos dar início.","Expressões populares e idiomáticas","browser","","","","public/data/idioms.json","Gerar primeiro"
"I015","I'll keep you in the loop.","Vou manter você informado.","Expressões populares e idiomáticas","browser","","","","public/data/idioms.json","Gerar primeiro"
"I016","Let's touch base tomorrow.","Vamos conversar rapidamente amanhã.","Expressões populares e idiomáticas","browser","","","","public/data/idioms.json","Gerar primeiro"
"I017","We have to think outside the box.","Temos que pensar de forma criativa.","Expressões populares e idiomáticas","browser","","","","public/data/idioms.json","Gerar primeiro"
"I018","It's up in the air.","Ainda está indefinido.","Expressões populares e idiomáticas","browser","","","","public/data/idioms.json","Gerar primeiro"
"I019","Let's cut to the chase.","Vamos direto ao ponto.","Expressões populares e idiomáticas","browser","","","","public/data/idioms.json","Gerar primeiro"
"I020","We're back to square one.","Voltamos à estaca zero.","Expressões populares e idiomáticas","browser","","","","public/data/idioms.json","Gerar primeiro"
"I021","I'll take it from here.","Eu assumo daqui para a frente.","Expressões populares e idiomáticas","browser","","","","public/data/idioms.json","Gerar primeiro"
"I022","Don't cut corners.","Não faça de qualquer jeito.","Expressões populares e idiomáticas","browser","","","","public/data/idioms.json","Gerar primeiro"
"I023","We're on the same page.","Estamos alinhados.","Expressões populares e idiomáticas","browser","","","","public/data/idioms.json","Gerar primeiro"
"I024","The ball is in your court.","Agora a decisão é sua.","Expressões populares e idiomáticas","browser","","","","public/data/idioms.json","Gerar primeiro"
"I025","We don't see eye to eye.","A gente não concorda.","Expressões populares e idiomáticas","browser","","","","public/data/idioms.json","Gerar primeiro"
"I026","Don't take it personally.","Não leve para o lado pessoal.","Expressões populares e idiomáticas","browser","","","","public/data/idioms.json","Gerar primeiro"
"I027","We need to clear the air.","Precisamos esclarecer as coisas.","Expressões populares e idiomáticas","browser","","","","public/data/idioms.json","Gerar primeiro"
"I028","She gave me the cold shoulder.","Ela me tratou com frieza.","Expressões populares e idiomáticas","browser","","","","public/data/idioms.json","Gerar primeiro"
"I029","He gets on my nerves.","Ele me irrita.","Expressões populares e idiomáticas","browser","","","","public/data/idioms.json","Gerar primeiro"
"I030","We're on good terms.","Estamos de bem.","Expressões populares e idiomáticas","browser","","","","public/data/idioms.json","Gerar primeiro"
"I031","I have a soft spot for her.","Tenho um carinho especial por ela.","Expressões populares e idiomáticas","browser","","","","public/data/idioms.json","Gerar primeiro"
"I032","He stabbed me in the back.","Ele me traiu.","Expressões populares e idiomáticas","browser","","","","public/data/idioms.json","Gerar primeiro"
"I033","Let's agree to disagree.","Vamos aceitar que discordamos.","Expressões populares e idiomáticas","browser","","","","public/data/idioms.json","Gerar primeiro"
"I034","We're in the same boat.","Estamos na mesma situação.","Expressões populares e idiomáticas","browser","","","","public/data/idioms.json","Gerar primeiro"
"I035","Give me a break.","Ah, me poupe.","Expressões populares e idiomáticas","browser","","","","public/data/idioms.json","Gerar primeiro"
"I036","I owe you one.","Fico te devendo essa.","Expressões populares e idiomáticas","browser","","","","public/data/idioms.json","Gerar primeiro"
"I037","We're in hot water.","Estamos encrencados.","Expressões populares e idiomáticas","browser","","","","public/data/idioms.json","Gerar primeiro"
"I038","It was a close call.","Foi por pouco.","Expressões populares e idiomáticas","browser","","","","public/data/idioms.json","Gerar primeiro"
"I039","That was the last straw.","Essa foi a gota d'água.","Expressões populares e idiomáticas","browser","","","","public/data/idioms.json","Gerar primeiro"
"I040","We'll cross that bridge when we come to it.","Vamos resolver isso quando chegar a hora.","Expressões populares e idiomáticas","browser","","","","public/data/idioms.json","Gerar primeiro"
"I041","Don't add fuel to the fire.","Não piore a situação.","Expressões populares e idiomáticas","browser","","","","public/data/idioms.json","Gerar primeiro"
"I042","I'm in a tight spot.","Estou numa situação difícil.","Expressões populares e idiomáticas","browser","","","","public/data/idioms.json","Gerar primeiro"
"I043","Let's get to the bottom of this.","Vamos descobrir o que realmente aconteceu.","Expressões populares e idiomáticas","browser","","","","public/data/idioms.json","Gerar primeiro"
"I044","That ship has sailed.","Essa oportunidade já passou.","Expressões populares e idiomáticas","browser","","","","public/data/idioms.json","Gerar primeiro"
"I045","It's a blessing in disguise.","Foi algo bom disfarçado de problema.","Expressões populares e idiomáticas","browser","","","","public/data/idioms.json","Gerar primeiro"
"I046","We're not out of the woods yet.","Ainda não saímos do perigo.","Expressões populares e idiomáticas","browser","","","","public/data/idioms.json","Gerar primeiro"
"I047","I bit off more than I could chew.","Assumi mais do que consigo dar conta.","Expressões populares e idiomáticas","browser","","","","public/data/idioms.json","Gerar primeiro"
"I048","Let's play it by ear.","Vamos decidir na hora.","Expressões populares e idiomáticas","browser","","","","public/data/idioms.json","Gerar primeiro"
"I049","What's up?","E aí?","Expressões populares e idiomáticas","browser","","","","public/data/idioms.json","Gerar primeiro"
"I050","I'm down.","Eu topo.","Expressões populares e idiomáticas","browser","","","","public/data/idioms.json","Gerar primeiro"
"I051","My bad.","Foi mal.","Expressões populares e idiomáticas","browser","","","","public/data/idioms.json","Gerar primeiro"
"I052","No big deal.","Não é nada demais.","Expressões populares e idiomáticas","browser","","","","public/data/idioms.json","Gerar primeiro"
"I053","Hang in there.","Aguente firme.","Expressões populares e idiomáticas","browser","","","","public/data/idioms.json","Gerar primeiro"
"I054","I'm beat.","Estou acabado.","Expressões populares e idiomáticas","browser","","","","public/data/idioms.json","Gerar primeiro"
"I055","I'm broke.","Estou sem dinheiro.","Expressões populares e idiomáticas","browser","","","","public/data/idioms.json","Gerar primeiro"
"I056","That was a rip-off.","Isso foi um roubo.","Expressões populares e idiomáticas","browser","","","","public/data/idioms.json","Gerar primeiro"
"I057","You got this.","Você consegue.","Expressões populares e idiomáticas","browser","","","","public/data/idioms.json","Gerar primeiro"
"I058","I'm just messing with you.","Estou só brincando com você.","Expressões populares e idiomáticas","browser","","","","public/data/idioms.json","Gerar primeiro"
"I059","Let's wrap it up.","Vamos concluir.","Expressões populares e idiomáticas","browser","","","","public/data/idioms.json","Gerar primeiro"
"I060","It slipped my mind.","Eu esqueci completamente.","Expressões populares e idiomáticas","browser","","","","public/data/idioms.json","Gerar primeiro"
"I061","I'm all ears.","Sou todo ouvidos.","Expressões populares e idiomáticas","browser","","","","public/data/idioms.json","Gerar primeiro"
"I062","Spill the beans.","Conte o segredo.","Expressões populares e idiomáticas","browser","","","","public/data/idioms.json","Gerar primeiro"
"I063","Call me when you get a chance.","Me ligue quando puder.","Expressões populares e idiomáticas","browser","","","","public/data/idioms.json","Gerar primeiro"
"I064","I'll take a rain check.","Fica para uma próxima.","Expressões populares e idiomáticas","browser","","","","public/data/idioms.json","Gerar primeiro"
"EXP-001","Read the room.","Perceba o clima antes de agir.","33","browser","","","","public/data/idioms.json","Gerar primeiro"
"EXP-002","That's beside the point.","Isso foge do ponto principal.","32","browser","","","","public/data/idioms.json","Gerar primeiro"
"EXP-003","Take it with a grain of salt.","Não aceite isso sem certa desconfiança.","32","browser","","","","public/data/idioms.json","Gerar primeiro"
"EXP-004","The ball is in your court.","Agora a decisão ou ação depende de você.","33","browser","","","","public/data/idioms.json","Gerar primeiro"
"EXP-005","Don't hold your breath.","Não espere que isso aconteça tão cedo.","32","browser","","","","public/data/idioms.json","Gerar primeiro"
"EXP-006","It comes with the territory.","Isso faz parte da função ou situação.","32","browser","","","","public/data/idioms.json","Gerar primeiro"
"EXP-007","We dodged a bullet.","Escapamos por pouco de um problema sério.","33","browser","","","","public/data/idioms.json","Gerar primeiro"
"EXP-008","You're preaching to the choir.","Você está tentando convencer quem já concorda.","32","browser","","","","public/data/idioms.json","Gerar primeiro"
"EXP-009","Let's not get ahead of ourselves.","Não vamos nos precipitar.","32","browser","","","","public/data/idioms.json","Gerar primeiro"
"EXP-010","That ship has sailed.","Essa oportunidade já passou.","33","browser","","","","public/data/idioms.json","Gerar primeiro"
"EXP-011","It's a slippery slope.","Isso pode abrir caminho para consequências cada vez piores.","32","browser","","","","public/data/idioms.json","Gerar primeiro"
"EXP-012","We'll cross that bridge when we come to it.","Resolveremos isso quando acontecer.","32","browser","","","","public/data/idioms.json","Gerar primeiro"
"EXP-013","Let's play it by ear.","Vamos decidir conforme a situação evoluir.","33","browser","","","","public/data/idioms.json","Gerar primeiro"
"EXP-014","It doesn't add up.","Isso não faz sentido ou não fecha.","32","browser","","","","public/data/idioms.json","Gerar primeiro"
"EXP-015","I can live with that.","Consigo aceitar esse acordo.","32","browser","","","","public/data/idioms.json","Gerar primeiro"
"EXP-016","That's a stretch.","Essa afirmação é forçada.","33","browser","","","","public/data/idioms.json","Gerar primeiro"
"EXP-017","You're moving the goalposts.","Você está mudando o critério no meio da discussão.","32","browser","","","","public/data/idioms.json","Gerar primeiro"
"EXP-018","Let's agree to disagree.","Vamos aceitar que não chegaremos a um acordo.","32","browser","","","","public/data/idioms.json","Gerar primeiro"
"EXP-019","That cuts both ways.","Esse argumento vale para os dois lados.","33","browser","","","","public/data/idioms.json","Gerar primeiro"
"EXP-020","Don't put words in my mouth.","Não diga que eu falei algo que não falei.","32","browser","","","","public/data/idioms.json","Gerar primeiro"
"EXP-021","I wouldn't go that far.","Eu não afirmaria algo tão forte.","32","browser","","","","public/data/idioms.json","Gerar primeiro"
"EXP-022","For what it's worth...","Se isso servir de alguma coisa...","33","browser","","","","public/data/idioms.json","Gerar primeiro"
"EXP-023","Be that as it may...","Seja como for...","32","browser","","","","public/data/idioms.json","Gerar primeiro"
"EXP-024","Having said that...","Dito isso...","32","browser","","","","public/data/idioms.json","Gerar primeiro"
"EXP-025","To put it mildly...","Para dizer o mínimo...","33","browser","","","","public/data/idioms.json","Gerar primeiro"
"EXP-026","If push comes to shove...","Se a situação chegar ao limite...","32","browser","","","","public/data/idioms.json","Gerar primeiro"
"EXP-027","You're splitting hairs.","Você está discutindo diferenças insignificantes.","32","browser","","","","public/data/idioms.json","Gerar primeiro"
"EXP-028","That's neither here nor there.","Isso não é relevante para a questão.","33","browser","","","","public/data/idioms.json","Gerar primeiro"
"EXP-029","We need to draw a line.","Precisamos estabelecer um limite.","32","browser","","","","public/data/idioms.json","Gerar primeiro"
"EXP-030","Let's clear the air.","Vamos esclarecer a tensão entre nós.","32","browser","","","","public/data/idioms.json","Gerar primeiro"
"EXP-031","I hear where you're coming from.","Entendo a perspectiva que levou você a isso.","33","browser","","","","public/data/idioms.json","Gerar primeiro"
"EXP-032","That's a loaded question.","Essa pergunta já carrega uma suposição.","32","browser","","","","public/data/idioms.json","Gerar primeiro"
"EXP-033","The writing is on the wall.","Os sinais do que vai acontecer já estão claros.","32","browser","","","","public/data/idioms.json","Gerar primeiro"
"EXP-034","You hit the nail on the head.","Você identificou exatamente o ponto.","33","browser","","","","public/data/idioms.json","Gerar primeiro"
"EXP-035","It's not set in stone.","Ainda pode mudar.","32","browser","","","","public/data/idioms.json","Gerar primeiro"
"EXP-036","Let's cut to the chase.","Vamos direto ao assunto.","32","browser","","","","public/data/idioms.json","Gerar primeiro"
"EXP-037","That's a hill I'm willing to die on.","Esse é um princípio do qual não abro mão.","33","browser","","","","public/data/idioms.json","Gerar primeiro"
"EXP-038","I'll take your word for it.","Vou confiar no que você está dizendo.","32","browser","","","","public/data/idioms.json","Gerar primeiro"
"EXP-039","We're on the same page.","Estamos alinhados.","32","browser","","","","public/data/idioms.json","Gerar primeiro"
"EXP-040","It fell through the cracks.","Isso acabou esquecido no processo.","33","browser","","","","public/data/idioms.json","Gerar primeiro"
"EXP-041","Don't sweep it under the rug.","Não esconda o problema.","32","browser","","","","public/data/idioms.json","Gerar primeiro"
"EXP-042","Let's put a pin in it.","Vamos pausar esse assunto para retomar depois.","32","browser","","","","public/data/idioms.json","Gerar primeiro"
"EXP-043","I'm drawing a blank.","Não consigo me lembrar.","33","browser","","","","public/data/idioms.json","Gerar primeiro"
"EXP-044","That's the last straw.","Essa foi a gota d'água.","32","browser","","","","public/data/idioms.json","Gerar primeiro"
"EXP-045","It was a wake-up call.","Foi um alerta que me fez mudar.","32","browser","","","","public/data/idioms.json","Gerar primeiro"
"EXP-046","Let's take a step back.","Vamos recuar e olhar o quadro geral.","33","browser","","","","public/data/idioms.json","Gerar primeiro"
"EXP-047","I'm not out of the woods yet.","Ainda não saí da situação difícil.","32","browser","","","","public/data/idioms.json","Gerar primeiro"
"EXP-048","That opened a can of worms.","Isso criou vários problemas complicados.","32","browser","","","","public/data/idioms.json","Gerar primeiro"
"EXP-049","We'll have to bite the bullet.","Teremos que enfrentar a parte desagradável.","33","browser","","","","public/data/idioms.json","Gerar primeiro"
"EXP-050","I'm just spitballing.","Estou apenas jogando ideias sem compromisso.","32","browser","","","","public/data/idioms.json","Gerar primeiro"
"EXP-051","That's above my pay grade.","Isso está além da minha autoridade.","32","browser","","","","public/data/idioms.json","Gerar primeiro"
"EXP-052","No hard feelings.","Sem ressentimentos.","33","browser","","","","public/data/idioms.json","Gerar primeiro"
"EXP-053","You do you.","Faça do seu jeito.","32","browser","","","","public/data/idioms.json","Gerar primeiro"
"EXP-054","I'm all ears.","Estou ouvindo com toda atenção.","32","browser","","","","public/data/idioms.json","Gerar primeiro"
"EXP-055","Give me the benefit of the doubt.","Presuma boa-fé até haver prova contrária.","33","browser","","","","public/data/idioms.json","Gerar primeiro"
"EXP-056","It is what it is.","A situação é essa e não adianta negar.","32","browser","","","","public/data/idioms.json","Gerar primeiro"
"ADV-001","So they gave the role to someone from outside after all.","Então deram o cargo para alguém de fora mesmo.","Nuance e argumentação · C1","browser","","","","public/data/advanced.json","Gerar primeiro"
"ADV-002","That's rough. Did they at least explain their reasoning?","Que barra. Pelo menos explicaram o raciocínio?","Nuance e argumentação · C1","browser","","","","public/data/advanced.json","Gerar primeiro"
"ADV-003","They said I was invaluable where I am, which felt like a polite way of trapping me there.","Disseram que sou indispensável onde estou, o que pareceu um jeito educado de me prender ali.","Nuance e argumentação · C1","browser","","","","public/data/advanced.json","Gerar primeiro"
"ADV-004","I'd ask what concrete milestones would put you in line for the next opening.","Eu perguntaria quais metas concretas colocariam você na fila da próxima vaga.","Nuance e argumentação · C1","browser","","","","public/data/advanced.json","Gerar primeiro"
"ADV-005","The rollback stopped the errors, but we still don't know what triggered them.","O rollback parou os erros, mas ainda não sabemos o que os disparou.","Nuance e argumentação · C1","browser","","","","public/data/advanced.json","Gerar primeiro"
"ADV-006","The timing lines up with the cache migration, though correlation isn't proof.","O horário coincide com a migração do cache, embora correlação não seja prova.","Nuance e argumentação · C1","browser","","","","public/data/advanced.json","Gerar primeiro"
"ADV-007","Agreed. Let's preserve the logs before anything gets rotated.","Concordo. Vamos preservar os logs antes que sejam rotacionados.","Nuance e argumentação · C1","browser","","","","public/data/advanced.json","Gerar primeiro"
"ADV-008","I'll draft the incident timeline while you isolate the failing requests.","Vou montar a linha do tempo do incidente enquanto você isola as requisições com falha.","Nuance e argumentação · C1","browser","","","","public/data/advanced.json","Gerar primeiro"
"ADV-009","The range for this position tops out below the figure you mentioned.","A faixa desta vaga termina abaixo do valor que você mencionou.","Nuance e argumentação · C1","browser","","","","public/data/advanced.json","Gerar primeiro"
"ADV-010","I understand. My expectation reflects the scope and the results I've delivered in similar roles.","Entendo. Minha expectativa reflete o escopo e os resultados que entreguei em funções parecidas.","Nuance e argumentação · C1","browser","","","","public/data/advanced.json","Gerar primeiro"
"ADV-011","Would you consider a lower base with a six-month compensation review?","Você consideraria um salário-base menor com revisão em seis meses?","Nuance e argumentação · C1","browser","","","","public/data/advanced.json","Gerar primeiro"
"ADV-012","Potentially, provided the targets and adjustment are documented in the offer.","Possivelmente, desde que as metas e o reajuste estejam documentados na proposta.","Nuance e argumentação · C1","browser","","","","public/data/advanced.json","Gerar primeiro"
"ADV-013","I'm not asking for constant updates, but you vanished when I needed you.","Não estou pedindo notícias o tempo todo, mas você sumiu quando precisei de você.","Nuance e argumentação · C1","browser","","","","public/data/advanced.json","Gerar primeiro"
"ADV-014","You're right. I saw the messages and kept postponing an answer until it felt awkward.","Você tem razão. Vi as mensagens e fui adiando uma resposta até ficar constrangedor.","Nuance e argumentação · C1","browser","","","","public/data/advanced.json","Gerar primeiro"
"ADV-015","I'd rather get a clumsy reply than silence.","Eu preferiria uma resposta atrapalhada ao silêncio.","Nuance e argumentação · C1","browser","","","","public/data/advanced.json","Gerar primeiro"
"ADV-016","That's fair. I handled it badly, and I'm sorry.","Justo. Eu lidei mal com isso e sinto muito.","Nuance e argumentação · C1","browser","","","","public/data/advanced.json","Gerar primeiro"
"ADV-017","It's never just one plate. It's me having to notice everything before you do.","Nunca é só um prato. Sou eu tendo que perceber tudo antes de você.","Nuance e argumentação · C1","browser","","","","public/data/advanced.json","Gerar primeiro"
"ADV-018","I do notice things. I just don't always treat them as urgent.","Eu percebo as coisas. Só não trato tudo como urgente.","Nuance e argumentação · C1","browser","","","","public/data/advanced.json","Gerar primeiro"
"ADV-019","But when you wait, the mental load still lands on me.","Mas quando você espera, a carga mental continua caindo em mim.","Nuance e argumentação · C1","browser","","","","public/data/advanced.json","Gerar primeiro"
"ADV-020","Okay. Let's divide ownership, not just individual chores.","Certo. Vamos dividir a responsabilidade, não só tarefas isoladas.","Nuance e argumentação · C1","browser","","","","public/data/advanced.json","Gerar primeiro"
"ADV-021","The aggregate accuracy looks impressive, but it masks a sharp drop for smaller groups.","A precisão agregada parece impressionante, mas esconde uma queda forte para grupos menores.","Precisão e subtexto · C2","browser","","","","public/data/advanced.json","Gerar primeiro"
"ADV-022","Delaying the launch has a cost too, especially if the current process is already unfair.","Adiar o lançamento também tem um custo, principalmente se o processo atual já é injusto.","Precisão e subtexto · C2","browser","","","","public/data/advanced.json","Gerar primeiro"
"ADV-023","True, but replacing one opaque failure with another isn't progress we can defend.","Verdade, mas trocar uma falha opaca por outra não é um progresso que possamos defender.","Precisão e subtexto · C2","browser","","","","public/data/advanced.json","Gerar primeiro"
"ADV-024","Then we need thresholds, monitoring, and a rollback plan before approval.","Então precisamos de limites, monitoramento e um plano de reversão antes da aprovação.","Precisão e subtexto · C2","browser","","","","public/data/advanced.json","Gerar primeiro"
"ADV-025","Your presentation didn't quite land with the room.","Sua apresentação não funcionou muito bem com o público.","Nuance e argumentação · C1","browser","","","","public/data/advanced.json","Gerar primeiro"
"ADV-026","Could you point to a moment where I lost them?","Você poderia apontar um momento em que perdi a atenção deles?","Nuance e argumentação · C1","browser","","","","public/data/advanced.json","Gerar primeiro"
"ADV-027","The recommendation arrived before the evidence, so people were still debating the premise.","A recomendação veio antes das evidências, então as pessoas ainda discutiam a premissa.","Nuance e argumentação · C1","browser","","","","public/data/advanced.json","Gerar primeiro"
"ADV-028","That helps. Next time I'll establish the trade-offs before proposing a direction.","Isso ajuda. Da próxima vez vou estabelecer as concessões antes de propor uma direção.","Nuance e argumentação · C1","browser","","","","public/data/advanced.json","Gerar primeiro"
"ADV-029","I like what we have, but the ambiguity is starting to wear me down.","Gosto do que temos, mas a ambiguidade está começando a me desgastar.","Nuance e argumentação · C1","browser","","","","public/data/advanced.json","Gerar primeiro"
"ADV-030","I thought keeping it undefined took the pressure off.","Achei que não definir tirava a pressão.","Nuance e argumentação · C1","browser","","","","public/data/advanced.json","Gerar primeiro"
"ADV-031","At first it did. Now it feels like we're avoiding a conversation.","No começo tirava. Agora parece que estamos evitando uma conversa.","Nuance e argumentação · C1","browser","","","","public/data/advanced.json","Gerar primeiro"
"ADV-032","Then let's be honest about what commitment would mean to each of us.","Então vamos ser honestos sobre o que compromisso significaria para cada um.","Nuance e argumentação · C1","browser","","","","public/data/advanced.json","Gerar primeiro"
"ADV-033","We still need the full launch by Friday.","Ainda precisamos do lançamento completo até sexta.","Nuance e argumentação · C1","browser","","","","public/data/advanced.json","Gerar primeiro"
"ADV-034","With the new requirements, Friday is only realistic if we reduce the first release.","Com os novos requisitos, sexta só é realista se reduzirmos a primeira versão.","Nuance e argumentação · C1","browser","","","","public/data/advanced.json","Gerar primeiro"
"ADV-035","What can you guarantee without compromising stability?","O que você pode garantir sem comprometer a estabilidade?","Nuance e argumentação · C1","browser","","","","public/data/advanced.json","Gerar primeiro"
"ADV-036","The core workflow and payments, with reporting delivered the following week.","O fluxo principal e os pagamentos, com os relatórios entregues na semana seguinte.","Nuance e argumentação · C1","browser","","","","public/data/advanced.json","Gerar primeiro"
"ADV-037","The data support an association, but the paper repeatedly implies causation.","Os dados sustentam uma associação, mas o artigo insinua causalidade repetidamente.","Precisão e subtexto · C2","browser","","","","public/data/advanced.json","Gerar primeiro"
"ADV-038","The longitudinal design makes that inference plausible, albeit not definitive.","O desenho longitudinal torna essa inferência plausível, embora não definitiva.","Precisão e subtexto · C2","browser","","","","public/data/advanced.json","Gerar primeiro"
"ADV-039","Plausible isn't the same as demonstrated, particularly with that attrition rate.","Plausível não é o mesmo que demonstrado, especialmente com essa taxa de desistência.","Precisão e subtexto · C2","browser","","","","public/data/advanced.json","Gerar primeiro"
"ADV-040","Then the conclusion should be narrowed and the limitation made explicit.","Então a conclusão deve ser restringida e a limitação explicitada.","Precisão e subtexto · C2","browser","","","","public/data/advanced.json","Gerar primeiro"
"ADV-041","You kept calling it a joke after I told you it bothered me.","Você continuou chamando de brincadeira depois que eu disse que me incomodava.","Nuance e argumentação · C1","browser","","","","public/data/advanced.json","Gerar primeiro"
"ADV-042","I got defensive because I felt accused in front of everyone.","Fiquei na defensiva porque me senti acusado na frente de todo mundo.","Nuance e argumentação · C1","browser","","","","public/data/advanced.json","Gerar primeiro"
"ADV-043","Intent matters, but so does what you do once you know the impact.","A intenção importa, mas também o que você faz depois de saber o impacto.","Nuance e argumentação · C1","browser","","","","public/data/advanced.json","Gerar primeiro"
"ADV-044","You're right. I should've stopped instead of trying to win the argument.","Você tem razão. Eu deveria ter parado em vez de tentar vencer a discussão.","Nuance e argumentação · C1","browser","","","","public/data/advanced.json","Gerar primeiro"
"ADV-045","Just because we can retain every event doesn't mean we should.","Só porque podemos reter cada evento não significa que devemos.","Precisão e subtexto · C2","browser","","","","public/data/advanced.json","Gerar primeiro"
"ADV-046","More history would make future analysis considerably easier.","Mais histórico tornaria análises futuras bem mais fáceis.","Precisão e subtexto · C2","browser","","","","public/data/advanced.json","Gerar primeiro"
"ADV-047","Convenience is a weak justification for indefinite surveillance.","Conveniência é uma justificativa fraca para vigilância indefinida.","Precisão e subtexto · C2","browser","","","","public/data/advanced.json","Gerar primeiro"
"ADV-048","Fair point. Let's define a purpose and retention window for every field.","Justo. Vamos definir finalidade e prazo de retenção para cada campo.","Precisão e subtexto · C2","browser","","","","public/data/advanced.json","Gerar primeiro"
"ADV-049","We're circling the same issue without making a decision.","Estamos girando em torno do mesmo problema sem decidir.","Nuance e argumentação · C1","browser","","","","public/data/advanced.json","Gerar primeiro"
"ADV-050","Because we're mixing today's choice with every possible future scenario.","Porque estamos misturando a escolha de hoje com todo cenário futuro possível.","Nuance e argumentação · C1","browser","","","","public/data/advanced.json","Gerar primeiro"
"ADV-051","Let's decide what is reversible and test that first.","Vamos decidir o que é reversível e testar isso primeiro.","Nuance e argumentação · C1","browser","","","","public/data/advanced.json","Gerar primeiro"
"ADV-052","Works for me. I'll capture the unresolved risks for later.","Por mim, ótimo. Vou registrar os riscos não resolvidos para depois.","Nuance e argumentação · C1","browser","","","","public/data/advanced.json","Gerar primeiro"
"ADV-053","I know it's late, but could you stay on for a few more hours?","Sei que está tarde, mas você poderia ficar mais algumas horas?","Nuance e argumentação · C1","browser","","","","public/data/advanced.json","Gerar primeiro"
"ADV-054","I can help with a genuine emergency, but this has become the weekly routine.","Posso ajudar numa emergência real, mas isso virou rotina semanal.","Nuance e argumentação · C1","browser","","","","public/data/advanced.json","Gerar primeiro"
"ADV-055","We're short-staffed until the new hire starts.","Estamos com pouca gente até a nova contratação começar.","Nuance e argumentação · C1","browser","","","","public/data/advanced.json","Gerar primeiro"
"ADV-056","Then we should reduce commitments rather than rely on invisible overtime.","Então devemos reduzir compromissos em vez de depender de horas extras invisíveis.","Nuance e argumentação · C1","browser","","","","public/data/advanced.json","Gerar primeiro"
"ADV-057","When you wrote 'brilliant idea,' were you serious or being sarcastic?","Quando você escreveu 'ideia brilhante', estava falando sério ou sendo sarcástico?","Precisão e subtexto · C2","browser","","","","public/data/advanced.json","Gerar primeiro"
"ADV-058","Serious, actually. I can see how the period made it sound pointed.","Sério, na verdade. Entendo como o ponto final fez parecer provocação.","Precisão e subtexto · C2","browser","","","","public/data/advanced.json","Gerar primeiro"
"ADV-059","Text strips away the cues we'd normally use to read the tone.","Texto elimina as pistas que normalmente usamos para interpretar o tom.","Precisão e subtexto · C2","browser","","","","public/data/advanced.json","Gerar primeiro"
"ADV-060","I'll be less cryptic next time and save the deadpan delivery for voice chat.","Vou ser menos enigmático da próxima vez e deixar o humor seco para a chamada de voz.","Precisão e subtexto · C2","browser","","","","public/data/advanced.json","Gerar primeiro"
"ADV-061","If we improve the offer today, can you commit before speaking to the other company?","Se melhorarmos a proposta hoje, você pode se comprometer antes de falar com a outra empresa?","Precisão e subtexto · C2","browser","","","","public/data/advanced.json","Gerar primeiro"
"ADV-062","I appreciate the flexibility, but I don't want urgency to substitute for due diligence.","Agradeço a flexibilidade, mas não quero que a urgência substitua a análise cuidadosa.","Precisão e subtexto · C2","browser","","","","public/data/advanced.json","Gerar primeiro"
"ADV-063","What information would help you reach a decision?","Que informação ajudaria você a chegar a uma decisão?","Precisão e subtexto · C2","browser","","","","public/data/advanced.json","Gerar primeiro"
"ADV-064","Clarity on decision authority, team stability, and how success is evaluated.","Clareza sobre autonomia decisória, estabilidade da equipe e como o sucesso é avaliado.","Precisão e subtexto · C2","browser","","","","public/data/advanced.json","Gerar primeiro"
"ADV-065","The music has been coming through the wall after midnight all week.","A música tem atravessado a parede depois da meia-noite a semana toda.","Nuance e argumentação · C1","browser","","","","public/data/advanced.json","Gerar primeiro"
"ADV-066","I didn't realize it carried that much. Why didn't you say something sooner?","Eu não percebi que o som passava tanto. Por que não falou antes?","Nuance e argumentação · C1","browser","","","","public/data/advanced.json","Gerar primeiro"
"ADV-067","I was trying not to make a big deal of it, but I'm barely sleeping.","Eu estava tentando não transformar isso num problema, mas quase não durmo.","Nuance e argumentação · C1","browser","","","","public/data/advanced.json","Gerar primeiro"
"ADV-068","I'll move the speakers and use headphones after ten.","Vou mudar as caixas de lugar e usar fones depois das dez.","Nuance e argumentação · C1","browser","","","","public/data/advanced.json","Gerar primeiro"
"ADV-069","Every time I vent, you immediately tell me how to fix it.","Toda vez que desabafo, você logo me diz como resolver.","Nuance e argumentação · C1","browser","","","","public/data/advanced.json","Gerar primeiro"
"ADV-070","I thought solutions were how I showed I cared.","Achei que soluções eram como eu mostrava que me importava.","Nuance e argumentação · C1","browser","","","","public/data/advanced.json","Gerar primeiro"
"ADV-071","Sometimes I need help; sometimes I just need someone to stay with the feeling.","Às vezes preciso de ajuda; às vezes só preciso que alguém fique comigo naquele sentimento.","Nuance e argumentação · C1","browser","","","","public/data/advanced.json","Gerar primeiro"
"ADV-072","I'll ask which one you need before jumping in.","Vou perguntar de qual você precisa antes de me meter.","Nuance e argumentação · C1","browser","","","","public/data/advanced.json","Gerar primeiro"
"ADV-073","The demo is compelling, but it conveniently avoids our hardest constraints.","A demonstração convence, mas convenientemente evita nossas restrições mais difíceis.","Precisão e subtexto · C2","browser","","","","public/data/advanced.json","Gerar primeiro"
"ADV-074","Adoption is growing fast, which lowers the risk of being stranded.","A adoção cresce rápido, o que reduz o risco de ficarmos presos sem suporte.","Precisão e subtexto · C2","browser","","","","public/data/advanced.json","Gerar primeiro"
"ADV-075","Popularity reduces ecosystem risk; it says nothing about fitness for purpose.","Popularidade reduz o risco do ecossistema; não diz nada sobre adequação ao propósito.","Precisão e subtexto · C2","browser","","","","public/data/advanced.json","Gerar primeiro"
"ADV-076","Let's prototype the ugliest workload before making it a standard.","Vamos prototipar a carga mais difícil antes de transformá-la em padrão.","Precisão e subtexto · C2","browser","","","","public/data/advanced.json","Gerar primeiro"
"ADV-077","You tell that story as if Dad never showed up for us.","Você conta essa história como se o pai nunca tivesse aparecido por nós.","Precisão e subtexto · C2","browser","","","","public/data/advanced.json","Gerar primeiro"
"ADV-078","That's how it felt to me, even if your experience was different.","Foi assim que senti, mesmo que sua experiência tenha sido diferente.","Precisão e subtexto · C2","browser","","","","public/data/advanced.json","Gerar primeiro"
"ADV-079","I suppose I've been correcting your facts when you were describing an emotion.","Acho que venho corrigindo seus fatos quando você descrevia uma emoção.","Precisão e subtexto · C2","browser","","","","public/data/advanced.json","Gerar primeiro"
"ADV-080","And I've treated my memory as the only possible version.","E eu tratei minha memória como a única versão possível.","Precisão e subtexto · C2","browser","","","","public/data/advanced.json","Gerar primeiro"
"ADV-081","You presented my analysis as if it had come from the whole team.","Você apresentou minha análise como se tivesse vindo da equipe toda.","Nuance e argumentação · C1","browser","","","","public/data/advanced.json","Gerar primeiro"
"ADV-082","I was trying to keep the presentation concise, not erase your contribution.","Eu tentava manter a apresentação concisa, não apagar sua contribuição.","Nuance e argumentação · C1","browser","","","","public/data/advanced.json","Gerar primeiro"
"ADV-083","Then name the owner when the work is specific. Visibility affects my career.","Então cite a responsável quando o trabalho for específico. Visibilidade afeta minha carreira.","Nuance e argumentação · C1","browser","","","","public/data/advanced.json","Gerar primeiro"
"ADV-084","You're right. I'll correct the deck and acknowledge it in the follow-up.","Você tem razão. Vou corrigir a apresentação e reconhecer isso no retorno.","Nuance e argumentação · C1","browser","","","","public/data/advanced.json","Gerar primeiro"
"ADV-085","When you say 'I'm sorry you felt hurt,' it sounds like the problem is my reaction.","Quando você diz 'sinto muito que tenha se magoado', parece que o problema é minha reação.","Precisão e subtexto · C2","browser","","","","public/data/advanced.json","Gerar primeiro"
"ADV-086","I was trying to apologize without agreeing with every accusation.","Eu tentava pedir desculpas sem concordar com toda acusação.","Precisão e subtexto · C2","browser","","","","public/data/advanced.json","Gerar primeiro"
"ADV-087","You can own what you said without surrendering your whole perspective.","Você pode assumir o que disse sem abrir mão de toda a sua perspectiva.","Precisão e subtexto · C2","browser","","","","public/data/advanced.json","Gerar primeiro"
"ADV-088","Then I'm sorry I dismissed you and raised my voice. Both were wrong.","Então sinto muito por ter desconsiderado você e levantado a voz. As duas coisas foram erradas.","Precisão e subtexto · C2","browser","","","","public/data/advanced.json","Gerar primeiro"
"ADV-089","Can we say the feature eliminates manual review?","Podemos dizer que o recurso elimina a revisão manual?","Precisão e subtexto · C2","browser","","","","public/data/advanced.json","Gerar primeiro"
"ADV-090","Only for the happy path. Edge cases still require a person.","Só no fluxo ideal. Casos extremos ainda exigem uma pessoa.","Precisão e subtexto · C2","browser","","","","public/data/advanced.json","Gerar primeiro"
"ADV-091","'Reduces manual review' is accurate, but it lacks punch.","'Reduz a revisão manual' é preciso, mas falta impacto.","Precisão e subtexto · C2","browser","","","","public/data/advanced.json","Gerar primeiro"
"ADV-092","A punchy claim that fails in practice costs more than a modest one.","Uma promessa impactante que falha na prática custa mais que uma modesta.","Precisão e subtexto · C2","browser","","","","public/data/advanced.json","Gerar primeiro"
"ADV-093","I booked the room because everyone agreed on those dates.","Reservei o quarto porque todos concordaram com aquelas datas.","Nuance e argumentação · C1","browser","","","","public/data/advanced.json","Gerar primeiro"
"ADV-094","I know. My schedule changed, and I should've told you before suggesting a whole new plan.","Eu sei. Minha agenda mudou, e eu deveria ter avisado antes de sugerir outro plano inteiro.","Nuance e argumentação · C1","browser","","","","public/data/advanced.json","Gerar primeiro"
"ADV-095","I can adapt, but I don't want the cost and logistics to become my problem alone.","Posso me adaptar, mas não quero que custo e logística virem só meu problema.","Nuance e argumentação · C1","browser","","","","public/data/advanced.json","Gerar primeiro"
"ADV-096","They won't. I'll handle the change fee and find equivalent options.","Não vão. Vou cuidar da taxa de mudança e achar opções equivalentes.","Nuance e argumentação · C1","browser","","","","public/data/advanced.json","Gerar primeiro"
"ADV-097","Asking why users dislike the update assumes dislike before they answer.","Perguntar por que usuários não gostam da atualização presume rejeição antes da resposta.","Precisão e subtexto · C2","browser","","","","public/data/advanced.json","Gerar primeiro"
"ADV-098","But complaints are the reason we're running the interviews.","Mas as reclamações são o motivo das entrevistas.","Precisão e subtexto · C2","browser","","","","public/data/advanced.json","Gerar primeiro"
"ADV-099","They're a signal, not a representative sample of every user.","Elas são um sinal, não uma amostra representativa de todo usuário.","Precisão e subtexto · C2","browser","","","","public/data/advanced.json","Gerar primeiro"
"ADV-100","I'll ask what changed in their experience and let the evaluation emerge.","Vou perguntar o que mudou na experiência e deixar a avaliação surgir.","Precisão e subtexto · C2","browser","","","","public/data/advanced.json","Gerar primeiro"
"ADV-101","I think the line starts back there, though it's honestly hard to tell.","Acho que a fila começa lá atrás, embora seja difícil saber.","Nuance e argumentação · C1","browser","","","","public/data/advanced.json","Gerar primeiro"
"ADV-102","Oh, sorry. I thought you were all waiting for mobile orders.","Ah, desculpe. Achei que vocês esperavam pedidos pelo aplicativo.","Nuance e argumentação · C1","browser","","","","public/data/advanced.json","Gerar primeiro"
"ADV-103","No worries. This place could use a sign and maybe an air traffic controller.","Sem problema. Este lugar precisava de uma placa e talvez de um controlador de tráfego aéreo.","Nuance e argumentação · C1","browser","","","","public/data/advanced.json","Gerar primeiro"
"ADV-104","At least confusion is giving strangers something to talk about.","Pelo menos a confusão está dando assunto para desconhecidos.","Nuance e argumentação · C1","browser","","","","public/data/advanced.json","Gerar primeiro"
"ADV-105","We've decided to stop funding the project at the end of the quarter.","Decidimos parar de financiar o projeto no fim do trimestre.","Precisão e subtexto · C2","browser","","","","public/data/advanced.json","Gerar primeiro"
"ADV-106","Is that a judgment on the work, or did the strategy change?","Isso é um julgamento do trabalho ou a estratégia mudou?","Precisão e subtexto · C2","browser","","","","public/data/advanced.json","Gerar primeiro"
"ADV-107","The work was strong. The market assumptions underneath it no longer hold.","O trabalho foi forte. As premissas de mercado por trás dele não se sustentam mais.","Precisão e subtexto · C2","browser","","","","public/data/advanced.json","Gerar primeiro"
"ADV-108","Then please say that plainly when you tell the wider team.","Então diga isso claramente quando contar à equipe inteira.","Precisão e subtexto · C2","browser","","","","public/data/advanced.json","Gerar primeiro"
"ADV-109","That headline is outrageous, but the account posting it was created yesterday.","A manchete é revoltante, mas a conta que a publicou foi criada ontem.","Nuance e argumentação · C1","browser","","","","public/data/advanced.json","Gerar primeiro"
"ADV-110","The screenshot looks convincing. Could the original have been deleted?","A captura parece convincente. Será que o original foi apagado?","Nuance e argumentação · C1","browser","","","","public/data/advanced.json","Gerar primeiro"
"ADV-111","Possibly, but none of the established outlets mention it.","É possível, mas nenhum veículo estabelecido menciona isso.","Nuance e argumentação · C1","browser","","","","public/data/advanced.json","Gerar primeiro"
"ADV-112","I'll hold off sharing until we can trace the claim to a primary source.","Vou esperar para compartilhar até rastrearmos a alegação a uma fonte primária.","Nuance e argumentação · C1","browser","","","","public/data/advanced.json","Gerar primeiro"
"ADV-113","You keep bringing up that favor whenever I disagree with you.","Você continua mencionando aquele favor sempre que discordo de você.","Precisão e subtexto · C2","browser","","","","public/data/advanced.json","Gerar primeiro"
"ADV-114","I mention it because lately the friendship feels one-sided.","Menciono porque ultimamente a amizade parece unilateral.","Precisão e subtexto · C2","browser","","","","public/data/advanced.json","Gerar primeiro"
"ADV-115","Then talk about reciprocity directly instead of turning help into debt.","Então fale de reciprocidade diretamente em vez de transformar ajuda em dívida.","Precisão e subtexto · C2","browser","","","","public/data/advanced.json","Gerar primeiro"
"ADV-116","That's fair. I let resentment leak out sideways.","Justo. Deixei o ressentimento escapar de forma indireta.","Precisão e subtexto · C2","browser","","","","public/data/advanced.json","Gerar primeiro"
"ADV-117","If we wait for certainty, a competitor may learn faster than we do.","Se esperarmos certeza, um concorrente pode aprender mais rápido que nós.","Nuance e argumentação · C1","browser","","","","public/data/advanced.json","Gerar primeiro"
"ADV-118","Speed matters, but only if the experiment can actually disprove your belief.","Velocidade importa, mas só se o experimento puder realmente refutar sua crença.","Nuance e argumentação · C1","browser","","","","public/data/advanced.json","Gerar primeiro"
"ADV-119","So a limited launch with a measurable stop condition?","Então um lançamento limitado com uma condição mensurável de parada?","Nuance e argumentação · C1","browser","","","","public/data/advanced.json","Gerar primeiro"
"ADV-120","Exactly. Commit to learning before you commit to scaling.","Exatamente. Comprometa-se com aprender antes de se comprometer com escalar.","Nuance e argumentação · C1","browser","","","","public/data/advanced.json","Gerar primeiro"
"ADV-121","He said the proposal was 'interesting' and asked us to revisit it next quarter.","Ele disse que a proposta era 'interessante' e pediu para retomá-la no próximo trimestre.","Precisão e subtexto · C2","browser","","","","public/data/advanced.json","Gerar primeiro"
"ADV-122","In that context, 'interesting' sounds less like praise than a graceful exit.","Nesse contexto, 'interessante' soa menos como elogio e mais como uma saída elegante.","Precisão e subtexto · C2","browser","","","","public/data/advanced.json","Gerar primeiro"
"ADV-123","That's how I heard it, but I don't want to overread one word.","Foi assim que ouvi, mas não quero interpretar demais uma palavra.","Precisão e subtexto · C2","browser","","","","public/data/advanced.json","Gerar primeiro"
"ADV-124","Look at the action attached to it: no owner, no date, no next step.","Olhe para a ação ligada a ela: sem responsável, data ou próximo passo.","Precisão e subtexto · C2","browser","","","","public/data/advanced.json","Gerar primeiro"
